<?xml version="1.0" encoding="UTF-8"?>
<jcr:root xmlns:sling="http://sling.apache.org/jcr/sling/1.0" xmlns:cq="http://www.day.com/jcr/cq/1.0" xmlns:jcr="http://www.jcp.org/jcr/1.0" xmlns:nt="http://www.jcp.org/jcr/nt/1.0"
    jcr:primaryType="nt:unstructured"
    sling:resourceType="cq/gui/components/authoring/dialog">
    <content
        jcr:primaryType="nt:unstructured"
        sling:resourceType="granite/ui/components/foundation/container">
        <layout
            jcr:primaryType="nt:unstructured"
            sling:resourceType="granite/ui/components/foundation/layouts/tabs"
            type="nav"/>
        <items jcr:primaryType="nt:unstructured">
            <allnews
                jcr:primaryType="nt:unstructured"
                jcr:title="Configuration"
                sling:resourceType="granite/ui/components/foundation/container">
                <layout
                    jcr:primaryType="nt:unstructured"
                    sling:resourceType="granite/ui/components/foundation/layouts/fixedcolumns"/>
                <items jcr:primaryType="nt:unstructured">
                    <columns
                        jcr:primaryType="nt:unstructured"
                        sling:resourceType="granite/ui/components/foundation/container">
                        <items jcr:primaryType="nt:unstructured">
                            <select_listType
                                jcr:primaryType="nt:unstructured"
                                sling:resourceType="granite/ui/components/coral/foundation/form/select"
                                fieldLabel="Select your List Type"
                                name="./style">
                                <items jcr:primaryType="nt:unstructured">
                                    <allnews
                                        jcr:primaryType="nt:unstructured"
                                        text="All News"
                                        value="all"/>
                                    <life
                                        jcr:primaryType="nt:unstructured"
                                        text="Life News"
                                        value="life"/>
                                    <ltc
                                        jcr:primaryType="nt:unstructured"
                                        text="LTC News"
                                        value="ltcnews"/>
                                </items>
                            </select_listType>
                            <isMyNews
                                jcr:primaryType="nt:unstructured"
                                sling:resourceType="granite/ui/components/coral/foundation/form/checkbox"
                                fieldDescription="Personalize news results"
                                fieldLabel="My News"
                                name="./ismynews"
                                text="My News"
                                value="true"/>
                            <newslimit
                                jcr:primaryType="nt:unstructured"
                                sling:resourceType="granite/ui/components/foundation/form/numberfield"
                                fieldLabel="Items per page"
                                name="./limit"
                                required="true"/>
                            <mynews
                                jcr:primaryType="nt:unstructured"
                                sling:resourceType="granite/ui/components/foundation/form/pathbrowser"
                                editable="{Boolean}true"
                                fieldLabel="My News Page Path"
                                name="./mynews"/>
                            <lifenews
                                jcr:primaryType="nt:unstructured"
                                sling:resourceType="granite/ui/components/foundation/form/pathbrowser"
                                editable="{Boolean}true"
                                fieldLabel="Life News Page Path"
                                name="./lifenews"/>
                            <ltcnews
                                jcr:primaryType="nt:unstructured"
                                sling:resourceType="granite/ui/components/foundation/form/pathbrowser"
                                editable="{Boolean}true"
                                fieldLabel="LTC News Page Path"
                                name="./ltcnews"/>
                            <allnews
                                jcr:primaryType="nt:unstructured"
                                sling:resourceType="granite/ui/components/foundation/form/pathbrowser"
                                editable="{Boolean}true"
                                fieldLabel="All News Page Path"
                                name="./allnews"/>
                        </items>
                    </columns>
                </items>
            </allnews>
        </items>
    </content>
</jcr:root>
