<?xml version="1.0" encoding="UTF-8"?>
<jcr:root xmlns:sling="http://sling.apache.org/jcr/sling/1.0" xmlns:cq="http://www.day.com/jcr/cq/1.0" xmlns:jcr="http://www.jcp.org/jcr/1.0"
    cq:lastReplicated="{Date}2015-11-02T07:23:41.400-05:00"
    cq:lastReplicatedBy="mandoos"
    cq:lastReplicationAction="Activate"
    jcr:description=""
    jcr:lastModified="{Date}2015-08-14T14:03:28.895-04:00"
    jcr:lastModifiedBy="admin"
    jcr:mixinTypes="[cq:ReplicationStatus]"
    jcr:primaryType="cq:Tag"
    jcr:title="State"
    sling:resourceType="cq/tagging/components/tag">
    <al/>
    <ak/>
    <az/>
    <ar/>
    <ca/>
    <co/>
    <ct/>
    <de/>
    <fl/>
    <ga/>
    <hi/>
    <id/>
    <il/>
    <in/>
    <ia/>
    <ks/>
    <ky/>
    <la/>
    <me/>
    <md/>
    <ma/>
    <mi/>
    <mn/>
    <ms/>
    <mo/>
    <mt/>
    <ne/>
    <nv/>
    <nh/>
    <nj/>
    <nm/>
    <ny/>
    <nc/>
    <nd/>
    <oh/>
    <ok/>
    <or/>
    <pa/>
    <ri/>
    <sc/>
    <sd/>
    <tn/>
    <tx/>
    <ut/>
    <vt/>
    <va/>
    <wa/>
    <wv/>
    <wi/>
    <wy/>
    <dc/>
</jcr:root>
