<?xml version="1.0" encoding="UTF-8"?>
<jcr:root xmlns:sling="http://sling.apache.org/jcr/sling/1.0" xmlns:cq="http://www.day.com/jcr/cq/1.0" xmlns:jcr="http://www.jcp.org/jcr/1.0" xmlns:nt="http://www.jcp.org/jcr/nt/1.0"
    jcr:primaryType="nt:unstructured"
    jcr:title="JHAS Container"
    sling:resourceType="cq/gui/components/authoring/dialog"
    extraClientlibs="[cq.jhas.dialog,jhas.author.pagecontainer]">
    <content
        jcr:primaryType="nt:unstructured"
        sling:resourceType="granite/ui/components/foundation/container">
        <layout
            jcr:primaryType="nt:unstructured"
            sling:resourceType="granite/ui/components/foundation/layouts/tabs"
            type="nav"/>
        <items jcr:primaryType="nt:unstructured">
            <containerselection
                jcr:primaryType="nt:unstructured"
                jcr:title="Selection Tab"
                sling:resourceType="granite/ui/components/foundation/container">
                <layout
                    jcr:primaryType="nt:unstructured"
                    sling:resourceType="granite/ui/components/foundation/layouts/fixedcolumns"/>
                <items jcr:primaryType="nt:unstructured">
                    <columns
                        jcr:primaryType="nt:unstructured"
                        sling:resourceType="granite/ui/components/foundation/container">
                        <items jcr:primaryType="nt:unstructured">
                            <contanierLink
                                jcr:primaryType="nt:unstructured"
                                sling:resourceType="granite/ui/components/foundation/form/pathbrowser"
                                fieldDescription="Select a valid URL ex: https:/"
                                fieldLabel="Container URL"
                                name="./containerLink"
                                rootPath="/content"/>
                            <openoptions
                                jcr:primaryType="nt:unstructured"
                                sling:resourceType="granite/ui/components/foundation/form/select"
                                fieldLabel="Window"
                                name="./options">
                                <items jcr:primaryType="nt:unstructured">
                                    <samewindow
                                        jcr:primaryType="nt:unstructured"
                                        text="Same Window"
                                        value="samewindow"/>
                                    <newwindow
                                        jcr:primaryType="nt:unstructured"
                                        text="New Window"
                                        value="newwindow"/>
                                </items>
                            </openoptions>
                            <options
                                jcr:primaryType="nt:unstructured"
                                sling:resourceType="granite/ui/components/foundation/form/select"
                                class="containerSelection"
                                fieldLabel="Select container type"
                                name="./containerOptions">
                                <items jcr:primaryType="nt:unstructured">
                                    <section
                                        jcr:primaryType="nt:unstructured"
                                        text="Section Container"
                                        value="section"/>
                                    <standardsection
                                        jcr:primaryType="nt:unstructured"
                                        text="Standard Section"
                                        value="sectionwithpadding"/>
                                    <customsection
                                        jcr:primaryType="nt:unstructured"
                                        text="Custom Section"
                                        value="paddinginsidebackground"/>
                                </items>
                            </options>
                            <toplinebreak
                                jcr:primaryType="nt:unstructured"
                                sling:resourceType="granite/ui/components/foundation/form/checkbox"
                                name="./toplinebreak"
                                text="Enable Top Line Break?"
                                value="yes"/>
                            <bottomlinebreak
                                jcr:primaryType="nt:unstructured"
                                sling:resourceType="granite/ui/components/foundation/form/checkbox"
                                name="./bottomlinebreak"
                                text="Enable Bottom Line Break?"
                                value="yes"/>
                        </items>
                    </columns>
                </items>
            </containerselection>
            <background
                jcr:primaryType="nt:unstructured"
                jcr:title="Background"
                sling:resourceType="granite/ui/components/foundation/container">
                <layout
                    jcr:primaryType="nt:unstructured"
                    sling:resourceType="granite/ui/components/foundation/layouts/fixedcolumns"/>
                <items jcr:primaryType="nt:unstructured">
                    <columns
                        jcr:primaryType="nt:unstructured"
                        sling:resourceType="granite/ui/components/foundation/container">
                        <items jcr:primaryType="nt:unstructured">
                            <conatinerOptions
                                jcr:primaryType="nt:unstructured"
                                sling:resourceType="granite/ui/components/foundation/form/select"
                                class="cq-dialog-dropdown-showhide"
                                cq-dialog-dropdown-showhide-target=".list-option-background-listfrom-showhide-target"
                                fieldLabel="Select backgound"
                                name="./container">
                                <items jcr:primaryType="nt:unstructured">
                                    <none
                                        jcr:primaryType="nt:unstructured"
                                        text="None"
                                        value="none"/>
                                    <color
                                        jcr:primaryType="nt:unstructured"
                                        text="Color"
                                        value="color"/>
                                    <gradient
                                        jcr:primaryType="nt:unstructured"
                                        text="Gradient"
                                        value="gradient"/>
                                    <image
                                        jcr:primaryType="nt:unstructured"
                                        text="Image"
                                        value="image"/>
                                </items>
                            </conatinerOptions>
                            <color
                                jcr:primaryType="nt:unstructured"
                                sling:resourceType="granite/ui/components/foundation/container"
                                class="hide list-option-background-listfrom-showhide-target foundation-layout-util-vmargin"
                                showhidetargetvalue="color">
                                <items jcr:primaryType="nt:unstructured">
                                    <well
                                        jcr:primaryType="nt:unstructured"
                                        sling:resourceType="granite/ui/components/foundation/container">
                                        <layout
                                            jcr:primaryType="nt:unstructured"
                                            sling:resourceType="granite/ui/components/foundation/layouts/well"/>
                                        <items jcr:primaryType="nt:unstructured">
                                            <colorPick
                                                jcr:primaryType="nt:unstructured"
                                                sling:resourceType="/apps/JHAS/components/content/colorpicker"
                                                fieldLabel="Pick color"
                                                name="./colorPick"/>
                                            <hex
                                                jcr:primaryType="nt:unstructured"
                                                sling:resourceType="granite/ui/components/foundation/form/textfield"
                                                class="hexfield"
                                                fieldLabel="Enter hex color code"
                                                name="./hex"/>
                                        </items>
                                    </well>
                                </items>
                            </color>
                            <gradient
                                jcr:primaryType="nt:unstructured"
                                sling:resourceType="granite/ui/components/foundation/container"
                                class="hide list-option-background-listfrom-showhide-target foundation-layout-util-vmargin"
                                showhidetargetvalue="gradient">
                                <items jcr:primaryType="nt:unstructured">
                                    <well
                                        jcr:primaryType="nt:unstructured"
                                        sling:resourceType="granite/ui/components/foundation/container">
                                        <layout
                                            jcr:primaryType="nt:unstructured"
                                            sling:resourceType="granite/ui/components/foundation/layouts/well"/>
                                        <items jcr:primaryType="nt:unstructured">
                                            <gradientPick1
                                                jcr:primaryType="nt:unstructured"
                                                sling:resourceType="/apps/JHAS/components/content/colorpicker"
                                                fieldLabel="Pick color 1"
                                                name="./gradient1"/>
                                            <gradientPick2
                                                jcr:primaryType="nt:unstructured"
                                                sling:resourceType="/apps/JHAS/components/content/colorpicker"
                                                fieldLabel="Pick color 2"
                                                name="./gradient2"/>
                                        </items>
                                    </well>
                                </items>
                            </gradient>
                            <image
                                jcr:primaryType="nt:unstructured"
                                sling:resourceType="granite/ui/components/foundation/container"
                                class="hide list-option-background-listfrom-showhide-target foundation-layout-util-vmargin"
                                showhidetargetvalue="image">
                                <items jcr:primaryType="nt:unstructured">
                                    <well
                                        jcr:primaryType="nt:unstructured"
                                        sling:resourceType="granite/ui/components/foundation/container">
                                        <layout
                                            jcr:primaryType="nt:unstructured"
                                            sling:resourceType="granite/ui/components/foundation/layouts/well"/>
                                        <items jcr:primaryType="nt:unstructured">
                                            <path
                                                jcr:primaryType="nt:unstructured"
                                                sling:resourceType="granite/ui/components/foundation/form/pathbrowser"
                                                fieldDescription="Select image from DAM"
                                                fieldLabel="Select image"
                                                name="./imagePath"
                                                rootPath="/content/dam"/>
                                        </items>
                                    </well>
                                </items>
                            </image>
                            <border
                                jcr:primaryType="nt:unstructured"
                                sling:resourceType="granite/ui/components/foundation/form/textfield"
                                class="borderColor"
                                fieldDescription="Enter hex color code  ( if no color is selected, border will be transparent)"
                                fieldLabel="Border"
                                name="./borderColor"/>
                            <opacityoptions
                                jcr:primaryType="nt:unstructured"
                                sling:resourceType="granite/ui/components/foundation/form/select"
                                class="cq-overlay-options"
                                fieldLabel="Select Opacity"
                                name="./opacityoptions">
                                <items jcr:primaryType="nt:unstructured">
                                    <none
                                        jcr:primaryType="nt:unstructured"
                                        text="None"
                                        value="none"/>
                                    <dark
                                        jcr:primaryType="nt:unstructured"
                                        text="Dark"
                                        value="dark"/>
                                    <light
                                        jcr:primaryType="nt:unstructured"
                                        text="Light"
                                        value="light"/>
                                </items>
                            </opacityoptions>
                            <containeropacity
                                jcr:primaryType="nt:unstructured"
                                sling:resourceType="granite/ui/components/foundation/form/textfield"
                                class="containeropacity"
                                fieldDescription="Enter Opacity Range (0-1) Only available for background image"
                                fieldLabel="Container Opacity"
                                name="./containeropacity"/>
                        </items>
                    </columns>
                </items>
            </background>
            <padding
                jcr:primaryType="nt:unstructured"
                jcr:title="Padding"
                sling:resourceType="granite/ui/components/foundation/container">
                <layout
                    jcr:primaryType="nt:unstructured"
                    sling:resourceType="granite/ui/components/foundation/layouts/fixedcolumns"/>
                <items jcr:primaryType="nt:unstructured">
                    <columns
                        jcr:primaryType="nt:unstructured"
                        sling:resourceType="granite/ui/components/foundation/container">
                        <items jcr:primaryType="nt:unstructured">
                            <percent
                                jcr:primaryType="nt:unstructured"
                                sling:resourceType="granite/ui/components/foundation/container">
                                <items jcr:primaryType="nt:unstructured">
                                    <padding
                                        jcr:primaryType="nt:unstructured"
                                        jcr:title="Desktop Padding"
                                        sling:resourceType="granite/ui/components/foundation/container">
                                        <items jcr:primaryType="nt:unstructured">
                                            <heading
                                                jcr:primaryType="nt:unstructured"
                                                sling:resourceType="granite/ui/components/foundation/heading"
                                                class="coral-Heading coral-Heading--4"
                                                level="{Long}4"
                                                text="Desktop Padding (in %)"/>
                                            <well
                                                jcr:primaryType="nt:unstructured"
                                                sling:resourceType="granite/ui/components/foundation/container">
                                                <layout
                                                    jcr:primaryType="nt:unstructured"
                                                    sling:resourceType="granite/ui/components/foundation/layouts/well"/>
                                                <items jcr:primaryType="nt:unstructured">
                                                    <top
                                                        jcr:primaryType="nt:unstructured"
                                                        sling:resourceType="granite/ui/components/foundation/form/textfield"
                                                        emptyText="0"
                                                        fieldLabel="Top"
                                                        name="./topPadding"
                                                        value="0"/>
                                                    <right
                                                        jcr:primaryType="nt:unstructured"
                                                        sling:resourceType="granite/ui/components/foundation/form/textfield"
                                                        emptyText="0"
                                                        fieldLabel="Right"
                                                        name="./rightPadding"
                                                        value="0"/>
                                                    <bottom
                                                        jcr:primaryType="nt:unstructured"
                                                        sling:resourceType="granite/ui/components/foundation/form/textfield"
                                                        emptyText="0"
                                                        fieldLabel="Bottom"
                                                        name="./bottomPadding"
                                                        value="0"/>
                                                    <left
                                                        jcr:primaryType="nt:unstructured"
                                                        sling:resourceType="granite/ui/components/foundation/form/textfield"
                                                        emptyText="0"
                                                        fieldLabel="Left"
                                                        name="./leftPadding"
                                                        value="0"/>
                                                </items>
                                            </well>
                                        </items>
                                    </padding>
                                </items>
                            </percent>
                        </items>
                    </columns>
                </items>
            </padding>
            <height
                jcr:primaryType="nt:unstructured"
                jcr:title="Height"
                sling:resourceType="granite/ui/components/foundation/container">
                <layout
                    jcr:primaryType="nt:unstructured"
                    sling:resourceType="granite/ui/components/foundation/layouts/fixedcolumns"/>
                <items jcr:primaryType="nt:unstructured">
                    <columns
                        jcr:primaryType="nt:unstructured"
                        sling:resourceType="granite/ui/components/foundation/container">
                        <items jcr:primaryType="nt:unstructured">
                            <pixels
                                jcr:primaryType="nt:unstructured"
                                sling:resourceType="granite/ui/components/foundation/container">
                                <items jcr:primaryType="nt:unstructured">
                                    <containerheight
                                        jcr:primaryType="nt:unstructured"
                                        jcr:title="Height"
                                        sling:resourceType="granite/ui/components/foundation/container">
                                        <items jcr:primaryType="nt:unstructured">
                                            <heading
                                                jcr:primaryType="nt:unstructured"
                                                sling:resourceType="granite/ui/components/foundation/heading"
                                                class="coral-Heading coral-Heading--4"
                                                level="{Long}4"
                                                text="Container Height (px)"/>
                                            <well
                                                jcr:primaryType="nt:unstructured"
                                                sling:resourceType="granite/ui/components/foundation/container">
                                                <layout
                                                    jcr:primaryType="nt:unstructured"
                                                    sling:resourceType="granite/ui/components/foundation/layouts/well"/>
                                                <items jcr:primaryType="nt:unstructured">
                                                    <height
                                                        jcr:primaryType="nt:unstructured"
                                                        sling:resourceType="granite/ui/components/foundation/form/numberfield"
                                                        defaultValue="0"
                                                        emptyText="0"
                                                        fieldLabel="Container Height"
                                                        name="./containerheight"/>
                                                </items>
                                            </well>
                                        </items>
                                    </containerheight>
                                </items>
                            </pixels>
                        </items>
                    </columns>
                </items>
            </height>
        </items>
    </content>
</jcr:root>
