<?xml version="1.0" encoding="UTF-8"?>
<jcr:root xmlns:cq="http://www.day.com/jcr/cq/1.0" xmlns:jcr="http://www.jcp.org/jcr/1.0" xmlns:nt="http://www.jcp.org/jcr/nt/1.0"
    jcr:primaryType="cq:Dialog"
    title="Contact Configuration"
    xtype="dialog">
    <items
        jcr:primaryType="cq:Widget"
        xtype="tabpanel">
        <items jcr:primaryType="cq:WidgetCollection">
            <tab1
                jcr:primaryType="cq:Panel"
                title="Contact Configuration">
                <items jcr:primaryType="cq:WidgetCollection">
                    <states
                        jcr:primaryType="cq:Widget"
                        allowBlank="{Boolean}false"
                        fieldLabel="State"
                        name="./state"
                        options="/bin/querybuilder.json?path=/etc/tags/JHINS/state&amp;p.limit=-1"
                        optionsRoot="hits"
                        optionsTextField="title"
                        optionsValueField="name"
                        type="select"
                        xtype="selection"/>
                    <title
                        jcr:primaryType="cq:Widget"
                        allowBlank="{Boolean}false"
                        fieldLabel="Title"
                        name="./title"
                        xtype="textfield"/>
                    <address
                        jcr:primaryType="cq:Widget"
                        fieldLabel="Address"
                        name="./address"
                        xtype="textarea"/>
                    <phone
                        jcr:primaryType="cq:Widget"
                        fieldLabel="Phone"
                        name="./phone"
                        xtype="textfield"/>
                    <fax
                        jcr:primaryType="cq:Widget"
                        fieldLabel="Fax"
                        name="./fax"
                        xtype="textfield"/>
                    <tollfree
                        jcr:primaryType="cq:Widget"
                        fieldLabel="Toll Free"
                        name="./tollfree"
                        xtype="textfield"/>
                </items>
            </tab1>
            <personal_contact
                jcr:primaryType="cq:Panel"
                title="Personal Contact Configurations">
                <items jcr:primaryType="cq:WidgetCollection">
                    <configuration
                        jcr:primaryType="cq:Widget"
                        baseName="personal_"
                        fieldDescription="Click on the + button to add Fields ( maximum field limit's - 10 )"
                        fieldLabel="Personal Contacts"
                        name="./personalContacts"
                        prefix="./"
                        xtype="mtmulticompositefield">
                        <fieldConfigs jcr:primaryType="cq:WidgetCollection">
                            <name
                                jcr:primaryType="cq:Widget"
                                allowBlank="{Boolean}false"
                                fieldLabel="Name"
                                maxLength="64"
                                name="name"
                                xtype="textfield"/>
                            <designation
                                jcr:primaryType="cq:Widget"
                                fieldLabel="Designation"
                                name="designation"
                                xtype="textfield"/>
                            <email
                                jcr:primaryType="cq:Widget"
                                allowBlank="{Boolean}false"
                                fieldLabel="Email"
                                name="email"
                                regex="/^[A-za-z0-9]+[._-]*[A-za-z0-9]*@[A-za-z.-]+[.]+[A-Za-z]{2,4}$/"
                                xtype="textfield"/>
                            <extn
                                jcr:primaryType="cq:Widget"
                                fieldLabel="Phone"
                                name="extension"
                                xtype="textfield"/>
                        </fieldConfigs>
                    </configuration>
                </items>
            </personal_contact>
        </items>
    </items>
    <listeners
        jcr:primaryType="nt:unstructured"
        beforesubmit="function(dialog){return;}"/>
</jcr:root>
