<?xml version="1.0" encoding="UTF-8"?>
<jcr:root xmlns:sling="http://sling.apache.org/jcr/sling/1.0" xmlns:cq="http://www.day.com/jcr/cq/1.0" xmlns:jcr="http://www.jcp.org/jcr/1.0" xmlns:nt="http://www.jcp.org/jcr/nt/1.0"
    extraClientlibs="[cq.jhas.dialog]"
    jcr:primaryType="nt:unstructured"
    jcr:title="Column Control Component"
    sling:resourceType="cq/gui/components/authoring/dialog"
    helpPath="en/cq/current/wcm/default_components.html#Text">
    <content
        jcr:primaryType="nt:unstructured"
        sling:resourceType="granite/ui/components/foundation/container">
        <layout
            jcr:primaryType="nt:unstructured"
            sling:resourceType="granite/ui/components/foundation/layouts/tabs"
            type="nav"/>
        <items jcr:primaryType="nt:unstructured">
            <column
                jcr:primaryType="nt:unstructured"
                jcr:title="Configuration"
                sling:resourceType="granite/ui/components/foundation/section">
                <layout
                    jcr:primaryType="nt:unstructured"
                    sling:resourceType="granite/ui/components/foundation/layouts/fixedcolumns"
                    margin="{Boolean}false"/>
                <items jcr:primaryType="nt:unstructured">
                    <column
                        jcr:primaryType="nt:unstructured"
                        sling:resourceType="granite/ui/components/foundation/container">
                        <items jcr:primaryType="nt:unstructured">
                            <coldrop
                                jcr:primaryType="nt:unstructured"
                                sling:resourceType="granite/ui/components/foundation/form/select"
                                fieldLabel="Column layout"
                                name="./options">
                                <items jcr:primaryType="nt:unstructured">
                                    <twocolumn
                                        jcr:primaryType="nt:unstructured"
                                        text="2 Column (50%,50%)"
                                        value="twocolumn"/>
                                    <threecolumn
                                        jcr:primaryType="nt:unstructured"
                                        text="3 Column (33.33%,33.33%,33.33%)"
                                        value="threecolumn"/>
                                    <fourcolumn
                                        jcr:primaryType="nt:unstructured"
                                        text="4 Column (25%, 25%, 25%, 25%)"
                                        value="fourcolumn"/>
                                    <rightcolumn
                                        jcr:primaryType="nt:unstructured"
                                        text="Right Column (66.66%,33.33%)"
                                        value="rightcolumn"/>
                                    <leftcolumn
                                        jcr:primaryType="nt:unstructured"
                                        text="Left Column (33%,66%)"
                                        value="leftcolumn"/>
                                    <leftcolumnsmall
                                        jcr:primaryType="nt:unstructured"
                                        text="Small Left Column (20%,80%)"
                                        value="leftcolumnsmall"/>
                                    <centercolumn
                                        jcr:primaryType="nt:unstructured"
                                        text="Center Column (30%, 40%, 30%)"
                                        value="centercolumn"/>
                                    <largecentercolumn
                                        jcr:primaryType="nt:unstructured"
                                        text="Large Center Column (20%, 60%, 20%)"
                                        value="largecentercolumn"/>
                                    <fivecolumn
                                      jcr:primaryType="nt:unstructured"
                                      text="Five Column (20%, 20%, 20%, 20%, 20%)"
                                      value="fivecolumn"/>
                                </items>
                            </coldrop>
                        </items>
                    </column>
                </items>
            </column>
        </items>
    </content>
</jcr:root>
