<?xml version="1.0" encoding="UTF-8"?>
<jcr:root xmlns:cq="http://www.day.com/jcr/cq/1.0" xmlns:jcr="http://www.jcp.org/jcr/1.0"
    jcr:primaryType="cq:Dialog"
    title="Buyers Guide"
    width="800"
    xtype="dialog">
    <items
        jcr:primaryType="cq:Widget"
        xtype="tabpanel">
        <items jcr:primaryType="cq:WidgetCollection">
            <title
                jcr:primaryType="cq:Panel"
                title="Dropdown title">
                <items jcr:primaryType="cq:WidgetCollection">
                    <dropdowntitle
                        jcr:primaryType="cq:Widget"
                        fieldLabel="Enter Title"
                        name="./title"
                        xtype="textfield"/>
                </items>
            </title>
            <dropdown
                jcr:primaryType="cq:Panel"
                title="Dropdown Section">
                <items jcr:primaryType="cq:WidgetCollection">
                    <link
                        jcr:primaryType="cq:Widget"
                        collapsed="{Boolean}false"
                        collapsible="{Boolean}true"
                        title="Link Configuration"
                        width="800"
                        xtype="dialogfieldset">
                        <items jcr:primaryType="cq:WidgetCollection">
                            <multifield
                                jcr:primaryType="cq:Widget"
                                baseName="set_"
                                fieldLabel="Enter Heading and Text"
                                name="./multi"
                                xtype="mtmulticompositefield">
                                <fieldConfigs jcr:primaryType="cq:WidgetCollection">
                                    <product
                                        jcr:primaryType="cq:Widget"
                                        fieldLabel="Product"
                                        name="product"
                                        xtype="textfield"/>
                                    <code
                                        jcr:primaryType="cq:Widget"
                                        fieldLabel="product code"
                                        name="code"
                                        xtype="textfield"/>
                                </fieldConfigs>
                            </multifield>
                        </items>
                    </link>
                </items>
            </dropdown>
        </items>
    </items>
</jcr:root>
