<?xml version="1.0" encoding="UTF-8"?>
<jcr:root xmlns:cq="http://www.day.com/jcr/cq/1.0" xmlns:jcr="http://www.jcp.org/jcr/1.0" xmlns:nt="http://www.jcp.org/jcr/nt/1.0"
    jcr:primaryType="cq:Dialog"
    xtype="dialog">
    <items
        jcr:primaryType="cq:Widget"
        xtype="tabpanel">
        <items jcr:primaryType="cq:WidgetCollection">
            <tab1
                jcr:primaryType="cq:Panel"
                title="configuration">
                <items jcr:primaryType="cq:WidgetCollection">
                    <label
                        jcr:primaryType="cq:Widget"
                        fieldLabel="Title"
                        name="./label"
                        xtype="textfield"/>
                    <link
                        jcr:primaryType="cq:Widget"
                        fieldLabel="Enter Link for Title"
                        name="./titlelink"
                        xtype="pathfield"/>
                    <subhead
                        jcr:primaryType="cq:Widget"
                        fieldLabel="Description"
                        name="./subhead"
                        xtype="textfield"/>
                    <button
                        jcr:primaryType="cq:Widget"
                        fieldLabel="Button Label"
                        name="./button"
                        xtype="textfield"/>
                    <linktype
                        jcr:primaryType="cq:Widget"
                        allowBlank="false"
                        fieldDescription="For External Links and Link outs Please Enter url Starting with http://"
                        fieldLabel="Choose Link Type"
                        name="./linktype"
                        type="select"
                        width="400"
                        xtype="selection">
                        <options jcr:primaryType="cq:WidgetCollection">
                            <externallink
                                jcr:primaryType="nt:unstructured"
                                fieldDescription="Please Enter url Starting with http://"
                                text="External Link"
                                value="externallink"
                                width="400"/>
                            <internallink
                                jcr:primaryType="nt:unstructured"
                                text="Internal Link"
                                value="internallink"
                                width="400"/>
                            <linkout
                                jcr:primaryType="nt:unstructured"
                                fieldDescription="Please Enter url Starting with http://"
                                text="Linkout"
                                value="linkout"
                                width="400"/>
                        </options>
                    </linktype>
                    <buttonlink
                        jcr:primaryType="cq:Widget"
                        fieldLabel="Enter Link for Button"
                        name="./link"
                        xtype="pathfield"/>
                    <horizontalline
                        jcr:primaryType="cq:Widget"
                        fieldDescription="Check if you need a horizontal line below"
                        fieldLabel="Horizontal Line"
                        name="./hr"
                        type="checkbox"
                        width="400"
                        xtype="selection">
                        <options jcr:primaryType="cq:WidgetCollection">
                            <true
                                jcr:primaryType="nt:unstructured"
                                text="Yes"
                                value="true"
                                width="400"/>
                        </options>
                    </horizontalline>
                </items>
            </tab1>
        </items>
    </items>
</jcr:root>
