<?xml version="1.0" encoding="UTF-8"?>
<jcr:root xmlns:sling="http://sling.apache.org/jcr/sling/1.0" xmlns:cq="http://www.day.com/jcr/cq/1.0" xmlns:jcr="http://www.jcp.org/jcr/1.0" xmlns:nt="http://www.jcp.org/jcr/nt/1.0"
    jcr:primaryType="nt:unstructured"
    jcr:title="Solution Configuration"
    sling:resourceType="cq/gui/components/authoring/dialog"
    helpPath="en/cq/current/wcm/default_components.html#Text">
    <content
        jcr:primaryType="nt:unstructured"
        sling:resourceType="granite/ui/components/foundation/container">
        <layout
            jcr:primaryType="nt:unstructured"
            sling:resourceType="granite/ui/components/foundation/layouts/tabs"
            type="nav"/>
        <items jcr:primaryType="nt:unstructured">
            <details
                jcr:primaryType="nt:unstructured"
                jcr:title="Details"
                sling:resourceType="granite/ui/components/foundation/container">
                <layout
                    jcr:primaryType="nt:unstructured"
                    sling:resourceType="granite/ui/components/foundation/layouts/fixedcolumns"/>
                <items jcr:primaryType="nt:unstructured">
                    <columns
                        jcr:primaryType="nt:unstructured"
                        sling:resourceType="granite/ui/components/foundation/container">
                        <items jcr:primaryType="nt:unstructured">
                            <designname
                                jcr:primaryType="nt:unstructured"
                                sling:resourceType="granite/ui/components/foundation/form/textfield"
                                fieldLabel="Design Name"
                                name="./designname"/>
                            <text
                                jcr:primaryType="nt:unstructured"
                                sling:resourceType="/libs/cq/gui/components/authoring/dialog/richtext"
                                fieldDescription="Enter the text here"
                                fieldLabel="Enter brief text for Design "
                                name="./text">
                                <rtePlugins
                                    jcr:primaryType="nt:unstructured"
                                    cqinclude="/apps/JhBusinessAnalyzer/components/content/rte/cq:editConfig/cq:inplaceEditing/config/rtePlugins.infinity.json"/>
                            </text>
                            <designpath
                                jcr:primaryType="nt:unstructured"
                                sling:resourceType="granite/ui/components/foundation/form/pathbrowser"
                                fieldLabel="Link"
                                name="./link"
                                required="{Boolean}true"/>
                        </items>
                    </columns>
                </items>
            </details>
        </items>
    </content>
</jcr:root>
