<?xml version="1.0" encoding="UTF-8"?>
<jcr:root xmlns:sling="http://sling.apache.org/jcr/sling/1.0" xmlns:cq="http://www.day.com/jcr/cq/1.0" xmlns:jcr="http://www.jcp.org/jcr/1.0" xmlns:nt="http://www.jcp.org/jcr/nt/1.0"
    jcr:primaryType="nt:unstructured"
    jcr:title="Contact Configuration"
    sling:resourceType="cq/gui/components/authoring/dialog">
    <content
        jcr:primaryType="nt:unstructured"
        sling:resourceType="granite/ui/components/foundation/container">
        <layout
            jcr:primaryType="nt:unstructured"
            sling:resourceType="granite/ui/components/foundation/layouts/tabs"
            type="nav"/>
        <items jcr:primaryType="nt:unstructured">
            <tab1
                jcr:primaryType="nt:unstructured"
                jcr:title="Contact Configuration"
                sling:resourceType="granite/ui/components/foundation/container">
                <layout
                    jcr:primaryType="nt:unstructured"
                    sling:resourceType="granite/ui/components/foundation/layouts/fixedcolumns"/>
                <items jcr:primaryType="nt:unstructured">
                    <columns
                        jcr:primaryType="nt:unstructured"
                        sling:resourceType="granite/ui/components/foundation/container">
                        <items jcr:primaryType="nt:unstructured">
                            <states
                                jcr:primaryType="nt:unstructured"
                                sling:resourceType="granite/ui/components/foundation/form/select"
                                fieldLabel="State"
                                name="./state">
                                <datasource
                                    jcr:primaryType="nt:unstructured"
                                    sling:resourceType="cq/gui/components/common/datasources/states"
                                    addNone="{Boolean}true"/>
                            </states>
                            <title
                                jcr:primaryType="nt:unstructured"
                                sling:resourceType="granite/ui/components/foundation/form/textfield"
                                fieldLabel="Title"
                                name="./title"
                                required="{Boolean}false"/>
                            <address
                                jcr:primaryType="nt:unstructured"
                                sling:resourceType="granite/ui/components/foundation/form/textarea"
                                fieldLabel="Address"
                                name="./address"/>
                            <phone
                                jcr:primaryType="nt:unstructured"
                                sling:resourceType="granite/ui/components/foundation/form/textfield"
                                fieldLabel="Phone"
                                name="./phone"/>
                            <fax
                                jcr:primaryType="nt:unstructured"
                                sling:resourceType="granite/ui/components/foundation/form/textfield"
                                fieldLabel="Fax"
                                name="./fax"/>
                            <tollfree
                                jcr:primaryType="nt:unstructured"
                                sling:resourceType="granite/ui/components/foundation/form/textfield"
                                fieldLabel="Toll Free"
                                name="./tollfree"/>
                        </items>
                    </columns>
                </items>
            </tab1>
            <personal_contact
                jcr:primaryType="nt:unstructured"
                jcr:title="Personal Contact Configurations"
                sling:resourceType="granite/ui/components/foundation/container">
                <layout
                    jcr:primaryType="nt:unstructured"
                    sling:resourceType="granite/ui/components/foundation/layouts/fixedcolumns"/>
                <items jcr:primaryType="nt:unstructured">
                    <columns
                        jcr:primaryType="nt:unstructured"
                        sling:resourceType="granite/ui/components/foundation/container">
                        <items jcr:primaryType="nt:unstructured">
                            <personal
                                jcr:primaryType="nt:unstructured"
                                sling:resourceType="granite/ui/components/foundation/container">
                                <items jcr:primaryType="nt:unstructured">
                                    <fieldset
                                        jcr:primaryType="nt:unstructured"
                                        jcr:title=""
                                        sling:resourceType="granite/ui/components/foundation/form/fieldset">
                                        <layout
                                            jcr:primaryType="nt:unstructured"
                                            sling:resourceType="granite/ui/components/foundation/layouts/fixedcolumns"/>
                                        <items jcr:primaryType="nt:unstructured">
                                            <column
                                                jcr:primaryType="nt:unstructured"
                                                sling:resourceType="granite/ui/components/foundation/container">
                                                <items jcr:primaryType="nt:unstructured">
                                                    <contacts
                                                        jcr:primaryType="nt:unstructured"
                                                        sling:resourceType="granite/ui/components/foundation/form/multifield"
                                                        class="full-width"
                                                        fieldDescription="Click 'Add field' to add a new page"
                                                        image-nested="">
                                                        <field
                                                            jcr:primaryType="nt:unstructured"
                                                            sling:resourceType="granite/ui/components/foundation/form/fieldset"
                                                            name="./personalcontacts">
                                                            <layout
                                                                jcr:primaryType="nt:unstructured"
                                                                sling:resourceType="granite/ui/components/foundation/layouts/fixedcolumns"
                                                                method="absolute"/>
                                                            <items jcr:primaryType="nt:unstructured">
                                                                <column
                                                                    jcr:primaryType="nt:unstructured"
                                                                    sling:resourceType="granite/ui/components/foundation/container">
                                                                    <items jcr:primaryType="nt:unstructured">
                                                                        <name
                                                                            jcr:primaryType="nt:unstructured"
                                                                            sling:resourceType="granite/ui/components/foundation/form/textfield"
                                                                            allowBlank="false"
                                                                            fieldLabel="Name"
                                                                            maxLength="64"
                                                                            name="./name"/>
                                                                        <designation
                                                                            jcr:primaryType="nt:unstructured"
                                                                            sling:resourceType="granite/ui/components/foundation/form/textfield"
                                                                            fieldLabel="Designation"
                                                                            name="./designation"/>
                                                                        <email
                                                                            jcr:primaryType="nt:unstructured"
                                                                            sling:resourceType="granite/ui/components/foundation/form/textfield"
                                                                            allowBlank="false"
                                                                            fieldLabel="Email"
                                                                            name="./email"
                                                                            regex="/^[A-za-z0-9]+[._-]*[A-za-z0-9]*@[A-za-z.-]+[.]+[A-Za-z]{2,4}$/"/>
                                                                        <extn
                                                                            jcr:primaryType="nt:unstructured"
                                                                            sling:resourceType="granite/ui/components/foundation/form/textfield"
                                                                            fieldLabel="Phone"
                                                                            name="./phone"/>
                                                                    </items>
                                                                </column>
                                                            </items>
                                                        </field>
                                                    </contacts>
                                                </items>
                                            </column>
                                        </items>
                                    </fieldset>
                                </items>
                            </personal>
                        </items>
                    </columns>
                </items>
            </personal_contact>
        </items>
    </content>
</jcr:root>
