<?xml version="1.0" encoding="UTF-8"?>
<node>
    <primaryNodeType>sling:OsgiConfig</primaryNodeType>
    <property>
        <name>user.default</name>
        <value></value>
    </property>
    <property>
        <name>user.mapping</name>
        <values>
            <value>com.jh.jhas.core:PRNewswireService=jhasbatchuser</value>
            <value>com.jh.jhas.core:JHASWorkflowEmailService=workflow-process-service</value>
            <value>com.jh.jhas.core:JHASPageActivationService=workflow-process-service</value>
        </values>
    </property>
</node>