<?xml version="1.0" encoding="UTF-8"?>
<jcr:root xmlns:cq="http://www.day.com/jcr/cq/1.0" xmlns:jcr="http://www.jcp.org/jcr/1.0" xmlns:nt="http://www.jcp.org/jcr/nt/1.0"
    jcr:primaryType="cq:Dialog"
    width="850"
    xtype="dialog">
    <items
        jcr:primaryType="cq:Widget"
        xtype="tabpanel">
        <items jcr:primaryType="cq:WidgetCollection">
            <tab1
                jcr:primaryType="cq:Panel"
                title="Configuration">
                <items jcr:primaryType="cq:WidgetCollection">
                    <multifield
                        jcr:primaryType="cq:Widget"
                        baseName="accordion_"
                        fieldLabel="Enter Heading and Text"
                        name="./multi"
                        prefix="./"
                        xtype="mtmulticompositefield">
                        <fieldConfigs jcr:primaryType="cq:WidgetCollection">
                            <heading
                                jcr:primaryType="cq:Widget"
                                allowBlank="false"
                                fieldLabel="Heading"
                                name="heading"
                                width="400"
                                xtype="textfield"/>
                            <textArea
                                jcr:primaryType="cq:Widget"
                                fieldLabel="Text"
                                name="text"
                                width="400"
                                xtype="richtext">
                                <rtePlugins jcr:primaryType="nt:unstructured">
                                    <table
                                        jcr:primaryType="nt:unstructured"
                                        features="*"/>
                                    <styles
                                        jcr:primaryType="nt:unstructured"
                                        features="*">
                                        <styles jcr:primaryType="cq:WidgetCollection">
                                            <style1
                                                jcr:primaryType="nt:unstructured"
                                                cssName="cssClass"
                                                text="class1"/>
                                            <style2
                                                jcr:primaryType="nt:unstructured"
                                                cssName="cssClass2"
                                                text="class2"/>
                                            <style3
                                                jcr:primaryType="nt:unstructured"
                                                cssName="boxed"
                                                text="Box"/>
                                        </styles>
                                    </styles>
                                    <paraformat
                                        jcr:primaryType="nt:unstructured"
                                        features="*">
                                        <formats jcr:primaryType="cq:WidgetCollection">
                                            <format1
                                                jcr:primaryType="nt:unstructured"
                                                description="Heading1"
                                                tag="h1"/>
                                            <format2
                                                jcr:primaryType="nt:unstructured"
                                                description="Heading2"
                                                tag="h2"/>
                                            <format3
                                                jcr:primaryType="nt:unstructured"
                                                description="Heading3"
                                                tag="h3"/>
                                            <format4
                                                jcr:primaryType="nt:unstructured"
                                                description="Heading4"
                                                tag="h4"/>
                                            <format5
                                                jcr:primaryType="nt:unstructured"
                                                description="paragraph"
                                                tag="p"/>
                                        </formats>
                                    </paraformat>
                                    <undo
                                        jcr:primaryType="nt:unstructured"
                                        features="*"/>
                                    <subsuperscript
                                        jcr:primaryType="nt:unstructured"
                                        features="*"/>
                                    <misctools
                                        jcr:primaryType="nt:unstructured"
                                        features="*"/>
                                </rtePlugins>
                            </textArea>
                            <contenttype
                                jcr:primaryType="cq:Widget"
                                anchor="100%"
                                editable="{Boolean}true"
                                fieldDescription="(optional)"
                                fieldLabel="Tab"
                                name="tab"
                                xtype="paragraphreference"/>
                        </fieldConfigs>
                    </multifield>
                </items>
            </tab1>
        </items>
    </items>
</jcr:root>
