<?xml version="1.0" encoding="UTF-8"?>
<jcr:root xmlns:sling="http://sling.apache.org/jcr/sling/1.0" xmlns:cq="http://www.day.com/jcr/cq/1.0" xmlns:jcr="http://www.jcp.org/jcr/1.0" xmlns:nt="http://www.jcp.org/jcr/nt/1.0"
    jcr:primaryType="nt:unstructured"
    jcr:title="Social Icons"
    sling:resourceType="cq/gui/components/authoring/dialog"
    width="700">
    <content
        jcr:primaryType="nt:unstructured"
        sling:resourceType="granite/ui/components/coral/foundation/container">
        <items jcr:primaryType="nt:unstructured">
            <tabs
                jcr:primaryType="nt:unstructured"
                sling:resourceType="granite/ui/components/coral/foundation/tabs"
                maximized="{Boolean}true">
                <items jcr:primaryType="nt:unstructured">
                    <blockicon
                        jcr:primaryType="nt:unstructured"
                        jcr:title="Block Icon"
                        sling:resourceType="granite/ui/components/coral/foundation/container"
                        margin="{Boolean}true">
                        <items jcr:primaryType="nt:unstructured">
                            <columns
                                jcr:primaryType="nt:unstructured"
                                sling:resourceType="granite/ui/components/coral/foundation/fixedcolumns">
                                <items jcr:primaryType="nt:unstructured">
                                    <column
                                        jcr:primaryType="nt:unstructured"
                                        sling:resourceType="granite/ui/components/coral/foundation/container">
                                        <items jcr:primaryType="nt:unstructured">
                                            <icons
                                                jcr:primaryType="nt:unstructured"
                                                sling:resourceType="granite/ui/components/coral/foundation/form/multifield"
                                                baseName="blockicon_"
                                                composite="{Boolean}true"
                                                fieldDescription="Click on the + button to add Fields "
                                                fieldLabel="Block Icons"
                                                width="500">
                                                <field
                                                    jcr:primaryType="nt:unstructured"
                                                    sling:resourceType="granite/ui/components/coral/foundation/container"
                                                    name="./blockIcons">
                                                    <items jcr:primaryType="nt:unstructured">
                                                        <column
                                                            jcr:primaryType="nt:unstructured"
                                                            sling:resourceType="granite/ui/components/coral/foundation/container">
                                                            <items jcr:primaryType="nt:unstructured">
                                                                <glyph_icons
                                                                    jcr:primaryType="nt:unstructured"
                                                                    sling:resourceType="granite/ui/components/coral/foundation/form/select"
                                                                    fieldLabel="Icon (GlypIcon)"
                                                                    maxlength="{Long}64"
                                                                    name="./icon"
                                                                    required="true">
                                                                    <items jcr:primaryType="nt:unstructured">
                                                                        <earphone
                                                                            jcr:primaryType="nt:unstructured"
                                                                            text="Earphone"
                                                                            value="glyphicon-earphone"/>
                                                                        <th_list
                                                                            jcr:primaryType="nt:unstructured"
                                                                            text="Th List"
                                                                            value="glyphicon-th-list"/>
                                                                        <question
                                                                            jcr:primaryType="nt:unstructured"
                                                                            text="Question Mark"
                                                                            value="glyphicon-question-sign"/>
                                                                    </items>
                                                                </glyph_icons>
                                                                <link
                                                                    jcr:primaryType="nt:unstructured"
                                                                    sling:resourceType="granite/ui/components/coral/foundation/form/pathbrowser"
                                                                    fieldLabel="Link"
                                                                    name="./link"
                                                                    required="true"/>
                                                                <label
                                                                    jcr:primaryType="nt:unstructured"
                                                                    sling:resourceType="granite/ui/components/coral/foundation/form/textfield"
                                                                    fieldLabel="Label"
                                                                    maxlength="{Long}64"
                                                                    name="./label"
                                                                    required="true"/>
                                                            </items>
                                                        </column>
                                                    </items>
                                                </field>
                                            </icons>
                                        </items>
                                    </column>
                                </items>
                            </columns>
                        </items>
                    </blockicon>
                    <socialicon
                        jcr:primaryType="nt:unstructured"
                        jcr:title="Social Icon"
                        sling:resourceType="granite/ui/components/coral/foundation/container"
                        margin="{Boolean}true">
                        <items jcr:primaryType="nt:unstructured">
                            <columns
                                jcr:primaryType="nt:unstructured"
                                sling:resourceType="granite/ui/components/coral/foundation/fixedcolumns">
                                <items jcr:primaryType="nt:unstructured">
                                    <column
                                        jcr:primaryType="nt:unstructured"
                                        sling:resourceType="granite/ui/components/coral/foundation/container">
                                        <items jcr:primaryType="nt:unstructured">
                                            <icons
                                                jcr:primaryType="nt:unstructured"
                                                sling:resourceType="granite/ui/components/coral/foundation/form/multifield"
                                                baseName="socialicon_"
                                                composite="{Boolean}true"
                                                fieldDescription="Click on the + button to add Fields "
                                                fieldLabel="Social Icons"
                                                width="500">
                                                <field
                                                    jcr:primaryType="nt:unstructured"
                                                    sling:resourceType="granite/ui/components/coral/foundation/container"
                                                    name="./socialIcons">
                                                    <items jcr:primaryType="nt:unstructured">
                                                        <column
                                                            jcr:primaryType="nt:unstructured"
                                                            sling:resourceType="granite/ui/components/coral/foundation/container">
                                                            <items jcr:primaryType="nt:unstructured">
                                                                <glyph_icons
                                                                    jcr:primaryType="nt:unstructured"
                                                                    sling:resourceType="granite/ui/components/coral/foundation/form/select"
                                                                    fieldLabel="Icon (GlypIcon)"
                                                                    maxlength="{Long}64"
                                                                    name="./icon"
                                                                    required="true">
                                                                    <items jcr:primaryType="nt:unstructured">
                                                                        <earphone
                                                                            jcr:primaryType="nt:unstructured"
                                                                            text="Earphone"
                                                                            value="glyphicon-earphone"/>
                                                                        <th_list
                                                                            jcr:primaryType="nt:unstructured"
                                                                            text="Th List"
                                                                            value="glyphicon-th-list"/>
                                                                        <question
                                                                            jcr:primaryType="nt:unstructured"
                                                                            text="Question Mark"
                                                                            value="glyphicon-question-sign"/>
                                                                    </items>
                                                                </glyph_icons>
                                                                <link
                                                                    jcr:primaryType="nt:unstructured"
                                                                    sling:resourceType="granite/ui/components/coral/foundation/form/pathbrowser"
                                                                    fieldLabel="Link"
                                                                    name="./link"
                                                                    required="true"/>
                                                                <label
                                                                    jcr:primaryType="nt:unstructured"
                                                                    sling:resourceType="granite/ui/components/coral/foundation/form/textfield"
                                                                    fieldLabel="Label"
                                                                    maxlength="{Long}64"
                                                                    name="./label"
                                                                    required="true"/>
                                                            </items>
                                                        </column>
                                                    </items>
                                                </field>
                                            </icons>
                                        </items>
                                    </column>
                                </items>
                            </columns>
                        </items>
                    </socialicon>
                </items>
            </tabs>
        </items>
    </content>
</jcr:root>
