<?xml version="1.0" encoding="UTF-8"?>
<jcr:root xmlns:sling="http://sling.apache.org/jcr/sling/1.0" xmlns:cq="http://www.day.com/jcr/cq/1.0" xmlns:jcr="http://www.jcp.org/jcr/1.0" xmlns:rep="internal"
    cq:lastReplicated="{Date}2017-11-01T03:13:41.459-04:00"
    cq:lastReplicatedBy="prashar"
    cq:lastReplicationAction="Activate"
    jcr:description=""
    jcr:mixinTypes="[cq:ReplicationStatus,rep:AccessControllable]"
    jcr:primaryType="cq:Tag"
    jcr:title="JHINS"
    sling:resourceType="cq/tagging/components/tag">
    <channel/>
    <firm/>
    <format/>
    <product/>
    <topic/>
    <type/>
    <state/>
    <priority/>
</jcr:root>
