<?xml version="1.0" encoding="UTF-8"?>
<jcr:root xmlns:cq="http://www.day.com/jcr/cq/1.0" xmlns:jcr="http://www.jcp.org/jcr/1.0" xmlns:nt="http://www.jcp.org/jcr/nt/1.0"
    jcr:primaryType="cq:Dialog"
    title="dialog"
    xtype="dialog">
    <items
        jcr:primaryType="cq:Widget"
        xtype="tabpanel">
        <items jcr:primaryType="cq:WidgetCollection">
            <formcontent
                jcr:primaryType="cq:Panel"
                title="Form Content">
                <items jcr:primaryType="cq:WidgetCollection">
                    <footercontent
                        jcr:primaryType="cq:Widget"
                        fieldLabel="Stop Eservice"
                        name="./eservicefooter"
                        xtype="richtext"/>
                </items>
            </formcontent>
            <individualproducts
                jcr:primaryType="cq:Panel"
                title="Individual Products">
                <items jcr:primaryType="cq:WidgetCollection">
                    <individualproductlist
                        jcr:primaryType="cq:Widget"
                        fieldLabel="Individual Product List"
                        name="./individualProducts"
                        xtype="multifield">
                        <fieldConfig
                            jcr:primaryType="nt:unstructured"
                            xtype="pathfield"/>
                    </individualproductlist>
                </items>
            </individualproducts>
            <corporateproducts
                jcr:primaryType="cq:Panel"
                title="Corporate Products">
                <items jcr:primaryType="cq:WidgetCollection">
                    <corporateproductlist
                        jcr:primaryType="cq:Widget"
                        fieldLabel="Corporate Products List"
                        name="./corporateProducts"
                        xtype="multifield">
                        <fieldConfig
                            jcr:primaryType="nt:unstructured"
                            xtype="pathfield"/>
                    </corporateproductlist>
                </items>
            </corporateproducts>
            <mproprietoryproducts
                jcr:primaryType="cq:Panel"
                title="M Proprietory Products">
                <items jcr:primaryType="cq:WidgetCollection">
                    <mproprietoryproductlist
                        jcr:primaryType="cq:Widget"
                        fieldLabel="M Proprietory Products List"
                        name="./mproprietoryProducts"
                        xtype="multifield">
                        <fieldConfig
                            jcr:primaryType="nt:unstructured"
                            xtype="pathfield"/>
                    </mproprietoryproductlist>
                </items>
            </mproprietoryproducts>
            <responsepage
                jcr:primaryType="cq:Panel"
                title="Response Content">
                <items jcr:primaryType="cq:WidgetCollection">
                    <successmessage
                        jcr:primaryType="cq:Widget"
                        fieldLabel="Success Message"
                        name="./success"
                        xtype="richtext"/>
                </items>
            </responsepage>
        </items>
    </items>
</jcr:root>
