<?xml version="1.0" encoding="UTF-8"?>
<jcr:root xmlns:sling="http://sling.apache.org/jcr/sling/1.0" xmlns:cq="http://www.day.com/jcr/cq/1.0" xmlns:jcr="http://www.jcp.org/jcr/1.0" xmlns:nt="http://www.jcp.org/jcr/nt/1.0"
    jcr:primaryType="nt:unstructured"
    jcr:title="List Component"
    sling:resourceType="cq/gui/components/authoring/dialog"
    width="700">
    <content
        jcr:primaryType="nt:unstructured"
        sling:resourceType="granite/ui/components/coral/foundation/container">
        <items jcr:primaryType="nt:unstructured">
            <tabs
                jcr:primaryType="nt:unstructured"
                sling:resourceType="granite/ui/components/coral/foundation/tabs"
                maximized="{Boolean}true">
                <items jcr:primaryType="nt:unstructured">
                    <list
                        jcr:primaryType="nt:unstructured"
                        jcr:title="Configuration"
                        sling:resourceType="granite/ui/components/coral/foundation/container"
                        margin="{Boolean}true">
                        <items jcr:primaryType="nt:unstructured">
                            <columns
                                jcr:primaryType="nt:unstructured"
                                sling:resourceType="granite/ui/components/coral/foundation/fixedcolumns">
                                <items jcr:primaryType="nt:unstructured">
                                    <column
                                        jcr:primaryType="nt:unstructured"
                                        sling:resourceType="granite/ui/components/coral/foundation/container">
                                        <items jcr:primaryType="nt:unstructured">
                                            <listtype
                                                jcr:primaryType="nt:unstructured"
                                                sling:resourceType="granite/ui/components/coral/foundation/form/select"
                                                fieldLabel="List Type"
                                                name="./listType"
                                                required="true">
                                                <items jcr:primaryType="nt:unstructured">
                                                    <dropdown
                                                        jcr:primaryType="nt:unstructured"
                                                        text="Drop Down List"
                                                        value="dropdown"/>
                                                    <locallink
                                                        jcr:primaryType="nt:unstructured"
                                                        text="Locallink to IGP"
                                                        value="locallink"/>
                                                </items>
                                            </listtype>
                                            <parentpath
                                                jcr:primaryType="nt:unstructured"
                                                sling:resourceType="granite/ui/components/coral/foundation/form/pathfield"
                                                fieldLabel="Parent Path"
                                                name="./parentPath"
                                                required="true"/>
                                        </items>
                                    </column>
                                </items>
                            </columns>
                        </items>
                    </list>
                </items>
            </tabs>
        </items>
    </content>
</jcr:root>
