<?xml version="1.0" encoding="UTF-8"?>
<jcr:root xmlns:sling="http://sling.apache.org/jcr/sling/1.0" xmlns:cq="http://www.day.com/jcr/cq/1.0" xmlns:jcr="http://www.jcp.org/jcr/1.0" xmlns:nt="http://www.jcp.org/jcr/nt/1.0"
    jcr:primaryType="nt:unstructured"
    jcr:title="Social Icons"
    sling:resourceType="cq/gui/components/authoring/dialog">
    <content
        jcr:primaryType="nt:unstructured"
        sling:resourceType="granite/ui/components/foundation/container">
        <layout
            jcr:primaryType="nt:unstructured"
            sling:resourceType="granite/ui/components/foundation/layouts/tabs"
            type="nav"/>
        <items jcr:primaryType="nt:unstructured">
            <blockicon
                jcr:primaryType="nt:unstructured"
                jcr:title="Block Icon"
                sling:resourceType="granite/ui/components/foundation/container">
                <layout
                    jcr:primaryType="nt:unstructured"
                    sling:resourceType="granite/ui/components/foundation/layouts/fixedcolumns"/>
                <items jcr:primaryType="nt:unstructured">
                    <columns
                        jcr:primaryType="nt:unstructured"
                        sling:resourceType="granite/ui/components/foundation/container">
                        <items jcr:primaryType="nt:unstructured">
                            <icons
                                jcr:primaryType="nt:unstructured"
                                sling:resourceType="granite/ui/components/foundation/form/multifield"
                                baseName="blockicon_"
                                fieldDescription="Click on the + button to add Fields "
                                fieldLabel="Block Icons">
                                <field
                                    jcr:primaryType="nt:unstructured"
                                    sling:resourceType="granite/ui/components/foundation/form/fieldset"
                                    acs-commons-nested="NODE_STORE"
                                    name="./blockIcons">
                                    <layout
                                        jcr:primaryType="nt:unstructured"
                                        sling:resouceType="granite/ui/components/foundation/layouts/fixedcolumns"
                                        method="absolute"/>
                                    <items jcr:primaryType="nt:unstructured">
                                        <column
                                            jcr:primaryType="nt:unstructured"
                                            sling:resourceType="granite/ui/components/foundation/container">
                                            <items jcr:primaryType="nt:unstructured">
                                                <glyph_icons
                                                    jcr:primaryType="nt:unstructured"
                                                    sling:resourceType="granite/ui/components/foundation/form/select"
                                                    fieldLabel="Icon (GlypIcon)"
                                                    maxLength="64"
                                                    name="./icon"
                                                    required="true">
                                                    <items jcr:primaryType="nt:unstructured">
                                                        <earphone
                                                            jcr:primaryType="nt:unstructured"
                                                            text="Earphone"
                                                            value="glyphicon-earphone"/>
                                                        <th_list
                                                            jcr:primaryType="nt:unstructured"
                                                            text="Th List"
                                                            value="glyphicon-th-list"/>
                                                        <question
                                                            jcr:primaryType="nt:unstructured"
                                                            text="Question Mark"
                                                            value="glyphicon-question-sign"/>
                                                    </items>
                                                </glyph_icons>
                                                <link
                                                    jcr:primaryType="nt:unstructured"
                                                    sling:resourceType="granite/ui/components/foundation/form/pathbrowser"
                                                    fieldLabel="Link"
                                                    name="./link"
                                                    required="true"/>
                                                <label
                                                    jcr:primaryType="nt:unstructured"
                                                    sling:resourceType="granite/ui/components/foundation/form/textfield"
                                                    fieldLabel="Label"
                                                    maxLength="64"
                                                    name="./label"
                                                    required="true"/>
                                            </items>
                                        </column>
                                    </items>
                                </field>
                            </icons>
                        </items>
                    </columns>
                </items>
            </blockicon>
            <socialicon
                jcr:primaryType="nt:unstructured"
                jcr:title="Social Icon"
                sling:resourceType="granite/ui/components/foundation/container">
                <layout
                    jcr:primaryType="nt:unstructured"
                    sling:resourceType="granite/ui/components/foundation/layouts/fixedcolumns"/>
                <items jcr:primaryType="nt:unstructured">
                    <columns
                        jcr:primaryType="nt:unstructured"
                        sling:resourceType="granite/ui/components/foundation/container">
                        <items jcr:primaryType="nt:unstructured">
                            <icons
                                jcr:primaryType="nt:unstructured"
                                sling:resourceType="granite/ui/components/foundation/form/multifield"
                                baseName="socialicon_"
                                fieldDescription="Click on the + button to add Fields "
                                fieldLabel="Social Icons">
                                <field
                                    jcr:primaryType="nt:unstructured"
                                    sling:resourceType="granite/ui/components/foundation/form/fieldset"
                                    acs-commons-nested="NODE_STORE"
                                    name="./socialIcons">
                                    <layout
                                        jcr:primaryType="nt:unstructured"
                                        sling:resouceType="granite/ui/components/foundation/layouts/fixedcolumns"
                                        method="absolute"/>
                                    <items jcr:primaryType="nt:unstructured">
                                        <column
                                            jcr:primaryType="nt:unstructured"
                                            sling:resourceType="granite/ui/components/foundation/container">
                                            <items jcr:primaryType="nt:unstructured">
                                                <glyph_icons
                                                    jcr:primaryType="nt:unstructured"
                                                    sling:resourceType="granite/ui/components/foundation/form/select"
                                                    fieldLabel="Icon (GlypIcon)"
                                                    maxLength="64"
                                                    name="./icon"
                                                    required="true">
                                                    <items jcr:primaryType="nt:unstructured">
                                                        <facebook
                                                            jcr:primaryType="nt:unstructured"
                                                            text="Facebook"
                                                            value="facebook"/>
                                                        <twitter
                                                            jcr:primaryType="nt:unstructured"
                                                            text="Twitter"
                                                            value="twitterbird"/>
                                                        <youtube
                                                            jcr:primaryType="nt:unstructured"
                                                            text="You Tube"
                                                            value="youtube"/>
                                                        <linkdin
                                                            jcr:primaryType="nt:unstructured"
                                                            text="LinkedIn"
                                                            value="linkedin"/>
                                                    </items>
                                                </glyph_icons>
                                                <link
                                                    jcr:primaryType="nt:unstructured"
                                                    sling:resourceType="granite/ui/components/foundation/form/pathbrowser"
                                                    fieldLabel="Link"
                                                    name="./link"
                                                    required="true"/>
                                                <label
                                                    jcr:primaryType="nt:unstructured"
                                                    sling:resourceType="granite/ui/components/foundation/form/textfield"
                                                    fieldLabel="Label"
                                                    maxLength="64"
                                                    name="./label"
                                                    required="true"/>
                                            </items>
                                        </column>
                                    </items>
                                </field>
                            </icons>
                        </items>
                    </columns>
                </items>
            </socialicon>
        </items>
    </content>
</jcr:root>
