<?xml version="1.0" encoding="UTF-8"?>
<jcr:root xmlns:cq="http://www.day.com/jcr/cq/1.0" xmlns:jcr="http://www.jcp.org/jcr/1.0"
    jcr:primaryType="cq:Dialog"
    title="Asset Feed"
    width="600"
    xtype="dialog">
    <items
        jcr:primaryType="cq:Widget"
        xtype="tabpanel">
        <items jcr:primaryType="cq:WidgetCollection">
            <tab1
                jcr:primaryType="cq:Panel"
                title="Product Configs">
                <items jcr:primaryType="cq:WidgetCollection">
                    <heading
                        jcr:primaryType="cq:Widget"
                        allowBlank="{Boolean}false"
                        fieldLabel="Enter heading"
                        name="./heading"
                        xtype="textfield"/>
                </items>
            </tab1>
            <tab2
                jcr:primaryType="cq:Panel"
                title="Product Material Configs">
                <items jcr:primaryType="cq:WidgetCollection">
                    <assetlink
                        jcr:primaryType="cq:Widget"
                        baseName="item_"
                        fieldLabel="Links"
                        name="./assetlink"
                        xtype="mtmulticompositefield">
                        <fieldConfigs jcr:primaryType="cq:WidgetCollection">
                            <type
                                jcr:primaryType="cq:Widget"
                                fieldLabel="Type"
                                name="type"
                                width="200"
                                xtype="textfield"/>
                            <link
                                jcr:primaryType="cq:Widget"
                                fieldLabel="Asset link"
                                name="link"
                                width="200"
                                xtype="pathfield"/>
                        </fieldConfigs>
                    </assetlink>
                </items>
            </tab2>
        </items>
    </items>
</jcr:root>
