<?xml version="1.0" encoding="UTF-8"?>
<jcr:root xmlns:cq="http://www.day.com/jcr/cq/1.0" xmlns:jcr="http://www.jcp.org/jcr/1.0" xmlns:nt="http://www.jcp.org/jcr/nt/1.0"
    jcr:primaryType="cq:Dialog"
    title="Register-Login"
    xtype="dialog">
    <items
        jcr:primaryType="cq:Widget"
        xtype="tabpanel">
        <items jcr:primaryType="cq:WidgetCollection">
            <tab1
                jcr:primaryType="cq:Panel"
                title="Text ">
                <items jcr:primaryType="cq:WidgetCollection">
                    <richtext
                        jcr:primaryType="cq:Widget"
                        allowBlank="false"
                        name="./richtext"
                        xtype="richtext">
                        <rtePlugins jcr:primaryType="nt:unstructured">
                            <table
                                jcr:primaryType="nt:unstructured"
                                features="*"/>
                            <paraformat
                                jcr:primaryType="nt:unstructured"
                                features="*">
                                <formats jcr:primaryType="cq:WidgetCollection">
                                    <format1
                                        jcr:primaryType="nt:unstructured"
                                        description="Heading1"
                                        tag="h1"/>
                                    <format2
                                        jcr:primaryType="nt:unstructured"
                                        description="Heading2"
                                        tag="h2"/>
                                    <format3
                                        jcr:primaryType="nt:unstructured"
                                        description="Heading3"
                                        tag="h3"/>
                                    <format4
                                        jcr:primaryType="nt:unstructured"
                                        description="Heading4"
                                        tag="h4"/>
                                    <format5
                                        jcr:primaryType="nt:unstructured"
                                        description="paragraph"
                                        tag="p"/>
                                </formats>
                            </paraformat>
                            <undo
                                jcr:primaryType="nt:unstructured"
                                features="*"/>
                            <subsuperscript
                                jcr:primaryType="nt:unstructured"
                                features="*"/>
                        </rtePlugins>
                    </richtext>
                </items>
            </tab1>
            <tab2
                jcr:primaryType="cq:Panel"
                title="Button Configuration">
                <items jcr:primaryType="cq:WidgetCollection">
                    <logintitle
                        jcr:primaryType="cq:Widget"
                        fieldLabel="Login Title"
                        name="./logintitle"
                        xtype="textfield"/>
                    <loginlink
                        jcr:primaryType="cq:Widget"
                        allowBlank="false"
                        fieldLabel="Login  Link"
                        name="./loginlink"
                        xtype="pathfield"/>
                    <registertitle
                        jcr:primaryType="cq:Widget"
                        fieldLabel="Register Title"
                        name="./registertitle"
                        xtype="textfield"/>
                    <registerlink
                        jcr:primaryType="cq:Widget"
                        allowBlank="false"
                        fieldLabel="Register Link"
                        name="./registerlink"
                        xtype="pathfield"/>
                </items>
            </tab2>
        </items>
    </items>
</jcr:root>
