<?xml version="1.0" encoding="UTF-8"?>
<jcr:root xmlns:sling="http://sling.apache.org/jcr/sling/1.0" xmlns:cq="http://www.day.com/jcr/cq/1.0" xmlns:jcr="http://www.jcp.org/jcr/1.0" xmlns:nt="http://www.jcp.org/jcr/nt/1.0"
    jcr:primaryType="nt:unstructured"
    jcr:title="Gallery"
    sling:resourceType="cq/gui/components/authoring/dialog"
    extraClientlibs="[cq.jhas.dialog,jhas.author.gallery]">
    <content
        jcr:primaryType="nt:unstructured"
        sling:resourceType="granite/ui/components/foundation/container">
        <layout
            jcr:primaryType="nt:unstructured"
            sling:resourceType="granite/ui/components/foundation/layouts/tabs"
            type="nav"/>
        <items jcr:primaryType="nt:unstructured">
            <gallery
                jcr:primaryType="nt:unstructured"
                jcr:title="Slide Configuration"
                sling:resourceType="granite/ui/components/foundation/section">
                <layout
                    jcr:primaryType="nt:unstructured"
                    sling:resourceType="granite/ui/components/foundation/layouts/fixedcolumns"/>
                <items jcr:primaryType="nt:unstructured">
                    <column
                        jcr:primaryType="nt:unstructured"
                        sling:resourceType="granite/ui/components/foundation/container">
                        <items jcr:primaryType="nt:unstructured">
                            <column
                                jcr:primaryType="nt:unstructured"
                                sling:resourceType="granite/ui/components/foundation/container">
                                <items jcr:primaryType="nt:unstructured">
                                    <fieldset
                                        jcr:primaryType="nt:unstructured"
                                        sling:resourceType="granite/ui/components/foundation/form/fieldset">
                                        <layout
                                            jcr:primaryType="nt:unstructured"
                                            sling:resourceType="granite/ui/components/foundation/layouts/fixedcolumns"/>
                                        <items jcr:primaryType="nt:unstructured">
                                            <column
                                                jcr:primaryType="nt:unstructured"
                                                sling:resourceType="granite/ui/components/foundation/container">
                                                <items jcr:primaryType="nt:unstructured">
                                                    <pages
                                                        jcr:primaryType="nt:unstructured"
                                                        sling:resourceType="granite/ui/components/coral/foundation/form/multifield"
                                                        class="full-width"
                                                        fieldDescription="Click 'Add field' to add a new slide"
                                                        composite="{Boolean}true">
                                                        <field
                                                            jcr:primaryType="nt:unstructured"
                                                            jcr:title="Slide"
                                                            sling:resourceType="granite/ui/components/foundation/form/fieldset"
                                                            name="./properties">
                                                            <layout
                                                                jcr:primaryType="nt:unstructured"
                                                                sling:resourceType="granite/ui/components/foundation/layouts/fixedcolumns"
                                                                method="absolute"/>
                                                            <items jcr:primaryType="nt:unstructured">
                                                                <column
                                                                    jcr:primaryType="nt:unstructured"
                                                                    sling:resourceType="granite/ui/components/foundation/container">
                                                                    <items jcr:primaryType="nt:unstructured">
                                                                        <imagevideotoggle
                                                                            jcr:primaryType="nt:unstructured"
                                                                            sling:resourceType="granite/ui/components/foundation/form/select"
                                                                            class="imagevideotoggle"
                                                                            name="./imagevideotoggle">
                                                                            <items jcr:primaryType="nt:unstructured">
                                                                                <imageslide
                                                                                    jcr:primaryType="nt:unstructured"
                                                                                    text="Image Slide"
                                                                                    value="imageSlide"/>
                                                                                <videoslide
                                                                                    jcr:primaryType="nt:unstructured"
                                                                                    text="Video Slide"
                                                                                    value="videoSlide"/>
                                                                            </items>
                                                                        </imagevideotoggle>
                                                                        <galleryImage
                                                                            jcr:primaryType="nt:unstructured"
                                                                            sling:resourceType="granite/ui/components/foundation/form/pathbrowser"
                                                                            fieldLabel="Gallery Image"
                                                                            name="./galleryImageRef"
                                                                            rootPath="/content/dam"/>
                                                                        <videourl
                                                                            jcr:primaryType="nt:unstructured"
                                                                            sling:resourceType="granite/ui/components/foundation/form/pathbrowser"
                                                                            class="cq-gallery-video"
                                                                            fieldDescription="Supported files : .ogv,.webm,.mp4. For Youtube videos provide the Video Url"
                                                                            fieldLabel="Video URL/ID"
                                                                            name="./videoUrl"
                                                                            rootPath="/content/dam"/>
                                                                        <videothumbnail
                                                                            jcr:primaryType="nt:unstructured"
                                                                            sling:resourceType="granite/ui/components/foundation/form/pathbrowser"
                                                                            fieldDescription="Thumbnail image HTML5 video - height must be (63px)"
                                                                            fieldLabel="HTML Video Thumbnail"
                                                                            name="./videothumbnail"
                                                                            rootPath="/content/dam"/>
                                                                        <title
                                                                            jcr:primaryType="nt:unstructured"
                                                                            sling:resourceType="granite/ui/components/foundation/form/textfield"
                                                                            fieldLabel="Title"
                                                                            name="./title"/>
                                                                        <description
                                                                            jcr:primaryType="nt:unstructured"
                                                                            sling:resourceType="/libs/granite/ui/components/foundation/form/textarea"
                                                                            fieldLabel="Description"
                                                                            maxlength="170"
                                                                            name="./description"/>
                                                                        <urlpath
                                                                            jcr:primaryType="nt:unstructured"
                                                                            sling:resourceType="granite/ui/components/foundation/form/pathbrowser"
                                                                            class="cq-gallery-lightbox"
                                                                            fieldDescription="please enter a valid path starts with 'https://' or '/content'"
                                                                            fieldLabel="URL Path"
                                                                            name="./urlLink"/>
                                                                        <openoptions
                                                                            jcr:primaryType="nt:unstructured"
                                                                            sling:resourceType="granite/ui/components/foundation/form/select"
                                                                            class="cq-gallery-lightbox"
                                                                            fieldLabel="select to open"
                                                                            name="./options">
                                                                            <items jcr:primaryType="nt:unstructured">
                                                                                <samewindow
                                                                                    jcr:primaryType="nt:unstructured"
                                                                                    text="Same Window"
                                                                                    value="_self"/>
                                                                                <newwindow
                                                                                    jcr:primaryType="nt:unstructured"
                                                                                    text="New Window"
                                                                                    value="_blank"/>
                                                                            </items>
                                                                        </openoptions>
                                                                    </items>
                                                                </column>
                                                            </items>
                                                        </field>
                                                    </pages>
                                                </items>
                                            </column>
                                        </items>
                                    </fieldset>
                                </items>
                            </column>
                        </items>
                    </column>
                </items>
            </gallery>
            <general
                jcr:primaryType="nt:unstructured"
                jcr:title="General Properties"
                sling:resourceType="granite/ui/components/foundation/section">
                <layout
                    jcr:primaryType="nt:unstructured"
                    sling:resourceType="granite/ui/components/foundation/layouts/fixedcolumns"/>
                <items jcr:primaryType="nt:unstructured">
                    <column
                        jcr:primaryType="nt:unstructured"
                        sling:resourceType="granite/ui/components/foundation/container">
                        <items jcr:primaryType="nt:unstructured">
                            <column
                                jcr:primaryType="nt:unstructured"
                                sling:resourceType="granite/ui/components/foundation/container">
                                <items jcr:primaryType="nt:unstructured">
                                    <sequenceindicator
                                        jcr:primaryType="nt:unstructured"
                                        sling:resourceType="granite/ui/components/foundation/form/select"
                                        fieldLabel="Sequence Indicator"
                                        name="./sequenceIndicator">
                                        <items jcr:primaryType="nt:unstructured">
                                            <dot
                                                jcr:primaryType="nt:unstructured"
                                                text="Gallery with dots"
                                                value="dots"/>
                                            <thumbnail
                                                jcr:primaryType="nt:unstructured"
                                                text="Gallery with thumbnails"
                                                value="thumbnails"/>
                                        </items>
                                    </sequenceindicator>
                                    <speed
                                        jcr:primaryType="nt:unstructured"
                                        sling:resourceType="granite/ui/components/foundation/form/textfield"
                                        fieldDescription="Set transition speed . Default value is 8 . "
                                        fieldLabel="Transition Speed"
                                        name="./speed"
                                        value="8"/>
                                    <autoplay
                                        jcr:primaryType="nt:unstructured"
                                        sling:resourceType="/libs/granite/ui/components/foundation/form/checkbox"
                                        name="./disableautoplay"
                                        text="Disable Gallery Autoplay"
                                        value="true"/>
                                </items>
                            </column>
                        </items>
                    </column>
                </items>
            </general>
        </items>
    </content>
</jcr:root>
