<?xml version="1.0" encoding="UTF-8"?>
<jcr:root xmlns:sling="http://sling.apache.org/jcr/sling/1.0" xmlns:cq="http://www.day.com/jcr/cq/1.0" xmlns:jcr="http://www.jcp.org/jcr/1.0" xmlns:nt="http://www.jcp.org/jcr/nt/1.0"
    jcr:primaryType="nt:unstructured"
    jcr:title="Carousel Component"
    sling:resourceType="cq/gui/components/authoring/dialog"
    width="700">
    <content
        jcr:primaryType="nt:unstructured"
        sling:resourceType="granite/ui/components/foundation/container">
        <layout
            jcr:primaryType="nt:unstructured"
            sling:resourceType="granite/ui/components/foundation/layouts/tabs"
            type="nav"/>
        <items jcr:primaryType="nt:unstructured">
            <carousel
                jcr:primaryType="nt:unstructured"
                jcr:title="Configuration"
                sling:resourceType="granite/ui/components/foundation/container">
                <layout
                    jcr:primaryType="nt:unstructured"
                    sling:resourceType="granite/ui/components/foundation/layouts/fixedcolumns"/>
                <items jcr:primaryType="nt:unstructured">
                    <columns
                        jcr:primaryType="nt:unstructured"
                        sling:resourceType="granite/ui/components/foundation/container">
                        <items jcr:primaryType="nt:unstructured">
                            <interval
                                jcr:primaryType="nt:unstructured"
                                sling:resourceType="granite/ui/components/foundation/form/select"
                                defaultValue="1000"
                                fieldLabel="Sliding Interval"
                                name="./interval"
                                required="true"
                                value="1000">
                                <items jcr:primaryType="nt:unstructured">
                                    <_x0031_.0
                                        jcr:primaryType="nt:unstructured"
                                        text="1.0 s"
                                        value="1000"/>
                                    <_x002e_5
                                        jcr:primaryType="nt:unstructured"
                                        text=".5 s"
                                        value="500"/>
                                    <_x002e_75
                                        jcr:primaryType="nt:unstructured"
                                        text=".75 s"
                                        value="750"/>
                                    <_x0031_.25
                                        jcr:primaryType="nt:unstructured"
                                        text="1.25 s"
                                        value="1250"/>
                                    <_x0031_.5
                                        jcr:primaryType="nt:unstructured"
                                        text="1.5 s"
                                        value="1500"/>
                                    <_x0032_
                                        jcr:primaryType="nt:unstructured"
                                        text="2 s"
                                        value="2000"/>
                                    <_x0035_
                                        jcr:primaryType="nt:unstructured"
                                        text="5 s"
                                        value="5000"/>
                                </items>
                            </interval>
                        </items>
                    </columns>
                </items>
            </carousel>
            <imageconfiguration
                jcr:primaryType="nt:unstructured"
                jcr:title="Image Configurations"
                sling:resourceType="granite/ui/components/foundation/container">
                <layout
                    jcr:primaryType="nt:unstructured"
                    sling:resourceType="granite/ui/components/foundation/layouts/fixedcolumns"/>
                <items jcr:primaryType="nt:unstructured">
                    <columns
                        jcr:primaryType="nt:unstructured"
                        sling:resourceType="granite/ui/components/foundation/container">
                        <items jcr:primaryType="nt:unstructured">
                            <multifield
                                jcr:primaryType="nt:unstructured"
                                sling:resourceType="granite/ui/components/foundation/form/multifield"
                                fieldLabel="Click on the + button to add Fields">
                                <field
                                    jcr:primaryType="nt:unstructured"
                                    sling:resourceType="granite/ui/components/foundation/form/fieldset"
                                    acs-commons-nested="NODE_STORE"
                                    name="./configs">
                                    <layout
                                        jcr:primaryType="nt:unstructured"
                                        sling:resouceType="granite/ui/components/foundation/layouts/fixedcolumns"
                                        method="absolute"/>
                                    <items jcr:primaryType="nt:unstructured">
                                        <column
                                            jcr:primaryType="nt:unstructured"
                                            sling:resourceType="granite/ui/components/foundation/container">
                                            <items jcr:primaryType="nt:unstructured">
                                                <image
                                                    jcr:primaryType="nt:unstructured"
                                                    sling:resourceType="granite/ui/components/foundation/form/pathbrowser"
                                                    fieldLabel="Image Path"
                                                    key="image"
                                                    maxLength="64"
                                                    name="./image"
                                                    required="true"
                                                    rootPath="/content/dam"/>
                                                <link
                                                    jcr:primaryType="nt:unstructured"
                                                    sling:resourceType="granite/ui/components/foundation/form/pathbrowser"
                                                    fieldLabel="Page Link"
                                                    name="./link"/>
                                            </items>
                                        </column>
                                    </items>
                                </field>
                            </multifield>
                        </items>
                    </columns>
                </items>
            </imageconfiguration>
        </items>
    </content>
</jcr:root>
