<?xml version="1.0" encoding="UTF-8"?>
<jcr:root xmlns:cq="http://www.day.com/jcr/cq/1.0" xmlns:jcr="http://www.jcp.org/jcr/1.0" xmlns:nt="http://www.jcp.org/jcr/nt/1.0"
    jcr:primaryType="cq:Dialog"
    title="Dialog"
    xtype="dialog">
    <items
        jcr:primaryType="cq:Widget"
        xtype="tabpanel">
        <items jcr:primaryType="cq:WidgetCollection">
            <tab1
                jcr:primaryType="cq:Panel"
                title="Text With Button">
                <items jcr:primaryType="cq:WidgetCollection">
                    <formtype
                        jcr:primaryType="cq:Widget"
                        fieldLabel="Form Type"
                        name="./formtype"
                        type="select"
                        xtype="selection">
                        <options jcr:primaryType="cq:WidgetCollection">
                            <customerform
                                jcr:primaryType="nt:unstructured"
                                text="Customer Service Forms"
                                value="cF"/>
                            <newform
                                jcr:primaryType="nt:unstructured"
                                text="New Forms"
                                value="nF"/>
                            <leadgenerationforms
                                jcr:primaryType="nt:unstructured"
                                text="Lead Generation Forms"
                                value="LeadGenerationForms"/>
                        </options>
                    </formtype>
                    <buttontitle
                        jcr:primaryType="cq:Widget"
                        fieldLabel="Button Title"
                        name="./buttonTitle"
                        xtype="textfield"/>
                    <groupname
                        jcr:primaryType="cq:Widget"
                        fieldLabel="Site Name"
                        name="./groupname"
                        type="select"
                        xtype="selection">
                        <options jcr:primaryType="cq:WidgetCollection">
                            <jhsalesnet
                                jcr:primaryType="nt:unstructured"
                                text="JHSalesNet"
                                value="JHSalesNet"/>
                            <jhmgroup
                                jcr:primaryType="nt:unstructured"
                                text="JHMGroup"
                                value="JHMGroup"/>
                            <jhedwardjones
                                jcr:primaryType="nt:unstructured"
                                text="JHEdwardJones"
                                value="JHEdwardJones"/>
                            <leadgeneration
                                jcr:primaryType="nt:unstructured"
                                text="Lead Generation"
                                value="LeadGeneration"/>
                        </options>
                    </groupname>
                </items>
            </tab1>
        </items>
    </items>
</jcr:root>
