<?xml version="1.0" encoding="UTF-8"?>
<jcr:root xmlns:cq="http://www.day.com/jcr/cq/1.0" xmlns:jcr="http://www.jcp.org/jcr/1.0" xmlns:nt="http://www.jcp.org/jcr/nt/1.0"
    jcr:primaryType="cq:Dialog"
    title="Dialog"
    width="1000"
    xtype="dialog">
    <items
        jcr:primaryType="cq:Widget"
        xtype="tabpanel">
        <items jcr:primaryType="cq:WidgetCollection">
            <tab1
                jcr:primaryType="cq:Panel"
                title="Heading">
                <items jcr:primaryType="cq:WidgetCollection">
                    <heading
                        jcr:primaryType="cq:Widget"
                        fieldLabel="Heading"
                        name="./heading"
                        xtype="textfield"/>
                    <button
                        jcr:primaryType="cq:Widget"
                        collapsed="{Boolean}false"
                        collapsible="{Boolean}true"
                        title="Button Configuration"
                        xtype="dialogfieldset">
                        <items jcr:primaryType="cq:WidgetCollection">
                            <buttonconfiguration
                                jcr:primaryType="cq:Widget"
                                baseName="value_"
                                fieldDescription="Configure two buttons"
                                fieldLabel="Configure button"
                                maxLimit="2"
                                name="./buttonconfiguration"
                                width="800"
                                xtype="mtmulticompositefield">
                                <fieldConfigs jcr:primaryType="cq:WidgetCollection">
                                    <text
                                        jcr:primaryType="cq:Widget"
                                        allowBlank="false"
                                        fieldLabel="Text"
                                        name="text"
                                        width="400"
                                        xtype="textfield"/>
                                    <buttonlabel
                                        jcr:primaryType="cq:Widget"
                                        fieldLabel="Button Label"
                                        name="buttonlabel"
                                        width="400"
                                        xtype="textfield"/>
                                    <linktype
                                        jcr:primaryType="cq:Widget"
                                        allowBlank="false"
                                        fieldLabel="Choose Link Type"
                                        name="linktype"
                                        type="select"
                                        width="400"
                                        xtype="selection">
                                        <options jcr:primaryType="cq:WidgetCollection">
                                            <externallink
                                                jcr:primaryType="nt:unstructured"
                                                text="externallink"
                                                value="externallink"
                                                width="400"/>
                                            <internallink
                                                jcr:primaryType="nt:unstructured"
                                                text="internallink"
                                                value="internallink"
                                                width="400"/>
                                        </options>
                                    </linktype>
                                    <path
                                        jcr:primaryType="cq:Widget"
                                        allowBlank="false"
                                        fieldLabel="Choose Path"
                                        name="path"
                                        width="400"
                                        xtype="pathfield"/>
                                </fieldConfigs>
                            </buttonconfiguration>
                        </items>
                    </button>
                    <links
                        jcr:primaryType="cq:Widget"
                        collapsed="{Boolean}false"
                        collapsible="{Boolean}true"
                        title="Link Configuration"
                        xtype="dialogfieldset">
                        <items jcr:primaryType="cq:WidgetCollection">
                            <linkconfiguration
                                jcr:primaryType="cq:Widget"
                                baseName="value1_"
                                fieldLabel="Configure Links"
                                name="./linkconfiguration"
                                width="800"
                                xtype="mtmulticompositefield">
                                <fieldConfigs jcr:primaryType="cq:WidgetCollection">
                                    <linklabel
                                        jcr:primaryType="cq:Widget"
                                        allowBlank="false"
                                        fieldLabel="Link Label"
                                        name="linklabel"
                                        width="400"
                                        xtype="textfield"/>
                                    <linktype
                                        jcr:primaryType="cq:Widget"
                                        allowBlank="false"
                                        autoWidth="{Boolean}false"
                                        fieldLabel="Choose Link Type"
                                        name="linktype"
                                        type="select"
                                        width="400"
                                        xtype="selection">
                                        <options jcr:primaryType="cq:WidgetCollection">
                                            <externallink
                                                jcr:primaryType="nt:unstructured"
                                                text="externallink"
                                                value="externallink"/>
                                            <internallink
                                                jcr:primaryType="nt:unstructured"
                                                text="internallink"
                                                value="internallink"/>
                                        </options>
                                    </linktype>
                                    <path
                                        jcr:primaryType="cq:Widget"
                                        allowBlank="false"
                                        fieldLabel="Choose Path"
                                        name="path"
                                        width="400"
                                        xtype="pathfield"/>
                                </fieldConfigs>
                            </linkconfiguration>
                        </items>
                    </links>
                </items>
            </tab1>
        </items>
    </items>
</jcr:root>
