<?xml version="1.0" encoding="UTF-8"?>
<jcr:root xmlns:cq="http://www.day.com/jcr/cq/1.0" xmlns:jcr="http://www.jcp.org/jcr/1.0"
    jcr:primaryType="cq:Dialog"
    title="GOTO"
    width="700"
    xtype="dialog">
    <items
        jcr:primaryType="cq:Widget"
        xtype="tabpanel">
        <items jcr:primaryType="cq:WidgetCollection">
            <tab1
                jcr:primaryType="cq:Panel"
                title="Go to">
                <items jcr:primaryType="cq:WidgetCollection">
                    <heading
                        jcr:primaryType="cq:Widget"
                        fieldLabel="Enter heading"
                        name="./heading"
                        xtype="textfield"/>
                    <labellink
                        jcr:primaryType="cq:Widget"
                        baseName="goto_"
                        fieldLabel="Go To Configs"
                        name="./labelLink"
                        prefix="./"
                        xtype="mtmulticompositefield">
                        <fieldConfigs jcr:primaryType="cq:WidgetCollection">
                            <label
                                jcr:primaryType="cq:Widget"
                                fieldLabel="Enter Label"
                                name="labelName"
                                xtype="textfield"/>
                            <link
                                jcr:primaryType="cq:Widget"
                                fieldDescription="Please give the name of the table you want to Link"
                                fieldLabel="Enter Link"
                                name="linkName"
                                xtype="textfield"/>
                        </fieldConfigs>
                    </labellink>
                </items>
            </tab1>
        </items>
    </items>
</jcr:root>
