<?xml version="1.0" encoding="UTF-8"?>
<jcr:root xmlns:cq="http://www.day.com/jcr/cq/1.0" xmlns:jcr="http://www.jcp.org/jcr/1.0" xmlns:nt="http://www.jcp.org/jcr/nt/1.0"
    jcr:primaryType="cq:Dialog"
    title="Edit Footer Column"
    width="700"
    xtype="dialog">
    <items
        jcr:primaryType="nt:unstructured"
        xtype="tabpanel">
        <items jcr:primaryType="cq:WidgetCollection">
            <footerlinks
                jcr:primaryType="cq:Widget"
                title="Footer Links"
                xtype="panel">
                <items jcr:primaryType="cq:WidgetCollection">
                    <title
                        jcr:primaryType="cq:Widget"
                        allowBlank="{Boolean}true"
                        fieldLabel="Title"
                        name="./title"
                        xtype="textfield"/>
                    <titlelink
                        jcr:primaryType="cq:Widget"
                        fieldDescription="Please enter a link for the Title"
                        fieldLabel="Link"
                        name="./titlelink"
                        xtype="pathfield"/>
                    <footerlinks
                        jcr:primaryType="cq:Widget"
                        baseName="footerlink_"
                        fieldDescription="Click on the + button to add Fields."
                        fieldLabel="Footer Links"
                        name="./footerlinks"
                        prefix="./"
                        xtype="mtmulticompositefield">
                        <fieldConfigs jcr:primaryType="cq:WidgetCollection">
                            <title
                                jcr:primaryType="cq:Widget"
                                allowBlank="{Boolean}false"
                                fieldLabel="Title"
                                maxLength="64"
                                name="title"
                                xtype="textfield"/>
                            <link
                                jcr:primaryType="cq:Widget"
                                allowBlank="{Boolean}false"
                                fieldLabel="Link"
                                name="link"
                                xtype="pathfield"/>
                        </fieldConfigs>
                    </footerlinks>
                </items>
            </footerlinks>
        </items>
    </items>
</jcr:root>
