<?xml version="1.0" encoding="UTF-8"?>
<jcr:root xmlns:cq="http://www.day.com/jcr/cq/1.0" xmlns:jcr="http://www.jcp.org/jcr/1.0" xmlns:nt="http://www.jcp.org/jcr/nt/1.0"
    jcr:primaryType="cq:Dialog"
    title="Tab Panel"
    width="800"
    xtype="dialog">
    <items
        jcr:primaryType="cq:Widget"
        xtype="tabpanel">
        <items jcr:primaryType="cq:WidgetCollection">
            <tabconfiguration
                jcr:primaryType="cq:Widget"
                title="Tab Configuration"
                xtype="panel">
                <items jcr:primaryType="cq:WidgetCollection">
                    <tabtype
                        jcr:primaryType="cq:Widget"
                        allowBlank="{Boolean}false"
                        fieldLabel="Tab Type"
                        name="./tabType"
                        type="select"
                        xtype="selection">
                        <options jcr:primaryType="cq:WidgetCollection">
                            <normal
                                jcr:primaryType="nt:unstructured"
                                text="Normal Tabs"
                                value="normal"/>
                            <small
                                jcr:primaryType="nt:unstructured"
                                text="Small Tabs"
                                value="smalltabs"/>
                            <vertical
                                jcr:primaryType="nt:unstructured"
                                text="Vertical Tabs"
                                value="vertical"/>
                            <normalinnertab
                                jcr:primaryType="nt:unstructured"
                                text="Normal  Inner Tabs"
                                value="normalinnertab"/>
                            <rightaligntab
                                jcr:primaryType="nt:unstructured"
                                text="Right Align Tab"
                                value="rightaligntab"/>
                            <fundvertical
                                jcr:primaryType="nt:unstructured"
                                text="Fund Vertical Tabs"
                                value="fundvertical"/>
                        </options>
                        <listeners
                            jcr:primaryType="nt:unstructured"
                            selectionchanged="function()&#xa;{&#xa;var value=this.getValue();&#xa;var dlg = this.findParentByType('dialog');&#xa;var titleField = dlg.getField('./innertabtitle');&#xa;titleField.hide();&#xa;if(value==&quot;normalinnertab&quot;)&#xa;{&#xa;titleField.show();&#xa;}&#xa;}&#xa;&#xa;"/>
                    </tabtype>
                    <innertabtitle
                        jcr:primaryType="cq:Widget"
                        fieldLabel="Title :"
                        name="./innertabtitle"
                        xtype="textfield"/>
                    <columnwidth
                        jcr:primaryType="cq:Widget"
                        defaultValue="-select-"
                        fieldDescription="If no  option is chosen default value will be 8 "
                        fieldLabel="Choose Column width"
                        name="./columnwidth"
                        type="select"
                        value="select"
                        xtype="selection">
                        <options jcr:primaryType="cq:WidgetCollection">
                            <width1
                                jcr:primaryType="nt:unstructured"
                                text="2"
                                value="2"/>
                            <width2
                                jcr:primaryType="nt:unstructured"
                                text="4"
                                value="4"/>
                            <width3
                                jcr:primaryType="nt:unstructured"
                                text="6"
                                value="6"/>
                            <width4
                                jcr:primaryType="nt:unstructured"
                                text="8"
                                value="8"/>
                        </options>
                    </columnwidth>
                    <tabconfigs
                        jcr:primaryType="cq:Panel"
                        title="Tab Configurations">
                        <items jcr:primaryType="cq:WidgetCollection">
                            <tabconfig
                                jcr:primaryType="cq:Widget"
                                baseName="tab_"
                                fieldDescription="Click on the + button to add the Options"
                                name="./tabs"
                                prefix="./"
                                xtype="mtmulticompositefield">
                                <fieldConfigs jcr:primaryType="cq:WidgetCollection">
                                    <label
                                        jcr:primaryType="cq:Widget"
                                        allowBlank="{Boolean}false"
                                        fieldLabel="Tab Label"
                                        maxLength="64"
                                        name="label"
                                        width="300"
                                        xtype="textfield"/>
                                    <link
                                        jcr:primaryType="cq:Widget"
                                        fieldDescription="Please select the page where the content for this tab is authored"
                                        fieldLabel="Link"
                                        linkPattern="\{0}.html"
                                        name="link"
                                        width="300"
                                        xtype="pathfield"/>
                                </fieldConfigs>
                            </tabconfig>
                        </items>
                    </tabconfigs>
                </items>
            </tabconfiguration>
        </items>
    </items>
</jcr:root>
