<?xml version="1.0" encoding="UTF-8"?>
<jcr:root xmlns:sling="http://sling.apache.org/jcr/sling/1.0" xmlns:cq="http://www.day.com/jcr/cq/1.0" xmlns:jcr="http://www.jcp.org/jcr/1.0" xmlns:nt="http://www.jcp.org/jcr/nt/1.0"
    jcr:primaryType="nt:unstructured"
    jcr:title="Button"
    sling:resourceType="cq/gui/components/authoring/dialog"
    extraClientlibs="[cq.jhas.dialog,jhas.author.button]">
    <content
        jcr:primaryType="nt:unstructured"
        sling:resourceType="granite/ui/components/foundation/container">
        <layout
            jcr:primaryType="nt:unstructured"
            sling:resourceType="granite/ui/components/foundation/layouts/tabs"
            type="nav"/>
        <items jcr:primaryType="nt:unstructured">
            <tab1
                jcr:primaryType="nt:unstructured"
                jcr:title="Button"
                sling:resourceType="granite/ui/components/foundation/container">
                <layout
                    jcr:primaryType="nt:unstructured"
                    sling:resourceType="granite/ui/components/foundation/layouts/fixedcolumns"/>
                <items jcr:primaryType="nt:unstructured">
                    <columns
                        jcr:primaryType="nt:unstructured"
                        sling:resourceType="granite/ui/components/foundation/container">
                        <items jcr:primaryType="nt:unstructured">
                            <buttontype
                                jcr:primaryType="nt:unstructured"
                                sling:resourceType="granite/ui/components/foundation/container">
                                <items jcr:primaryType="nt:unstructured">
                                    <heading
                                        jcr:primaryType="nt:unstructured"
                                        sling:resourceType="granite/ui/components/foundation/heading"
                                        class="coral-Heading coral-Heading--2"
                                        level="{Long}4"
                                        text="Button Type"/>
                                    <buttonList
                                        jcr:primaryType="nt:unstructured"
                                        sling:resourceType="granite/ui/components/foundation/container"
                                        class="button-radio-size">
                                        <layout
                                            jcr:primaryType="nt:unstructured"
                                            sling:resourceType="granite/ui/components/foundation/layouts/well"/>
                                        <items jcr:primaryType="nt:unstructured">
                                            <primarybutton
                                                jcr:primaryType="nt:unstructured"
                                                sling:resourceType="granite/ui/components/foundation/form/radio"
                                                class="buttonsection"
                                                name="./buttonTypeName"
                                                renderReadOnly="{Boolean}true"
                                                text="Primary Button"
                                                value="primaryButton"/>
                                            <secondrybutton
                                                jcr:primaryType="nt:unstructured"
                                                sling:resourceType="granite/ui/components/foundation/form/radio"
                                                class="buttonsection"
                                                name="./buttonTypeName"
                                                renderReadOnly="{Boolean}true"
                                                text="Secondary Button"
                                                value="secondaryButton"/>
                                            <tertiarybutton
                                                jcr:primaryType="nt:unstructured"
                                                sling:resourceType="granite/ui/components/foundation/form/radio"
                                                class="buttonsection"
                                                name="./buttonTypeName"
                                                renderReadOnly="{Boolean}true"
                                                text="Tertiary Button"
                                                value="tertiaryButton"/>
                                        </items>
                                    </buttonList>
                                </items>
                            </buttontype>
                            <buttoncolorsection
                                jcr:primaryType="nt:unstructured"
                                sling:resourceType="granite/ui/components/foundation/container">
                                <items jcr:primaryType="nt:unstructured">
                                    <heading
                                        jcr:primaryType="nt:unstructured"
                                        sling:resourceType="granite/ui/components/foundation/heading"
                                        class="coral-Heading coral-Heading--2"
                                        level="{Long}4"
                                        text="Button Color"/>
                                    <well
                                        jcr:primaryType="nt:unstructured"
                                        sling:resourceType="granite/ui/components/foundation/container">
                                        <layout
                                            jcr:primaryType="nt:unstructured"
                                            sling:resourceType="granite/ui/components/foundation/layouts/well"/>
                                        <items jcr:primaryType="nt:unstructured">
                                            <hexbuttoncolor
                                                jcr:primaryType="nt:unstructured"
                                                sling:resourceType="granite/ui/components/foundation/form/textfield"
                                                fieldLabel="Custom Hex-code"
                                                name="./hexbuttoncolor"/>
                                        </items>
                                    </well>
                                </items>
                            </buttoncolorsection>
                            <iconselector
                                jcr:primaryType="nt:unstructured"
                                sling:resourceType="granite/ui/components/foundation/container">
                                <items jcr:primaryType="nt:unstructured">
                                    <heading
                                        jcr:primaryType="nt:unstructured"
                                        sling:resourceType="granite/ui/components/foundation/heading"
                                        class="coral-Heading coral-Heading--2"
                                        level="{Long}4"
                                        text="Select Icon"/>
                                    <well
                                        jcr:primaryType="nt:unstructured"
                                        sling:resourceType="granite/ui/components/foundation/container">
                                        <layout
                                            jcr:primaryType="nt:unstructured"
                                            sling:resourceType="granite/ui/components/foundation/layouts/well"/>
                                        <items jcr:primaryType="nt:unstructured">
                                            <iconpicker
                                                jcr:primaryType="nt:unstructured"
                                                sling:resourceType="acs-commons/components/authoring/graphiciconselect"
                                                fieldLabel="Icon Picker"
                                                name="./iconPicker">
                                                <datasource
                                                    jcr:primaryType="nt:unstructured"
                                                    sling:resourceType="acs-commons/components/utilities/genericlist/datasource"
                                                    path="[/apps/settings/wcm/designs/lists/ion-icons]"/>
                                            </iconpicker>
                                            <iconposition
                                                jcr:primaryType="nt:unstructured"
                                                sling:resourceType="granite/ui/components/foundation/form/select"
                                                fieldDescription="Select postion of icon before or after the text"
                                                fieldLabel="Select Position"
                                                name="./iconPosition">
                                                <items jcr:primaryType="nt:unstructured">
                                                    <left
                                                        jcr:primaryType="nt:unstructured"
                                                        text="Left of Text"
                                                        value="button__icon--left"/>
                                                    <right
                                                        jcr:primaryType="nt:unstructured"
                                                        text="Right of Text"
                                                        value="button__icon--right"/>
                                                </items>
                                            </iconposition>
                                        </items>
                                    </well>
                                </items>
                            </iconselector>
                            <buttonname
                                jcr:primaryType="nt:unstructured"
                                sling:resourceType="granite/ui/components/foundation/form/textfield"
                                fieldLabel="Button Text"
                                name="./buttonName"/>
                            <path
                                jcr:primaryType="nt:unstructured"
                                sling:resourceType="granite/ui/components/foundation/form/pathbrowser"
                                fieldDescription="Select a Path starts with 'https://' or  '/content'"
                                fieldLabel="Button URL"
                                name="./buttonPath"/>
                            <openOptions
                                jcr:primaryType="nt:unstructured"
                                sling:resourceType="granite/ui/components/foundation/form/select"
                                fieldLabel="Open with"
                                name="./options">
                                <items jcr:primaryType="nt:unstructured">
                                    <samewindow
                                        jcr:primaryType="nt:unstructured"
                                        text="Same Window"
                                        value="_self"/>
                                    <newwindow
                                        jcr:primaryType="nt:unstructured"
                                        text="New Window"
                                        value="_blank"/>
                                </items>
                            </openOptions>
                            <alignment
                                jcr:primaryType="nt:unstructured"
                                sling:resourceType="granite/ui/components/foundation/form/select"
                                fieldLabel="Button Position"
                                name="./alignment">
                                <items jcr:primaryType="nt:unstructured">
                                    <left
                                        jcr:primaryType="nt:unstructured"
                                        text="Left"
                                        value="left"/>
                                    <right
                                        jcr:primaryType="nt:unstructured"
                                        text="Right"
                                        value="right"/>
                                    <center
                                        jcr:primaryType="nt:unstructured"
                                        text="Center"
                                        value="center"/>
                                </items>
                            </alignment>
                            <buttonCheck
                                jcr:primaryType="nt:unstructured"
                                sling:resourceType="granite/ui/components/foundation/form/checkbox"
                                fieldLabel="Button Position"
                                name="./buttonCheck"
                                text="Disable Button"
                                value="yes"/>
                            <modalid
                                jcr:primaryType="nt:unstructured"
                                sling:resourceType="granite/ui/components/foundation/form/textfield"
                                fieldLabel="Enter Modal ID"
                                name="./modalId"/>
                        </items>
                    </columns>
                </items>
            </tab1>
        </items>
    </content>
</jcr:root>
