<?xml version="1.0" encoding="UTF-8"?>
<jcr:root xmlns:cq="http://www.day.com/jcr/cq/1.0" xmlns:jcr="http://www.jcp.org/jcr/1.0" xmlns:nt="http://www.jcp.org/jcr/nt/1.0"
    jcr:primaryType="cq:Dialog"
    title="Dialog"
    xtype="dialog">
    <items
        jcr:primaryType="cq:Widget"
        xtype="tabpanel">
        <items jcr:primaryType="cq:WidgetCollection">
            <tab1
                jcr:primaryType="cq:Panel"
                title="Configure">
                <items jcr:primaryType="cq:WidgetCollection">
                    <title
                        jcr:primaryType="cq:Widget"
                        allowBlank="false"
                        fieldLabel="Title :"
                        name="./title"
                        xtype="textfield"/>
                    <altclass
                        jcr:primaryType="cq:Widget"
                        fieldLabel="Alternate  Class"
                        name="./altclass"
                        type="checkbox"
                        xtype="selection"/>
                    <type
                        jcr:primaryType="cq:Widget"
                        allowBlank="false"
                        fieldLabel="Title Type"
                        name="./titletype"
                        type="select"
                        xtype="selection">
                        <options jcr:primaryType="cq:WidgetCollection">
                            <heading1
                                jcr:primaryType="nt:unstructured"
                                text="Heading1"
                                value="h1"
                                width="400"/>
                            <heading2
                                jcr:primaryType="nt:unstructured"
                                text="Heading2"
                                value="h2"
                                width="400"/>
                            <heading3
                                jcr:primaryType="nt:unstructured"
                                text="Heading3"
                                value="h3"
                                width="400"/>
                            <heading4
                                jcr:primaryType="nt:unstructured"
                                text="Heading4"
                                value="h4"
                                width="400"/>
                        </options>
                    </type>
                </items>
            </tab1>
        </items>
    </items>
</jcr:root>
