<?xml version="1.0" encoding="UTF-8"?>
<jcr:root xmlns:sling="http://sling.apache.org/jcr/sling/1.0" xmlns:jcr="http://www.jcp.org/jcr/1.0" xmlns:nt="http://www.jcp.org/jcr/nt/1.0"
    jcr:primaryType="nt:unstructured"
    sling:resourceType="granite/ui/components/coral/foundation/tabs"
    maximized="{Boolean}true">
    <items jcr:primaryType="nt:unstructured">
        <tab1
            jcr:primaryType="nt:unstructured"
            jcr:title="Basic"
            sling:resourceType="granite/ui/components/coral/foundation/container"
            margin="{Boolean}true">
            <items jcr:primaryType="nt:unstructured">
                <columns
                    jcr:primaryType="nt:unstructured"
                    sling:resourceType="granite/ui/components/coral/foundation/fixedcolumns">
                    <items jcr:primaryType="nt:unstructured">
                        <column
                            jcr:primaryType="nt:unstructured"
                            sling:resourceType="granite/ui/components/coral/foundation/container">
                            <items jcr:primaryType="nt:unstructured">
                                <tags
                                    jcr:primaryType="nt:unstructured"
                                    sling:resourceType="cq/gui/components/common/tagspicker"
                                    cls="cq-propsdialog-tags"
                                    fieldLabel="Tags/Keywords"
                                    name="./cq:tags"/>
                            </items>
                        </column>
                    </items>
                </columns>
            </items>
        </tab1>
    </items>
</jcr:root>
