<?xml version="1.0" encoding="UTF-8"?>
<jcr:root xmlns:cq="http://www.day.com/jcr/cq/1.0" xmlns:jcr="http://www.jcp.org/jcr/1.0" xmlns:nt="http://www.jcp.org/jcr/nt/1.0"
    jcr:primaryType="cq:Dialog"
    title="Dialog"
    xtype="dialog">
    <items
        jcr:primaryType="cq:Widget"
        xtype="tabpanel">
        <items jcr:primaryType="cq:WidgetCollection">
            <tab1
                jcr:primaryType="cq:Panel"
                title="Search Screen Config">
                <items jcr:primaryType="cq:WidgetCollection">
                    <heading
                        jcr:primaryType="cq:Widget"
                        fieldLabel="Enter Heading"
                        name="./heading"
                        xtype="textfield"/>
                    <contactUs
                        jcr:primaryType="cq:Widget"
                        fieldLabel="Enter Contact Detail"
                        name="./contactUs"
                        xtype="richtext">
                        <rtePlugins jcr:primaryType="nt:unstructured">
                            <table
                                jcr:primaryType="nt:unstructured"
                                features="*"/>
                            <styles
                                jcr:primaryType="nt:unstructured"
                                features="*">
                                <styles jcr:primaryType="cq:WidgetCollection">
                                    <style1
                                        jcr:primaryType="nt:unstructured"
                                        cssName="cssClass"
                                        text="class1"/>
                                    <style2
                                        jcr:primaryType="nt:unstructured"
                                        cssName="cssClass2"
                                        text="class2"/>
                                    <style3
                                        jcr:primaryType="nt:unstructured"
                                        cssName="boxed"
                                        text="Box"/>
                                </styles>
                            </styles>
                            <paraformat
                                jcr:primaryType="nt:unstructured"
                                features="*">
                                <formats jcr:primaryType="cq:WidgetCollection">
                                    <format1
                                        jcr:primaryType="nt:unstructured"
                                        description="Heading1"
                                        tag="h1"/>
                                    <format2
                                        jcr:primaryType="nt:unstructured"
                                        description="Heading2"
                                        tag="h2"/>
                                    <format3
                                        jcr:primaryType="nt:unstructured"
                                        description="Heading3"
                                        tag="h3"/>
                                    <format4
                                        jcr:primaryType="nt:unstructured"
                                        description="Heading4"
                                        tag="h4"/>
                                    <format5
                                        jcr:primaryType="nt:unstructured"
                                        description="paragraph"
                                        tag="p"/>
                                </formats>
                            </paraformat>
                            <undo
                                jcr:primaryType="nt:unstructured"
                                features="*"/>
                            <subsuperscript
                                jcr:primaryType="nt:unstructured"
                                features="*"/>
                            <misctools
                                jcr:primaryType="nt:unstructured"
                                features="*"/>
                        </rtePlugins>
                    </contactUs>
                </items>
            </tab1>
            <tab2
                jcr:primaryType="cq:Panel"
                title="Details Screen Config">
                <items jcr:primaryType="cq:WidgetCollection">
                    <contactUsText
                        jcr:primaryType="cq:Widget"
                        fieldLabel="Enter Contact Number "
                        name="./contactUsText"
                        xtype="textfield"/>
                </items>
            </tab2>
            <tab3
                jcr:primaryType="cq:Panel"
                title="Popup Config">
                <items jcr:primaryType="cq:WidgetCollection">
                    <popupTitle
                        jcr:primaryType="cq:Widget"
                        fieldLabel="Enter Title"
                        name="./popupTitle"
                        xtype="textfield"/>
                </items>
            </tab3>
            <tab4
                jcr:primaryType="cq:Panel"
                title="Popup Message">
                <items jcr:primaryType="cq:WidgetCollection">
                    <richtext
                        jcr:primaryType="cq:Widget"
                        fieldLabel="Enter Popup Message"
                        name="./popupMessage"
                        xtype="richtext">
                        <rtePlugins jcr:primaryType="nt:unstructured">
                            <table
                                jcr:primaryType="nt:unstructured"
                                features="*"/>
                            <styles
                                jcr:primaryType="nt:unstructured"
                                features="*">
                                <styles jcr:primaryType="cq:WidgetCollection">
                                    <style1
                                        jcr:primaryType="nt:unstructured"
                                        cssName="cssClass"
                                        text="class1"/>
                                    <style2
                                        jcr:primaryType="nt:unstructured"
                                        cssName="cssClass2"
                                        text="class2"/>
                                    <style3
                                        jcr:primaryType="nt:unstructured"
                                        cssName="boxed"
                                        text="Box"/>
                                </styles>
                            </styles>
                            <paraformat
                                jcr:primaryType="nt:unstructured"
                                features="*">
                                <formats jcr:primaryType="cq:WidgetCollection">
                                    <format1
                                        jcr:primaryType="nt:unstructured"
                                        description="Heading1"
                                        tag="h1"/>
                                    <format2
                                        jcr:primaryType="nt:unstructured"
                                        description="Heading2"
                                        tag="h2"/>
                                    <format3
                                        jcr:primaryType="nt:unstructured"
                                        description="Heading3"
                                        tag="h3"/>
                                    <format4
                                        jcr:primaryType="nt:unstructured"
                                        description="Heading4"
                                        tag="h4"/>
                                    <format5
                                        jcr:primaryType="nt:unstructured"
                                        description="paragraph"
                                        tag="p"/>
                                </formats>
                            </paraformat>
                            <undo
                                jcr:primaryType="nt:unstructured"
                                features="*"/>
                            <subsuperscript
                                jcr:primaryType="nt:unstructured"
                                features="*"/>
                            <misctools
                                jcr:primaryType="nt:unstructured"
                                features="*"/>
                        </rtePlugins>
                    </richtext>
                </items>
            </tab4>
        </items>
    </items>
</jcr:root>
