<?xml version="1.0" encoding="UTF-8"?>
<jcr:root xmlns:cq="http://www.day.com/jcr/cq/1.0" xmlns:jcr="http://www.jcp.org/jcr/1.0" xmlns:nt="http://www.jcp.org/jcr/nt/1.0"
    jcr:primaryType="cq:Dialog"
    xtype="dialog">
    <items
        jcr:primaryType="cq:Widget"
        xtype="tabpanel">
        <items jcr:primaryType="cq:WidgetCollection">
            <tab1
                jcr:primaryType="cq:Panel"
                title="Configuration">
                <items jcr:primaryType="cq:WidgetCollection">
                    <heading
                        jcr:primaryType="cq:Widget"
                        fieldDescription="Applicable only for Generic List"
                        fieldLabel="Heading"
                        name="./heading"
                        xtype="textfield"/>
                    <title
                        jcr:primaryType="cq:Widget"
                        fieldLabel="Title"
                        name="./title"
                        xtype="textfield"/>
                    <titlelinktype
                        jcr:primaryType="cq:Widget"
                        fieldLabel="Title Link Type"
                        name="./linktype"
                        type="select"
                        width="200"
                        xtype="selection">
                        <options jcr:primaryType="cq:WidgetCollection">
                            <externallink
                                jcr:primaryType="nt:unstructured"
                                text="externallink"
                                value="externallink"
                                width="400"/>
                            <internallink
                                jcr:primaryType="nt:unstructured"
                                text="internallink"
                                value="internallink"
                                width="400"/>
                        </options>
                    </titlelinktype>
                    <titleLink
                        jcr:primaryType="cq:Widget"
                        fieldLabel="Title Link"
                        name="./tlink"
                        rootPath="/content/MNBD"
                        xtype="pathfield"/>
                    <box
                        jcr:primaryType="cq:Widget"
                        fieldDescription="&lt;b>Please enter this only if needs to display any content in box along with title &lt;/b> for eg:- &lt;small class=&quot;boxed&quot;>LTC&lt;/small>"
                        fieldLabel="Boxed Label"
                        name="./boxLabel"
                        xtype="textfield"/>
                    <horizontalline
                        jcr:primaryType="cq:Widget"
                        fieldLabel="Horizontal Line"
                        name="./hr"
                        type="checkbox"
                        xtype="selection"/>
                    <select_listType
                        jcr:primaryType="cq:Widget"
                        fieldLabel="Select List Type"
                        name="./style"
                        type="select"
                        xtype="selection">
                        <options jcr:primaryType="cq:WidgetCollection">
                            <descriptionlist
                                jcr:primaryType="nt:unstructured"
                                text="Description Link List"
                                value="descriptionlist"/>
                            <genericlist
                                jcr:primaryType="nt:unstructured"
                                text="Generic Link List"
                                value="genericlist"/>
                            <bulletlist
                                jcr:primaryType="nt:unstructured"
                                text="List With Bullet"
                                value="bulletlist"/>
                            <inlinelist
                                jcr:primaryType="nt:unstructured"
                                text="Inline Link List"
                                value="inlinelist"/>
                            <illustratorlist
                                jcr:primaryType="nt:unstructured"
                                text="Illustrator List"
                                value="illustratorlist"/>
                            <businesslist
                                jcr:primaryType="nt:unstructured"
                                text="Business List"
                                value="businesslist"/>
                        </options>
                    </select_listType>
                    <list
                        jcr:primaryType="cq:Panel"
                        title="Link Configuration">
                        <items jcr:primaryType="cq:WidgetCollection">
                            <link
                                jcr:primaryType="cq:Widget"
                                baseName="item_"
                                fieldLabel="Links"
                                name="./link"
                                xtype="mtmulticompositefield">
                                <fieldConfigs jcr:primaryType="cq:WidgetCollection">
                                    <label
                                        jcr:primaryType="cq:Widget"
                                        fieldLabel="Label"
                                        name="label"
                                        xtype="textfield"/>
                                    <linktype
                                        jcr:primaryType="cq:Widget"
                                        allowBlank="false"
                                        fieldLabel="Choose Link Type"
                                        name="linktype"
                                        type="select"
                                        width="200"
                                        xtype="selection">
                                        <options jcr:primaryType="cq:WidgetCollection">
                                            <externallink
                                                jcr:primaryType="nt:unstructured"
                                                text="externallink"
                                                value="externallink"
                                                width="400"/>
                                            <internallink
                                                jcr:primaryType="nt:unstructured"
                                                text="internallink"
                                                value="internallink"
                                                width="400"/>
                                        </options>
                                    </linktype>
                                    <link
                                        jcr:primaryType="cq:Widget"
                                        fieldLabel="Label Link"
                                        name="link"
                                        xtype="pathfield"/>
                                    <description
                                        jcr:primaryType="cq:Widget"
                                        fieldLabel="Description"
                                        name="description"
                                        xtype="textarea"/>
                                </fieldConfigs>
                            </link>
                        </items>
                    </list>
                </items>
            </tab1>
        </items>
    </items>
</jcr:root>
