<?xml version="1.0" encoding="UTF-8"?>
<jcr:root xmlns:sling="http://sling.apache.org/jcr/sling/1.0" xmlns:granite="http://www.adobe.com/jcr/granite/1.0" xmlns:cq="http://www.day.com/jcr/cq/1.0" xmlns:jcr="http://www.jcp.org/jcr/1.0" xmlns:nt="http://www.jcp.org/jcr/nt/1.0"
    jcr:primaryType="nt:unstructured"
    jcr:title="Mapping Configuration"
    sling:resourceType="cq/gui/components/authoring/dialog"
    extraClientlibs="[jhins.maxlinksallowed]"
    helpPath="en/cq/current/wcm/default_components.html#Text">
    <content
        jcr:primaryType="nt:unstructured"
        sling:resourceType="granite/ui/components/coral/foundation/container">
        <items jcr:primaryType="nt:unstructured">
            <tabs
                jcr:primaryType="nt:unstructured"
                sling:resourceType="granite/ui/components/coral/foundation/tabs"
                maximized="{Boolean}true">
                <items jcr:primaryType="nt:unstructured">
                    <mapping-details
                        jcr:primaryType="nt:unstructured"
                        jcr:title="MAPPING DETAILS"
                        sling:resourceType="granite/ui/components/coral/foundation/container"
                        margin="{Boolean}true">
                        <items jcr:primaryType="nt:unstructured">
                            <columns
                                jcr:primaryType="nt:unstructured"
                                sling:resourceType="granite/ui/components/coral/foundation/fixedcolumns">
                                <items jcr:primaryType="nt:unstructured">
                                    <column
                                        jcr:primaryType="nt:unstructured"
                                        sling:resourceType="granite/ui/components/coral/foundation/container">
                                        <items jcr:primaryType="nt:unstructured">
                                            <questionid
                                                jcr:primaryType="nt:unstructured"
                                                sling:resourceType="granite/ui/components/coral/foundation/form/textfield"
                                                fieldLabel="Question ID"
                                                name="./questionid"/>
                                            <mappingconfiguration
                                                jcr:primaryType="nt:unstructured"
                                                sling:resourceType="granite/ui/components/coral/foundation/form/multifield"
                                                baseName="colcontrol_"
                                                composite="{Boolean}true"
                                                fieldDescription="Click on the + button to add Fields"
                                                fieldLabel="MappingOptions"
                                                validation="multi-validate">
                                                <field
                                                    jcr:primaryType="nt:unstructured"
                                                    sling:resourceType="granite/ui/components/coral/foundation/container"
                                                    name="./multi">
                                                    <items jcr:primaryType="nt:unstructured">
                                                        <column
                                                            jcr:primaryType="nt:unstructured"
                                                            sling:resourceType="granite/ui/components/coral/foundation/container">
                                                            <items jcr:primaryType="nt:unstructured">
                                                                <mapping-config
                                                                    jcr:primaryType="nt:unstructured"
                                                                    sling:resourceType="granite/ui/components/coral/foundation/form/textfield"
                                                                    fieldDescription="Configure what questions to be loaded on selection of each option"
                                                                    fieldLabel="Mapping  Config options"
                                                                    name="./mappingconfig"/>
                                                            </items>
                                                        </column>
                                                    </items>
                                                </field>
                                                <granite:data
                                                    jcr:primaryType="nt:unstructured"
                                                    fieldlimit="5"/>
                                            </mappingconfiguration>
                                        </items>
                                    </column>
                                </items>
                            </columns>
                        </items>
                    </mapping-details>
                </items>
            </tabs>
        </items>
    </content>
</jcr:root>
