<?xml version="1.0" encoding="UTF-8"?>
<jcr:root xmlns:cq="http://www.day.com/jcr/cq/1.0" xmlns:jcr="http://www.jcp.org/jcr/1.0" xmlns:nt="http://www.jcp.org/jcr/nt/1.0"
    jcr:primaryType="cq:Dialog"
    xtype="dialog">
    <items
        jcr:primaryType="cq:Widget"
        xtype="tabpanel">
        <items jcr:primaryType="cq:WidgetCollection">
            <tab1
                jcr:primaryType="cq:Panel"
                title="Configuration">
                <items jcr:primaryType="cq:WidgetCollection">
                    <select_listType
                        jcr:primaryType="cq:Widget"
                        fieldLabel="Select your List Type"
                        name="./style"
                        type="select"
                        xtype="selection">
                        <options jcr:primaryType="cq:WidgetCollection">
                            <allnews
                                jcr:primaryType="nt:unstructured"
                                text="All News"
                                value="all"/>
                            <life
                                jcr:primaryType="nt:unstructured"
                                text="Life News"
                                value="life"/>
                            <ltc
                                jcr:primaryType="nt:unstructured"
                                text="LTC News"
                                value="ltcnews"/>
                        </options>
                    </select_listType>
                    <isMyNews
                        jcr:primaryType="cq:Widget"
                        fieldDescription="Personalize news results"
                        fieldLabel = "My News"
                        name="./ismynews"
                        type="checkbox"
                        xtype="selection"/>
                    <newslimit
                        jcr:primaryType="cq:Widget"
                        allowBlank="{Boolean}false"
                        fieldLabel="Items per page"
                        name="./limit"
                        xtype="numberfield"/>
                    <mynews
                        jcr:primaryType="cq:Widget"
                        editable="{Boolean}true"
                        fieldLabel="My News Page Path"
                        name="./mynews"
                        xtype="pathfield"/>
                    <lifenews
                        jcr:primaryType="cq:Widget"
                        editable="{Boolean}true"
                        fieldLabel="Life News Page Path"
                        name="./lifenews"
                        xtype="pathfield"/>
                    <ltcnews
                        jcr:primaryType="cq:Widget"
                        editable="{Boolean}true"
                        fieldLabel="LTC News Page Path"
                        name="./ltcnews"
                        xtype="pathfield"/>
                    <allnews
                        jcr:primaryType="cq:Widget"
                        editable="{Boolean}true"
                        fieldLabel="All News Page Path"
                        name="./allnews"
                        xtype="pathfield"/>
                </items>
            </tab1>
        </items>
    </items>
</jcr:root>
