<?xml version="1.0" encoding="UTF-8"?>
<jcr:root xmlns:cq="http://www.day.com/jcr/cq/1.0" xmlns:jcr="http://www.jcp.org/jcr/1.0"
    jcr:primaryType="cq:Dialog"
    width="600"
    xtype="dialog">
    <items
        jcr:primaryType="cq:Widget"
        xtype="tabpanel">
        <items jcr:primaryType="cq:WidgetCollection">
            <tab1
                jcr:primaryType="cq:Panel"
                title="Configuration">
                <items jcr:primaryType="cq:WidgetCollection">
                    <title
                        jcr:primaryType="cq:Widget"
                        allowBlank="{Boolean}false"
                        fieldLabel="Title"
                        name="./title"
                        value="Featured Resources"
                        xtype="textfield"/>
                    <options
                        jcr:primaryType="cq:Panel"
                        title="Asset Paths">
                        <items jcr:primaryType="cq:WidgetCollection">
                            <resources
                                jcr:primaryType="cq:Widget"
                                baseName="resources_"
                                fieldLabel="Resources"
                                name="./resources"
                                xtype="mtmulticompositefield">
                                <fieldConfigs jcr:primaryType="cq:WidgetCollection">
                                    <asset
                                        jcr:primaryType="cq:Widget"
                                        allowBlank="{Boolean}false"
                                        fieldLabel="Asset Path"
                                        name="path"
                                        rootPath="/content/dam"
                                        width="300"
                                        xtype="pathfield"/>
                                    <morelabel
                                        jcr:primaryType="cq:Widget"
                                        fieldDescription="If a more link is present"
                                        fieldLabel="More Label"
                                        name="morelabel"
                                        width="300"
                                        xtype="textfield"/>
                                    <morelinks
                                        jcr:primaryType="cq:Widget"
                                        fieldDescription="If a more link is present"
                                        fieldLabel="More Link"
                                        name="morelink"
                                        rootPath="/content"
                                        width="300"
                                        xtype="pathfield"/>
                                </fieldConfigs>
                            </resources>
                        </items>
                    </options>
                </items>
            </tab1>
        </items>
    </items>
</jcr:root>
