<?xml version="1.0" encoding="UTF-8"?>
<jcr:root xmlns:cq="http://www.day.com/jcr/cq/1.0" xmlns:jcr="http://www.jcp.org/jcr/1.0" xmlns:nt="http://www.jcp.org/jcr/nt/1.0"
    jcr:primaryType="cq:Dialog"
    title="Dialog"
    xtype="dialog">
    <items
        jcr:primaryType="cq:Widget"
        xtype="tabpanel">
        <items jcr:primaryType="cq:WidgetCollection">
            <tab1
                jcr:primaryType="cq:Panel"
                title="Text With Button">
                <items jcr:primaryType="cq:WidgetCollection">
                    <richtext
                        jcr:primaryType="cq:Widget"
                        name="./richtext"
                        xtype="richtext">
                        <rtePlugins jcr:primaryType="nt:unstructured">
                            <table
                                jcr:primaryType="nt:unstructured"
                                features="*"/>
                            <paraformat
                                jcr:primaryType="nt:unstructured"
                                features="*">
                                <formats jcr:primaryType="cq:WidgetCollection">
                                    <format1
                                        jcr:primaryType="nt:unstructured"
                                        description="Heading1"
                                        tag="h1"/>
                                    <format2
                                        jcr:primaryType="nt:unstructured"
                                        description="Heading2"
                                        tag="h2"/>
                                    <format3
                                        jcr:primaryType="nt:unstructured"
                                        description="Heading3"
                                        tag="h3"/>
                                    <format4
                                        jcr:primaryType="nt:unstructured"
                                        description="Heading4"
                                        tag="h4"/>
                                    <format5
                                        jcr:primaryType="nt:unstructured"
                                        description="paragraph"
                                        tag="p"/>
                                </formats>
                            </paraformat>
                            <undo
                                jcr:primaryType="nt:unstructured"
                                features="*"/>
                            <subsuperscript
                                jcr:primaryType="nt:unstructured"
                                features="*"/>
                        </rtePlugins>
                    </richtext>
                    <buttontitle
                        jcr:primaryType="cq:Widget"
                        fieldLabel="Button Title"
                        name="./buttonTitle"
                        xtype="textfield"/>
                    <buttonlink
                        jcr:primaryType="cq:Widget"
                        fieldLabel="Button  Link"
                        name="./buttonLink"
                        xtype="pathfield"/>
                    <preferences
                        jcr:primaryType="cq:Widget"
                        fieldDescription="Check if it is manage preference"
                        fieldLabel="Preference Button"
                        name="./preferences"
                        type="checkbox"
                        width="400"
                        xtype="selection">
                        <options jcr:primaryType="cq:WidgetCollection">
                            <true
                                jcr:primaryType="nt:unstructured"
                                text="Yes"
                                value="true"
                                width="400"/>
                        </options>
                    </preferences>
                </items>
            </tab1>
        </items>
    </items>
</jcr:root>
