<?xml version="1.0" encoding="UTF-8"?>
<jcr:root xmlns:sling="http://sling.apache.org/jcr/sling/1.0" xmlns:jcr="http://www.jcp.org/jcr/1.0"
    jcr:primaryType="sling:OrderedFolder"
    jcr:title="ACS AEM Commons"
    id="acs-commons">
    <generic-lists/>

    <reports/>
    <audit-log-search/>

    <content-packagers/>
    <automatic-package-replication/>
    <dispatcher-flush/>
    <redirect-maps/>
    <version-replicator/>

    <version-compare/>
    <page-compare/>
    <jcr-compare/>

    <manage-controlled-processes/>
    <bulk-workflow-manager/>
    <workflow-remover/>

    <system-notifications/>

    <exporters/>
    <qr-code/>

    <oak-index-manager/>
</jcr:root>
