<?xml version="1.0" encoding="UTF-8"?>
<jcr:root xmlns:cq="http://www.day.com/jcr/cq/1.0" xmlns:jcr="http://www.jcp.org/jcr/1.0" xmlns:nt="http://www.jcp.org/jcr/nt/1.0"
    jcr:primaryType="cq:Dialog"
    title="Edit Footer"
    xtype="dialog">
    <items
        jcr:primaryType="cq:Widget"
        xtype="tabpanel">
        <items jcr:primaryType="cq:WidgetCollection">
            <tab
                jcr:primaryType="cq:Panel"
                title="Footer">
                <items jcr:primaryType="cq:WidgetCollection">
                    <select
                        jcr:primaryType="cq:Widget"
                        fieldLabel="Number of Columns"
                        name="./select"
                        type="selection"
                        xtype="selection">
                        <options jcr:primaryType="cq:WidgetCollection">
                            <three
                                jcr:primaryType="nt:unstructured"
                                text="Three"
                                value="3"/>
                            <four
                                jcr:primaryType="nt:unstructured"
                                text="Four"
                                value="4"/>
                            <five
                                jcr:primaryType="nt:unstructured"
                                text="Five"
                                value="5"/>
                        </options>
                    </select>
                </items>
            </tab>
        </items>
    </items>
</jcr:root>
