<?xml version="1.0" encoding="UTF-8"?>
<jcr:root xmlns:sling="http://sling.apache.org/jcr/sling/1.0" xmlns:cq="http://www.day.com/jcr/cq/1.0" xmlns:jcr="http://www.jcp.org/jcr/1.0" xmlns:nt="http://www.jcp.org/jcr/nt/1.0"
    jcr:primaryType="nt:unstructured"
    jcr:title="Accordion"
    sling:resourceType="cq/gui/components/authoring/dialog">
    <content
        jcr:primaryType="nt:unstructured"
        sling:resourceType="granite/ui/components/foundation/container">
        <layout
            jcr:primaryType="nt:unstructured"
            sling:resourceType="granite/ui/components/foundation/layouts/tabs"/>
        <items jcr:primaryType="nt:unstructured">
            <tab1
                jcr:primaryType="nt:unstructured"
                jcr:title=""
                sling:resourceType="granite/ui/components/foundation/container">
                <layout
                    jcr:primaryType="nt:unstructured"
                    sling:resourceType="granite/ui/components/foundation/layouts/fixedcolumns"/>
                <items jcr:primaryType="nt:unstructured">
                    <columns
                        jcr:primaryType="nt:unstructured"
                        sling:resourceType="granite/ui/components/foundation/container">
                        <items jcr:primaryType="nt:unstructured">
                            <accordion
                                jcr:primaryType="nt:unstructured"
                                sling:resourceType="granite/ui/components/foundation/container">
                                <items jcr:primaryType="nt:unstructured">
                                    <fieldset
                                        jcr:primaryType="nt:unstructured"
                                        jcr:title=""
                                        sling:resourceType="granite/ui/components/foundation/form/fieldset">
                                        <layout
                                            jcr:primaryType="nt:unstructured"
                                            sling:resourceType="granite/ui/components/foundation/layouts/fixedcolumns"/>
                                        <items jcr:primaryType="nt:unstructured">
                                            <column
                                                jcr:primaryType="nt:unstructured"
                                                sling:resourceType="granite/ui/components/foundation/container">
                                                <items jcr:primaryType="nt:unstructured">
                                                    <accordion
                                                        jcr:primaryType="nt:unstructured"
                                                        sling:resourceType="granite/ui/components/foundation/form/multifield"
                                                        class="full-width"
                                                        fieldDescription="Click 'Add field' to add a new page"
                                                        image-nested="">
                                                        <field
                                                            jcr:primaryType="nt:unstructured"
                                                            sling:resourceType="granite/ui/components/foundation/form/fieldset"
                                                            name="./properties">
                                                            <layout
                                                                jcr:primaryType="nt:unstructured"
                                                                sling:resourceType="granite/ui/components/foundation/layouts/fixedcolumns"
                                                                method="absolute"/>
                                                            <items jcr:primaryType="nt:unstructured">
                                                                <column
                                                                    jcr:primaryType="nt:unstructured"
                                                                    sling:resourceType="granite/ui/components/foundation/container">
                                                                    <items jcr:primaryType="nt:unstructured">
                                                                        <heading
                                                                            jcr:primaryType="nt:unstructured"
                                                                            sling:resourceType="granite/ui/components/foundation/form/textfield"
                                                                            allowBlank="false"
                                                                            fieldLabel="Heaing"
                                                                            name="./heading"
                                                                            width="400"/>
                                                                        <textArea
                                                                            jcr:primaryType="nt:unstructured"
                                                                            sling:resourceType="cq/gui/components/authoring/dialog/richtext"
                                                                            fieldLabel="Text"
                                                                            name="./text"
                                                                            useFixedInlineToolbar="{Boolean}true"
                                                                            width="400">
                                                                            <rtePlugins jcr:primaryType="nt:unstructured">
                                                                                <format
                                                                                    jcr:primaryType="nt:unstructured"
                                                                                    features="*"/>
                                                                                <styles
                                                                                    jcr:primaryType="nt:unstructured"
                                                                                    features="*">
                                                                                    <styles jcr:primaryType="cq:WidgetCollection">
                                                                                        <layout-description
                                                                                            jcr:primaryType="nt:unstructured"
                                                                                            cssName="layout-description"
                                                                                            text="Layout Description"/>
                                                                                        <layout-title
                                                                                            jcr:primaryType="nt:unstructured"
                                                                                            cssName="layout-title"
                                                                                            text="Layout Title"/>
                                                                                        <layout-title-small-bold
                                                                                            jcr:primaryType="nt:unstructured"
                                                                                            cssName="layout-titletwocolum"
                                                                                            text="Layout Title Small Bold"/>
                                                                                        <layout-description-small-bold
                                                                                            jcr:primaryType="nt:unstructured"
                                                                                            cssName="layout-descriptiontwocolum"
                                                                                            text="Layout Description Small Font"/>
                                                                                        <common-content
                                                                                            jcr:primaryType="nt:unstructured"
                                                                                            cssName="CommonContent"
                                                                                            text="Common Content"/>
                                                                                        <two-column-head-center
                                                                                            jcr:primaryType="nt:unstructured"
                                                                                            cssName="twoColumnHeadCenter"
                                                                                            text="Two Column Head Center"/>
                                                                                        <two-column-head
                                                                                            jcr:primaryType="nt:unstructured"
                                                                                            cssName="twoColumnHead"
                                                                                            text="Two Column Head"/>
                                                                                        <common-head
                                                                                            jcr:primaryType="nt:unstructured"
                                                                                            cssName="CommonHead"
                                                                                            text="Common Head"/>
                                                                                        <graph-head-529
                                                                                            jcr:primaryType="nt:unstructured"
                                                                                            cssName="GraphHead529"
                                                                                            text="Graph Head 529"/>
                                                                                        <graph-content-529
                                                                                            jcr:primaryType="nt:unstructured"
                                                                                            cssName="GraphContent529"
                                                                                            text="Graph Content 529"/>
                                                                                    </styles>
                                                                                </styles>
                                                                                <justify
                                                                                    jcr:primaryType="nt:unstructured"
                                                                                    features="*"/>
                                                                                <lists
                                                                                    jcr:primaryType="nt:unstructured"
                                                                                    features="*"/>
                                                                                <paraformat
                                                                                    jcr:primaryType="nt:unstructured"
                                                                                    features="*">
                                                                                    <formats jcr:primaryType="cq:WidgetCollection">
                                                                                        <p
                                                                                            jcr:primaryType="nt:unstructured"
                                                                                            description="Paragraph"
                                                                                            tag="p"/>
                                                                                        <h1
                                                                                            jcr:primaryType="nt:unstructured"
                                                                                            description="Heading 1"
                                                                                            tag="h1"/>
                                                                                        <h2
                                                                                            jcr:primaryType="nt:unstructured"
                                                                                            description="Heading 2"
                                                                                            tag="h2"/>
                                                                                        <h3
                                                                                            jcr:primaryType="nt:unstructured"
                                                                                            description="Heading 3"
                                                                                            tag="h3"/>
                                                                                        <h4
                                                                                            jcr:primaryType="nt:unstructured"
                                                                                            description="Heading 4"
                                                                                            tag="h4"/>
                                                                                        <h5
                                                                                            jcr:primaryType="nt:unstructured"
                                                                                            description="Heading 5"
                                                                                            tag="h5"/>
                                                                                    </formats>
                                                                                </paraformat>
                                                                                <links
                                                                                    jcr:primaryType="nt:unstructured"
                                                                                    features="*"/>
                                                                                <table
                                                                                    jcr:primaryType="nt:unstructured"
                                                                                    features="[]">
                                                                                    <hiddenHeaderConfig
                                                                                        jcr:primaryType="nt:unstructured"
                                                                                        hiddenHeaderClassName="cq-wcm-foundation-aria-visuallyhidden"
                                                                                        hiddenHeaderEditingCSS="coral-RichText-hiddenHeader--editing"/>
                                                                                </table>
                                                                            </rtePlugins>
                                                                            <uiSettings jcr:primaryType="nt:unstructured">
                                                                                <cui jcr:primaryType="nt:unstructured">
                                                                                    <inline
                                                                                        jcr:primaryType="nt:unstructured"
                                                                                        toolbar="[format#bold,format#italic,format#underline,#paraformat,image#imageProps,#justify,#lists,links#modifylink,links#unlink,#styles]">
                                                                                        <popovers jcr:primaryType="nt:unstructured">
                                                                                            <styles
                                                                                                jcr:primaryType="nt:unstructured"
                                                                                                items="styles:getStyles:styles-pulldown"
                                                                                                ref="styles"/>
                                                                                            <justify
                                                                                                jcr:primaryType="nt:unstructured"
                                                                                                items="[justify#justifyleft,justify#justifycenter,justify#justifyright]"
                                                                                                ref="justify"/>
                                                                                            <lists
                                                                                                jcr:primaryType="nt:unstructured"
                                                                                                items="[lists#unordered,lists#ordered,lists#outdent,lists#indent]"
                                                                                                ref="lists"/>
                                                                                            <paraformat
                                                                                                jcr:primaryType="nt:unstructured"
                                                                                                items="paraformat:getFormats:paraformat-pulldown"
                                                                                                ref="paraformat"/>
                                                                                        </popovers>
                                                                                    </inline>
                                                                                </cui>
                                                                            </uiSettings>
                                                                        </textArea>
                                                                        <contentType
                                                                            jcr:primaryType="nt:unstructured"
                                                                            sling:resourceType="granite/ui/components/foundation/form/textfield"
                                                                            anchor="100%"
                                                                            editable="{Boolean}true"
                                                                            fieldDescription="(optional)"
                                                                            fieldLabel="Tab"
                                                                            name="./tab"/>
                                                                    </items>
                                                                </column>
                                                            </items>
                                                        </field>
                                                    </accordion>
                                                </items>
                                            </column>
                                        </items>
                                    </fieldset>
                                </items>
                            </accordion>
                        </items>
                    </columns>
                </items>
            </tab1>
        </items>
    </content>
</jcr:root>
