<?xml version="1.0" encoding="UTF-8"?>
<jcr:root xmlns:sling="http://sling.apache.org/jcr/sling/1.0" xmlns:cq="http://www.day.com/jcr/cq/1.0" xmlns:jcr="http://www.jcp.org/jcr/1.0" xmlns:nt="http://www.jcp.org/jcr/nt/1.0"
    jcr:primaryType="nt:unstructured"
    jcr:title="Edit Footer"
    sling:resourceType="cq/gui/components/authoring/dialog">
    <content
        jcr:primaryType="nt:unstructured"
        sling:resourceType="granite/ui/components/coral/foundation/tabs">
        <items jcr:primaryType="nt:unstructured">
            <tab
                jcr:primaryType="nt:unstructured"
                jcr:title="Footer"
                sling:resourceType="granite/ui/components/coral/foundation/fixedcolumns">
                <items jcr:primaryType="nt:unstructured">
                    <column
                        jcr:primaryType="nt:unstructured"
                        sling:resourceType="granite/ui/components/foundation/container">
                        <items jcr:primaryType="nt:unstructured">
                            <select
                                jcr:primaryType="nt:unstructured"
                                sling:resourceType="granite/ui/components/coral/foundation/form/radiogroup"
                                fieldLabel="Number of Columns"
                                name="./select">
                                <items jcr:primaryType="nt:unstructured">
                                    <three
                                        jcr:primaryType="nt:unstructured"
                                        text="Three"
                                        value="3"/>
                                    <four
                                        jcr:primaryType="nt:unstructured"
                                        text="Four"
                                        value="4"/>
                                    <five
                                        jcr:primaryType="nt:unstructured"
                                        text="Five"
                                        value="5"/>
                                </items>
                            </select>
                        </items>
                    </column>
                </items>
            </tab>
        </items>
    </content>
</jcr:root>
