<?xml version="1.0" encoding="UTF-8"?>
<jcr:root xmlns:cq="http://www.day.com/jcr/cq/1.0" xmlns:jcr="http://www.jcp.org/jcr/1.0"
    jcr:primaryType="cq:Dialog"
    title="Multi Field"
    width="1200"
    xtype="dialog">
    <items
        jcr:primaryType="cq:Widget"
        xtype="tabpanel">
        <items jcr:primaryType="cq:WidgetCollection">
            <tab1
                jcr:primaryType="cq:Panel"
                title="Add">
                <items jcr:primaryType="cq:WidgetCollection">
                    <cont
                        jcr:primaryType="cq:Widget"
                        hideLabel="true"
                        name="./tabs"
                        title="Tabs"
                        xtype="multifield">
                        <fieldConfig
                            jcr:primaryType="cq:Widget"
                            border="true"
                            hideLabel="true"
                            layout="form"
                            padding="10px"
                            width="350"
                            xtype="multi-field-panel">
                            <items jcr:primaryType="cq:WidgetCollection">
                                <tab
                                    jcr:primaryType="cq:Widget"
                                    dName="tabHeading"
                                    fieldLabel="Tab Heading"
                                    width="350"
                                    xtype="textfield"/>
                                <group
                                    jcr:primaryType="cq:Widget"
                                    dName="group"
                                    fieldLabel="Group"
                                    hideLabel="false"
                                    title="Group"
                                    xtype="multifield">
                                    <fieldConfig
                                        jcr:primaryType="cq:Widget"
                                        border="true"
                                        hideLabel="true"
                                        layout="form"
                                        padding="10px"
                                        width="350"
                                        xtype="multi-field-panel">
                                        <items jcr:primaryType="cq:WidgetCollection">
                                            <groupHeading
                                                jcr:primaryType="cq:Widget"
                                                dName="groupHeading"
                                                fieldLabel="Group Heading"
                                                width="350"
                                                xtype="textfield"/>
                                            <category
                                                jcr:primaryType="cq:Widget"
                                                baseTagsPath="/etc/tags/JHINS"
                                                dName="category"
                                                fieldLabel="Channel Tags"
                                                hideLabel="false"
                                                namespaces="[JHINS]"
                                                title="Category"
                                                xtype="channeltags"/>
                                        </items>
                                    </fieldConfig>
                                </group>
                            </items>
                        </fieldConfig>
                    </cont>
                </items>
            </tab1>
        </items>
    </items>
</jcr:root>
