<?xml version="1.0" encoding="UTF-8"?>
<jcr:root xmlns:sling="http://sling.apache.org/jcr/sling/1.0" xmlns:cq="http://www.day.com/jcr/cq/1.0" xmlns:jcr="http://www.jcp.org/jcr/1.0" xmlns:nt="http://www.jcp.org/jcr/nt/1.0"
    jcr:primaryType="nt:unstructured"
    jcr:title="Icon"
    sling:resourceType="cq/gui/components/authoring/dialog"
    extraClientlibs="[cq.jhas.dialog]">
    <content
        jcr:primaryType="nt:unstructured"
        sling:resourceType="granite/ui/components/foundation/container">
        <layout
            jcr:primaryType="nt:unstructured"
            sling:resourceType="granite/ui/components/foundation/layouts/tabs"
            type="nav"/>
        <items jcr:primaryType="nt:unstructured">
            <tab1
                jcr:primaryType="nt:unstructured"
                jcr:title="Icon"
                sling:resourceType="granite/ui/components/foundation/container">
                <layout
                    jcr:primaryType="nt:unstructured"
                    sling:resourceType="granite/ui/components/foundation/layouts/fixedcolumns"/>
                <items jcr:primaryType="nt:unstructured">
                    <columns
                        jcr:primaryType="nt:unstructured"
                        sling:resourceType="granite/ui/components/foundation/container">
                        <items jcr:primaryType="nt:unstructured">
                            <iconpicker
                                jcr:primaryType="nt:unstructured"
                                sling:resourceType="acs-commons/components/authoring/graphiciconselect"
                                fieldLabel="Icon Picker"
                                name="./iconPicker">
                                <datasource
                                    jcr:primaryType="nt:unstructured"
                                    sling:resourceType="acs-commons/components/utilities/genericlist/datasource"
                                    path="/apps/settings/wcm/designs/lists/ion-icons"/>
                            </iconpicker>
                            <iconsize
                                jcr:primaryType="nt:unstructured"
                                sling:resourceType="granite/ui/components/foundation/form/select"
                                fieldLabel="Icon Size (px)"
                                name="./iconsize">
                                <items jcr:primaryType="nt:unstructured">
                                    <px30
                                        jcr:primaryType="nt:unstructured"
                                        text="30px"
                                        value="30px"/>
                                    <px36
                                        jcr:primaryType="nt:unstructured"
                                        text="36px (Icon and Links)"
                                        value="36px"/>
                                    <px60
                                        jcr:primaryType="nt:unstructured"
                                        text="60px (Callout)"
                                        value="60px"/>
                                </items>
                            </iconsize>
                            <colorsection
                                jcr:primaryType="nt:unstructured"
                                sling:resourceType="granite/ui/components/foundation/container">
                                <items jcr:primaryType="nt:unstructured">
                                    <heading
                                        jcr:primaryType="nt:unstructured"
                                        sling:resourceType="granite/ui/components/foundation/heading"
                                        class="coral-Heading coral-Heading--4"
                                        level="{Long}4"
                                        text="Color section"/>
                                    <well
                                        jcr:primaryType="nt:unstructured"
                                        sling:resourceType="granite/ui/components/foundation/container">
                                        <layout
                                            jcr:primaryType="nt:unstructured"
                                            sling:resourceType="granite/ui/components/foundation/layouts/well"/>
                                        <items jcr:primaryType="nt:unstructured">
                                            <colorPick
                                                jcr:primaryType="nt:unstructured"
                                                sling:resourceType="/apps/JHAS/components/content/colorpicker"
                                                fieldLabel="Pick color"
                                                name="./colorPick"/>
                                            <hex
                                                jcr:primaryType="nt:unstructured"
                                                sling:resourceType="granite/ui/components/foundation/form/textfield"
                                                class="hexfield"
                                                fieldDescription="This will overwrite the color picker"
                                                fieldLabel="Custom Hex-code"
                                                name="./hex"/>
                                        </items>
                                    </well>
                                </items>
                            </colorsection>
                            <alignment
                                jcr:primaryType="nt:unstructured"
                                sling:resourceType="granite/ui/components/foundation/form/select"
                                fieldLabel="Icon Alignment"
                                name="./alignment">
                                <items jcr:primaryType="nt:unstructured">
                                    <left
                                        jcr:primaryType="nt:unstructured"
                                        text="Left"
                                        value="left"/>
                                    <right
                                        jcr:primaryType="nt:unstructured"
                                        text="Right"
                                        value="right"/>
                                    <center
                                        jcr:primaryType="nt:unstructured"
                                        text="Center"
                                        value="center"/>
                                </items>
                            </alignment>
                            <path
                                jcr:primaryType="nt:unstructured"
                                sling:resourceType="granite/ui/components/foundation/form/pathbrowser"
                                fieldDescription="Select a Path starts with 'https://' or  '/content'"
                                fieldLabel="URL (optional)"
                                name="./iconUrlPath"/>
                            <openOptions
                                jcr:primaryType="nt:unstructured"
                                sling:resourceType="granite/ui/components/foundation/form/select"
                                fieldLabel="Open with"
                                name="./options">
                                <items jcr:primaryType="nt:unstructured">
                                    <samewindow
                                        jcr:primaryType="nt:unstructured"
                                        text="Same Window"
                                        value="samewindow"/>
                                    <newwindow
                                        jcr:primaryType="nt:unstructured"
                                        text="New Window"
                                        value="newwindow"/>
                                </items>
                            </openOptions>
                            <circle
                                jcr:primaryType="nt:unstructured"
                                sling:resourceType="granite/ui/components/foundation/form/checkbox"
                                name="./circle"
                                text="Add Circle"
                                value="yes"/>
                        </items>
                    </columns>
                </items>
            </tab1>
        </items>
    </content>
</jcr:root>
