<?xml version="1.0" encoding="UTF-8"?>
<jcr:root xmlns:cq="http://www.day.com/jcr/cq/1.0" xmlns:jcr="http://www.jcp.org/jcr/1.0"
    jcr:primaryType="cq:Dialog"
    title="Dialog"
    width="600"
    xtype="dialog">
    <items
        jcr:primaryType="cq:Widget"
        xtype="tabpanel">
        <items jcr:primaryType="cq:WidgetCollection">
            <dropdown
                jcr:primaryType="cq:Panel"
                title="Dropdown Section">
                <items jcr:primaryType="cq:WidgetCollection">
                    <multifield
                        jcr:primaryType="cq:Widget"
                        baseName="accordion_"
                        fieldLabel="Enter Heading and Text"
                        name="./multi"
                        prefix="./"
                        xtype="mtmulticompositefield">
                        <fieldConfigs jcr:primaryType="cq:WidgetCollection">
                            <title
                                jcr:primaryType="cq:Widget"
                                fieldLabel="Title"
                                name="./title"
                                xtype="textfield"/>
                            <link
                                jcr:primaryType="cq:Widget"
                                fieldLabel="Link"
                                name="./link"
                                xtype="pathfield"/>
                        </fieldConfigs>
                    </multifield>
                </items>
            </dropdown>
        </items>
    </items>
</jcr:root>
