<?xml version="1.0" encoding="UTF-8"?>
<jcr:root xmlns:sling="http://sling.apache.org/jcr/sling/1.0" xmlns:cq="http://www.day.com/jcr/cq/1.0" xmlns:jcr="http://www.jcp.org/jcr/1.0" xmlns:nt="http://www.jcp.org/jcr/nt/1.0"
    jcr:primaryType="cq:Page">
    <jcr:content
        cq:lastModified="{Date}2018-05-02T13:58:44.832+05:30"
        cq:lastModifiedBy="admin"
        cq:template="/apps/JHINS/templates/contentpagetemplate-white"
        jcr:primaryType="cq:PageContent"
        jcr:title="jhBusinessAnalyzerT1"
        sling:resourceType="/apps/JHINS/components/page/contentpage-white">
        <par
            jcr:primaryType="nt:unstructured"
            sling:resourceType="foundation/components/parsys">
            <qna_config
                jcr:created="{Date}2018-04-30T13:53:46.980+05:30"
                jcr:createdBy="admin"
                jcr:lastModified="{Date}2018-04-30T13:54:42.510+05:30"
                jcr:lastModifiedBy="admin"
                jcr:primaryType="nt:unstructured"
                sling:resourceType="JHINS/components/content/qna-config"
                questionid="Q1"
                questiontext="To get started with Business Analyzer please select from the following topics that you and your business client are focusing on:">
                <multi jcr:primaryType="nt:unstructured">
                    <_x0031_
                        jcr:primaryType="nt:unstructured"
                        ansconfig="Rewarding and retaining employees"/>
                    <_x0032_
                        jcr:primaryType="nt:unstructured"
                        ansconfig="Business protection and business succession planning"/>
                    <_x0033_
                        jcr:primaryType="nt:unstructured"
                        ansconfig="Retirement and estate planning for business owners"/>
                </multi>
            </qna_config>
            <qna_config_1922863236
                jcr:created="{Date}2018-04-30T13:55:32.623+05:30"
                jcr:createdBy="admin"
                jcr:lastModified="{Date}2018-04-30T13:58:15.223+05:30"
                jcr:lastModifiedBy="admin"
                jcr:primaryType="nt:unstructured"
                sling:resourceType="JHINS/components/content/qna-config"
                questionid="Q2"
                questiontext="Provide Employee Incentive to Remain with the Business (Golden Handcuffs) and select the item that best meets the employer's goals:">
                <multi jcr:primaryType="nt:unstructured">
                    <_x0031_
                        jcr:primaryType="nt:unstructured"
                        ansconfig="Employee wants tax deferral of current income"/>
                    <_x0032_
                        jcr:primaryType="nt:unstructured"
                        ansconfig="Plan will be funded by the employer only "/>
                </multi>
            </qna_config_1922863236>
            <qna_config_1983233366
                jcr:created="{Date}2018-04-30T13:58:42.500+05:30"
                jcr:createdBy="admin"
                jcr:lastModified="{Date}2018-04-30T15:22:07.552+05:30"
                jcr:lastModifiedBy="admin"
                jcr:primaryType="nt:unstructured"
                sling:resourceType="JHINS/components/content/qna-config"
                questionid="Q3"
                questiontext="Plan will be funded by the employer only and Select the item that best meets the employer's goals:">
                <multi jcr:primaryType="nt:unstructured">
                    <_x0031_
                        jcr:primaryType="nt:unstructured"
                        ansconfig="Employer wants maximum control"/>
                    <_x0032_
                        jcr:primaryType="nt:unstructured"
                        ansconfig="Employer wants immediate tax deduction"/>
                    <_x0033_
                        jcr:primaryType="nt:unstructured"
                        ansconfig="Employer wants a combination of control and tax deduction"/>
                    <_x0034_
                        jcr:primaryType="nt:unstructured"
                        ansconfig="Employer wants recovery of plan cost"/>
                    <_x0035_
                        jcr:primaryType="nt:unstructured"
                        ansconfig="Employer wants a plan with simple administration"/>
                </multi>
            </qna_config_1983233366>
            <qna_config_559136510
                jcr:created="{Date}2018-04-30T14:00:51.361+05:30"
                jcr:createdBy="admin"
                jcr:lastModified="{Date}2018-04-30T14:01:54.726+05:30"
                jcr:lastModifiedBy="admin"
                jcr:primaryType="nt:unstructured"
                sling:resourceType="JHINS/components/content/qna-config"
                questionid="Q4"
                questiontext="Employer wants recovery of plan cost and Select the item that best meets the employer's goals:">
                <multi jcr:primaryType="nt:unstructured">
                    <_x0031_
                        jcr:primaryType="nt:unstructured"
                        ansconfig="Only if the Employee Leaves Early"/>
                    <_x0032_
                        jcr:primaryType="nt:unstructured"
                        ansconfig="At Employee's Retirement"/>
                    <_x0033_
                        jcr:primaryType="nt:unstructured"
                        ansconfig="At Employee's Death"/>
                </multi>
            </qna_config_559136510>
            <qna_config_1986946216
                jcr:created="{Date}2018-04-30T14:04:11.759+05:30"
                jcr:createdBy="admin"
                jcr:lastModified="{Date}2018-04-30T14:05:30.201+05:30"
                jcr:lastModifiedBy="admin"
                jcr:primaryType="nt:unstructured"
                sling:resourceType="JHINS/components/content/qna-config"
                questionid="Q5"
                questiontext="At Employee's Death and Select the item that best meets the employer's goals:">
                <multi jcr:primaryType="nt:unstructured">
                    <_x0031_
                        jcr:primaryType="nt:unstructured"
                        ansconfig="Employer wants employee benefit to be cash"/>
                    <_x0032_
                        jcr:primaryType="nt:unstructured"
                        ansconfig="Employer wants employee benefit to be the policy"/>
                </multi>
            </qna_config_1986946216>
            <qna_config_1601418699
                jcr:created="{Date}2018-04-30T14:05:51.030+05:30"
                jcr:createdBy="admin"
                jcr:lastModified="{Date}2018-04-30T14:06:44.326+05:30"
                jcr:lastModifiedBy="admin"
                jcr:primaryType="nt:unstructured"
                sling:resourceType="JHINS/components/content/qna-config"
                questionid="Q6"
                questiontext="Employer wants a plan with simple administration and Select the item that best meets the employer's goals:">
                <multi jcr:primaryType="nt:unstructured">
                    <_x0031_
                        jcr:primaryType="nt:unstructured"
                        ansconfig="Employer wants an immediate tax deduction"/>
                    <_x0032_
                        jcr:primaryType="nt:unstructured"
                        ansconfig="Employer wants recovery of plan cost"/>
                </multi>
            </qna_config_1601418699>
            <qna_config_1775876668
                jcr:created="{Date}2018-04-30T14:07:07.775+05:30"
                jcr:createdBy="admin"
                jcr:lastModified="{Date}2018-04-30T14:08:06.045+05:30"
                jcr:lastModifiedBy="admin"
                jcr:primaryType="nt:unstructured"
                sling:resourceType="JHINS/components/content/qna-config"
                questionid="Q7"
                questiontext="Employer wants recovery of plan cost and Select the item that best meets the employer's goals:">
                <multi jcr:primaryType="nt:unstructured">
                    <_x0031_
                        jcr:primaryType="nt:unstructured"
                        ansconfig="Only if the Employee Leaves Early"/>
                    <_x0032_
                        jcr:primaryType="nt:unstructured"
                        ansconfig="At Employee's Retirement"/>
                    <_x0033_
                        jcr:primaryType="nt:unstructured"
                        ansconfig="At Employee's Death"/>
                </multi>
            </qna_config_1775876668>
            <qna_config_1602963028
                jcr:created="{Date}2018-04-30T14:08:17.025+05:30"
                jcr:createdBy="admin"
                jcr:lastModified="{Date}2018-04-30T14:09:07.857+05:30"
                jcr:lastModifiedBy="admin"
                jcr:primaryType="nt:unstructured"
                sling:resourceType="JHINS/components/content/qna-config"
                questionid="Q8"
                questiontext="Tax Deduction for the Employer and Select the item that best meets the employer's goals:">
                <multi jcr:primaryType="nt:unstructured">
                    <_x0031_
                        jcr:primaryType="nt:unstructured"
                        ansconfig="Employer wants immediate tax deduction"/>
                    <_x0032_
                        jcr:primaryType="nt:unstructured"
                        ansconfig="Employer wants a combination of control and tax deduction"/>
                </multi>
            </qna_config_1602963028>
            <qna_config_1945995461
                jcr:created="{Date}2018-04-30T14:09:41.140+05:30"
                jcr:createdBy="admin"
                jcr:lastModified="{Date}2018-04-30T14:10:46.402+05:30"
                jcr:lastModifiedBy="admin"
                jcr:primaryType="nt:unstructured"
                sling:resourceType="JHINS/components/content/qna-config"
                questionid="Q9"
                questiontext="Employer Recovery of Plan Cost and Select the item that best meets the employer's goals:">
                <multi jcr:primaryType="nt:unstructured">
                    <_x0031_
                        jcr:primaryType="nt:unstructured"
                        ansconfig="Only if the Employee Leaves Early"/>
                    <_x0032_
                        jcr:primaryType="nt:unstructured"
                        ansconfig="At Employee's Retirement"/>
                    <_x0033_
                        jcr:primaryType="nt:unstructured"
                        ansconfig="At Employee's Death"/>
                </multi>
            </qna_config_1945995461>
            <qna_config_924103444
                jcr:created="{Date}2018-04-30T14:10:56.173+05:30"
                jcr:createdBy="admin"
                jcr:lastModified="{Date}2018-04-30T14:12:21.711+05:30"
                jcr:lastModifiedBy="admin"
                jcr:primaryType="nt:unstructured"
                sling:resourceType="JHINS/components/content/qna-config"
                questionid="Q10"
                questiontext="At Employee's Death and Select the item that best meets the employer's goals:">
                <multi jcr:primaryType="nt:unstructured">
                    <_x0031_
                        jcr:primaryType="nt:unstructured"
                        ansconfig="Employer wants employee benefit to be cash"/>
                    <_x0032_
                        jcr:primaryType="nt:unstructured"
                        ansconfig="Employer wants employee benefit to be the policy"/>
                </multi>
            </qna_config_924103444>
            <qna_config_1097856326
                jcr:created="{Date}2018-04-30T14:13:03.356+05:30"
                jcr:createdBy="admin"
                jcr:lastModified="{Date}2018-04-30T14:14:03.669+05:30"
                jcr:lastModifiedBy="admin"
                jcr:primaryType="nt:unstructured"
                sling:resourceType="JHINS/components/content/qna-config"
                questionid="Q11"
                questiontext="Ease of Plan Administration and Select the item that best meets the employer's goals:">
                <multi jcr:primaryType="nt:unstructured">
                    <_x0031_
                        jcr:primaryType="nt:unstructured"
                        ansconfig="Employer wants an immediate tax deduction"/>
                    <_x0032_
                        jcr:primaryType="nt:unstructured"
                        ansconfig="Employer wants a combination of control and tax deduction"/>
                    <_x0033_
                        jcr:primaryType="nt:unstructured"
                        ansconfig="Employer wants recovery of plan cost"/>
                </multi>
            </qna_config_1097856326>
            <qna_config_2132801369
                jcr:created="{Date}2018-04-30T14:14:15.094+05:30"
                jcr:createdBy="admin"
                jcr:lastModified="{Date}2018-04-30T14:15:18.157+05:30"
                jcr:lastModifiedBy="admin"
                jcr:primaryType="nt:unstructured"
                sling:resourceType="JHINS/components/content/qna-config"
                questionid="Q12"
                questiontext="Employer wants recovery of plan cost and Select the item that best meets the employer's goals:">
                <multi jcr:primaryType="nt:unstructured">
                    <_x0031_
                        jcr:primaryType="nt:unstructured"
                        ansconfig="Only if the Employee Leaves Early"/>
                    <_x0032_
                        jcr:primaryType="nt:unstructured"
                        ansconfig="At Employee's Retirement or death"/>
                </multi>
            </qna_config_2132801369>
            <solution_config
                jcr:created="{Date}2018-04-30T14:16:41.140+05:30"
                jcr:createdBy="admin"
                jcr:lastModified="{Date}2018-04-30T15:10:18.250+05:30"
                jcr:lastModifiedBy="admin"
                jcr:primaryType="nt:unstructured"
                sling:resourceType="JHINS/components/content/solution-config"
                designid="S5"
                designname="Split Dollar Loan Regime"
                textIsRich="true"/>
            <solution_config_92119512
                jcr:created="{Date}2018-04-30T15:16:25.255+05:30"
                jcr:createdBy="admin"
                jcr:lastModified="{Date}2018-04-30T15:16:40.359+05:30"
                jcr:lastModifiedBy="admin"
                jcr:primaryType="nt:unstructured"
                sling:resourceType="JHINS/components/content/solution-config"
                designid="S3"
                designname="Bonus"
                textIsRich="true"/>
            <solution_config_1232901495
                jcr:created="{Date}2018-04-30T15:15:34.193+05:30"
                jcr:createdBy="admin"
                jcr:lastModified="{Date}2018-04-30T19:52:56.818+05:30"
                jcr:lastModifiedBy="admin"
                jcr:primaryType="nt:unstructured"
                sling:resourceType="JHINS/components/content/solution-config"
                designid="S1"
                designname="Salary Deferal"
                text="&lt;p>Salary deferal&amp;nbsp;&lt;/p>&#xd;&#xa;&#xd;&#xa;"
                textIsRich="true"/>
            <solution_config_1010377643
                jcr:created="{Date}2018-04-30T14:21:59.676+05:30"
                jcr:createdBy="admin"
                jcr:lastModified="{Date}2018-04-30T15:11:13.835+05:30"
                jcr:lastModifiedBy="admin"
                jcr:primaryType="nt:unstructured"
                sling:resourceType="JHINS/components/content/solution-config"
                designid="S6"
                designname="NE CASD "
                textIsRich="true"/>
            <solution_config_1736352318
                jcr:created="{Date}2018-04-30T15:16:01.113+05:30"
                jcr:createdBy="admin"
                jcr:lastModified="{Date}2018-04-30T15:16:17.398+05:30"
                jcr:lastModifiedBy="admin"
                jcr:primaryType="nt:unstructured"
                sling:resourceType="JHINS/components/content/solution-config"
                designid="S2"
                designname="SERP"
                textIsRich="true"/>
            <solution_config_1632882731
                jcr:created="{Date}2018-04-30T15:16:47.401+05:30"
                jcr:createdBy="admin"
                jcr:lastModified="{Date}2018-04-30T15:17:00.695+05:30"
                jcr:lastModifiedBy="admin"
                jcr:primaryType="nt:unstructured"
                sling:resourceType="JHINS/components/content/solution-config"
                designid="S4"
                designname="REBA"
                textIsRich="true"/>
            <mapping_config
                jcr:created="{Date}2018-04-30T14:50:29.212+05:30"
                jcr:createdBy="admin"
                jcr:lastModified="{Date}2018-04-30T15:45:14.467+05:30"
                jcr:lastModifiedBy="admin"
                jcr:primaryType="nt:unstructured"
                sling:resourceType="JHINS/components/content/mapping-config"
                questionid="Q1">
                <multi jcr:primaryType="nt:unstructured">
                    <_x0031_
                        jcr:primaryType="nt:unstructured"
                        mappingconfig="Q2"/>
                </multi>
            </mapping_config>
            <mapping_config_180382040
                jcr:created="{Date}2018-04-30T14:52:35.072+05:30"
                jcr:createdBy="admin"
                jcr:lastModified="{Date}2018-04-30T19:52:36.386+05:30"
                jcr:lastModifiedBy="admin"
                jcr:primaryType="nt:unstructured"
                sling:resourceType="JHINS/components/content/mapping-config"
                questionid="Q2">
                <multi jcr:primaryType="nt:unstructured">
                    <_x0031_
                        jcr:primaryType="nt:unstructured"
                        mappingconfig="S1"/>
                    <_x0032_
                        jcr:primaryType="nt:unstructured"
                        mappingconfig="Q3"/>
                </multi>
            </mapping_config_180382040>
            <mapping_config_1879729509
                jcr:created="{Date}2018-04-30T15:04:30.770+05:30"
                jcr:createdBy="admin"
                jcr:lastModified="{Date}2018-05-02T13:58:44.778+05:30"
                jcr:lastModifiedBy="admin"
                jcr:primaryType="nt:unstructured"
                sling:resourceType="JHINS/components/content/mapping-config"
                questionid="Q3">
                <multi jcr:primaryType="nt:unstructured">
                    <_x0031_
                        jcr:primaryType="nt:unstructured"
                        mappingconfig="S2"/>
                    <_x0032_
                        jcr:primaryType="nt:unstructured"
                        mappingconfig="S3"/>
                    <_x0033_
                        jcr:primaryType="nt:unstructured"
                        mappingconfig="S4"/>
                    <_x0034_
                        jcr:primaryType="nt:unstructured"
                        mappingconfig="Q4"/>
                    <_x0035_
                        jcr:primaryType="nt:unstructured"
                        mappingconfig="Q6"/>
                </multi>
            </mapping_config_1879729509>
        </par>
    </jcr:content>
</jcr:root>
