<?xml version="1.0" encoding="UTF-8"?>
<jcr:root xmlns:sling="http://sling.apache.org/jcr/sling/1.0" xmlns:cq="http://www.day.com/jcr/cq/1.0" xmlns:jcr="http://www.jcp.org/jcr/1.0" xmlns:nt="http://www.jcp.org/jcr/nt/1.0"
    extraClientlibs="[cq.jhas.dialog]"
    jcr:primaryType="nt:unstructured"
    jcr:title="Latest News"
    sling:resourceType="cq/gui/components/authoring/dialog">
    <content
        jcr:primaryType="nt:unstructured"
        sling:resourceType="granite/ui/components/foundation/container">
        <layout
            jcr:primaryType="nt:unstructured"
            sling:resourceType="granite/ui/components/foundation/layouts/tabs"
            type="nav"/>
        <items jcr:primaryType="nt:unstructured">
            <tab1
                jcr:primaryType="nt:unstructured"
                jcr:title="Configuration"
                sling:resourceType="granite/ui/components/foundation/container">
                <layout
                    jcr:primaryType="nt:unstructured"
                    sling:resourceType="granite/ui/components/foundation/layouts/fixedcolumns"/>
                <items jcr:primaryType="nt:unstructured">
                    <columns
                        jcr:primaryType="nt:unstructured"
                        sling:resourceType="granite/ui/components/foundation/container">
                        <items jcr:primaryType="nt:unstructured">
                            <title
                                jcr:primaryType="nt:unstructured"
                                sling:resourceType="granite/ui/components/foundation/form/textfield"
                                emptyText="e.g. Latest News"
                                fieldDescription="100 char limit"
                                fieldLabel="Title"
                                maxlength="100"
                                name="./newsTitle"/>
                            <count
                                jcr:primaryType="nt:unstructured"
                                sling:resourceType="granite/ui/components/foundation/container">
                                <items jcr:primaryType="nt:unstructured">
                                    <heading
                                        jcr:primaryType="nt:unstructured"
                                        sling:resourceType="granite/ui/components/foundation/heading"
                                        class="coral-Heading coral-Heading--4"
                                        level="{Long}4"
                                        text="Number of articles displayed"/>
                                    <well
                                        jcr:primaryType="nt:unstructured"
                                        sling:resourceType="granite/ui/components/foundation/container">
                                        <layout
                                            jcr:primaryType="nt:unstructured"
                                            sling:resourceType="granite/ui/components/foundation/layouts/well"/>
                                        <items jcr:primaryType="nt:unstructured">
                                            <articlecountdesktop
                                                jcr:primaryType="nt:unstructured"
                                                sling:resourceType="granite/ui/components/foundation/form/textfield"
                                                fieldLabel="Desktop"
                                                name="./articleCountDesktop"
                                                value="4"/>
                                            <articlecounttablet
                                                jcr:primaryType="nt:unstructured"
                                                sling:resourceType="granite/ui/components/foundation/form/textfield"
                                                fieldLabel="Tablet"
                                                name="./articleCountTablet"
                                                value="4"/>
                                            <articlecountmobile
                                                jcr:primaryType="nt:unstructured"
                                                sling:resourceType="granite/ui/components/foundation/form/textfield"
                                                fieldLabel="Mobile"
                                                name="./articleCountMobile"
                                                value="4"/>
                                        </items>
                                    </well>
                                </items>
                            </count>
                            <source
                                jcr:primaryType="nt:unstructured"
                                sling:resourceType="granite/ui/components/foundation/container">
                                <items jcr:primaryType="nt:unstructured">
                                    <heading
                                        jcr:primaryType="nt:unstructured"
                                        sling:resourceType="granite/ui/components/foundation/heading"
                                        class="coral-Heading coral-Heading--4"
                                        level="{Long}4"
                                        text="How would you like to get the articles?"/>
                                    <well
                                        jcr:primaryType="nt:unstructured"
                                        sling:resourceType="granite/ui/components/foundation/container">
                                        <layout
                                            jcr:primaryType="nt:unstructured"
                                            sling:resourceType="granite/ui/components/foundation/layouts/well"/>
                                        <items jcr:primaryType="nt:unstructured">
                                            <selectInput
                                                jcr:primaryType="nt:unstructured"
                                                sling:resourceType="granite/ui/components/foundation/form/select"
                                                class="cq-dialog-dropdown-showhide"
                                                cq-dialog-dropdown-showhide-target=".list-option-listfrom-showhide-target"
                                                fieldLabel="Select Input Type"
                                                name="./inputType">
                                                <items jcr:primaryType="nt:unstructured">
                                                    <prnewsInput
                                                        jcr:primaryType="nt:unstructured"
                                                        text="Dynamically from PRNewswire"
                                                        value="prnews"/>
                                                    <manualinput
                                                        jcr:primaryType="nt:unstructured"
                                                        text="Manually"
                                                        value="manualInput"/>
                                                   	<prnewsBostonMarathon
                                                        jcr:primaryType="nt:unstructured"
                                                        text="Dynamically From PRNewsWire - Boston Marathon"
                                                        value="prnnews_boston_marathon"/>
                                                </items>
                                            </selectInput>
                                        </items>
                                    </well>
                                </items>
                            </source>
                            <manual
                                jcr:primaryType="nt:unstructured"
                                sling:resourceType="granite/ui/components/foundation/container"
                                class="hide list-option-listfrom-showhide-target foundation-layout-util-vmargin"
                                showhidetargetvalue="manualInput">
                                <items jcr:primaryType="nt:unstructured">
                                    <fieldset
                                        jcr:primaryType="nt:unstructured"
                                        sling:resourceType="granite/ui/components/foundation/form/fieldset">
                                        <layout
                                            jcr:primaryType="nt:unstructured"
                                            sling:resourceType="granite/ui/components/foundation/layouts/well"/>
                                        <items jcr:primaryType="nt:unstructured">
                                            <column
                                                jcr:primaryType="nt:unstructured"
                                                sling:resourceType="granite/ui/components/foundation/container">
                                                <items jcr:primaryType="nt:unstructured">
                                                    <pages
                                                        jcr:primaryType="nt:unstructured"
                                                        sling:resourceType="granite/ui/components/foundation/form/multifield"
                                                        class="full-width"
                                                        image-nested=""
                                                        fieldDescription="Click 'Add field' to add a new article">
                                                        <field
                                                            jcr:primaryType="nt:unstructured"
                                                            sling:resourceType="granite/ui/components/foundation/form/fieldset"
                                                            acs-commons-nested="NODE_STORE"
                                                            name="./articles">
                                                            <layout
                                                                jcr:primaryType="nt:unstructured"
                                                                sling:resourceType="granite/ui/components/foundation/layouts/fixedcolumns"
                                                                method="absolute"/>
                                                            <items jcr:primaryType="nt:unstructured">
                                                                <column
                                                                    jcr:primaryType="nt:unstructured"
                                                                    sling:resourceType="granite/ui/components/foundation/container">
                                                                    <items jcr:primaryType="nt:unstructured">
                                                                        <path
                                                                            jcr:primaryType="nt:unstructured"
                                                                            sling:resourceType="/libs/granite/ui/components/foundation/form/pathbrowser"
                                                                            fieldDescription="Please enter a valid path that starts with 'https://' or '/content'"
                                                                            fieldLabel="URL"
                                                                            name="./urlLink"
                                                                            rootPath="/content"/>
                                                                    </items>
                                                                </column>
                                                            </items>
                                                        </field>
                                                    </pages>
                                                </items>
                                            </column>
                                        </items>
                                    </fieldset>
                                </items>
                            </manual>
                            <viewallpath
                                jcr:primaryType="nt:unstructured"
                                sling:resourceType="granite/ui/components/foundation/form/pathbrowser"
                                fieldDescription="Select a Path that starts with 'https://' or  '/content'"
                                fieldLabel="&quot;View All&quot; URL"
                                name="./buttonPath"
                                rootPath="/content"/>
                        </items>
                    </columns>
                </items>
            </tab1>
        </items>
    </content>
</jcr:root>
