<?xml version="1.0" encoding="UTF-8"?>
<jcr:root xmlns:sling="http://sling.apache.org/jcr/sling/1.0" xmlns:cq="http://www.day.com/jcr/cq/1.0" xmlns:jcr="http://www.jcp.org/jcr/1.0" xmlns:nt="http://www.jcp.org/jcr/nt/1.0"
    jcr:primaryType="nt:unstructured"
    jcr:title="dialog"
    sling:resourceType="cq/gui/components/authoring/dialog">
    <content
        jcr:primaryType="nt:unstructured"
        sling:resourceType="granite/ui/components/coral/foundation/tabs">
        <items jcr:primaryType="nt:unstructured">
            <General
                jcr:primaryType="nt:unstructured"
                jcr:title="General"
                sling:resourceType="granite/ui/components/coral/foundation/fixedcolumns">
                <items jcr:primaryType="nt:unstructured">
                    <column
                        jcr:primaryType="nt:unstructured"
                        sling:resourceType="granite/ui/components/foundation/container">
                        <items jcr:primaryType="nt:unstructured">
                            <desktopColumns
                                jcr:primaryType="nt:unstructured"
                                sling:resourceType="granite/ui/components/coral/foundation/form/select"
                                fieldLabel="Desktop Columns"
                                name="./desktopColumns">
                                <items jcr:primaryType="nt:unstructured">
                                    <EightByFour
                                        jcr:primaryType="nt:unstructured"
                                        text="8,4"
                                        value="8,4"/>
                                    <FourByEight
                                        jcr:primaryType="nt:unstructured"
                                        text="4,8"
                                        value="4,8"/>
                                    <ThreeByNine
                                        jcr:primaryType="nt:unstructured"
                                        text="3,9"
                                        value="3,9"/>
                                    <NineByThree
                                        jcr:primaryType="nt:unstructured"
                                        text="9,3"
                                        value="9,3"/>
                                    <TwoByTen
                                        jcr:primaryType="nt:unstructured"
                                        text="2,10"
                                        value="2,10"/>
                                </items>
                            </desktopColumns>
                            <tabletColumns
                                jcr:primaryType="nt:unstructured"
                                sling:resourceType="granite/ui/components/coral/foundation/form/select"
                                fieldLabel="Tablet Columns"
                                name="./tabletColumns">
                                <items jcr:primaryType="nt:unstructured">
                                    <EightByFour
                                        jcr:primaryType="nt:unstructured"
                                        text="8,4"
                                        value="8,4"/>
                                    <FourByEight
                                        jcr:primaryType="nt:unstructured"
                                        text="4,8"
                                        value="4,8"/>
                                    <ThreeByNine
                                        jcr:primaryType="nt:unstructured"
                                        text="3,9"
                                        value="3,9"/>
                                    <NineByThree
                                        jcr:primaryType="nt:unstructured"
                                        text="9,3"
                                        value="9,3"/>
                                    <TwoByTen
                                        jcr:primaryType="nt:unstructured"
                                        text="2,10"
                                        value="2,10"/>
                                </items>
                            </tabletColumns>
                        </items>
                    </column>
                </items>
            </General>
        </items>
    </content>
</jcr:root>
