<?xml version="1.0" encoding="UTF-8"?>
<jcr:root xmlns:cq="http://www.day.com/jcr/cq/1.0" xmlns:jcr="http://www.jcp.org/jcr/1.0" xmlns:nt="http://www.jcp.org/jcr/nt/1.0"
    jcr:primaryType="cq:Dialog"
    title="dialog"
    xtype="dialog">
    <items
        jcr:primaryType="cq:Widget"
        xtype="tabpanel">
        <items jcr:primaryType="cq:WidgetCollection">
            <formcontent
                jcr:primaryType="cq:Panel"
                title="Appt Form Header/Footer text">
                <items jcr:primaryType="cq:WidgetCollection">
                    <title
                        jcr:primaryType="cq:Widget"
                        allowBlank="false"
                        fieldLabel="Enter Form Title :"
                        name="./formtitle"
                        xtype="textfield"/>
                    <formheadertext
                        jcr:primaryType="cq:Widget"
                        fieldLabel="Enter Form Header Text"
                        name="./formheadertext"
                        xtype="richtext">
                        <rtePlugins jcr:primaryType="nt:unstructured">
                            <table
                                jcr:primaryType="nt:unstructured"
                                features="*"/>
                            <paraformat
                                jcr:primaryType="nt:unstructured"
                                features="*">
                                <formats jcr:primaryType="cq:WidgetCollection">
                                    <format1
                                        jcr:primaryType="nt:unstructured"
                                        description="Heading1"
                                        tag="h1"/>
                                    <format2
                                        jcr:primaryType="nt:unstructured"
                                        description="Heading2"
                                        tag="h2"/>
                                    <format3
                                        jcr:primaryType="nt:unstructured"
                                        description="Heading3"
                                        tag="h3"/>
                                    <format4
                                        jcr:primaryType="nt:unstructured"
                                        description="Heading4"
                                        tag="h4"/>
                                    <format5
                                        jcr:primaryType="nt:unstructured"
                                        description="paragraph"
                                        tag="p"/>
                                </formats>
                            </paraformat>
                            <undo
                                jcr:primaryType="nt:unstructured"
                                features="*"/>
                            <subsuperscript
                                jcr:primaryType="nt:unstructured"
                                features="*"/>
                        </rtePlugins>
                    </formheadertext>
                    <formfootertext
                        jcr:primaryType="cq:Widget"
                        fieldLabel="Enter Form Footer Text"
                        name="./formfootertext"
                        xtype="richtext">
                        <rtePlugins jcr:primaryType="nt:unstructured">
                            <table
                                jcr:primaryType="nt:unstructured"
                                features="*"/>
                            <paraformat
                                jcr:primaryType="nt:unstructured"
                                features="*">
                                <formats jcr:primaryType="cq:WidgetCollection">
                                    <format1
                                        jcr:primaryType="nt:unstructured"
                                        description="Heading1"
                                        tag="h1"/>
                                    <format2
                                        jcr:primaryType="nt:unstructured"
                                        description="Heading2"
                                        tag="h2"/>
                                    <format3
                                        jcr:primaryType="nt:unstructured"
                                        description="Heading3"
                                        tag="h3"/>
                                    <format4
                                        jcr:primaryType="nt:unstructured"
                                        description="Heading4"
                                        tag="h4"/>
                                    <format5
                                        jcr:primaryType="nt:unstructured"
                                        description="paragraph"
                                        tag="p"/>
                                </formats>
                            </paraformat>
                            <undo
                                jcr:primaryType="nt:unstructured"
                                features="*"/>
                            <subsuperscript
                                jcr:primaryType="nt:unstructured"
                                features="*"/>
                        </rtePlugins>
                    </formfootertext>
                </items>
            </formcontent>
            <resultpagefootertext
                jcr:primaryType="cq:Panel"
                title=" Appointment Status Result Page Footer Text">
                <items jcr:primaryType="cq:WidgetCollection">
                    <title
                        jcr:primaryType="cq:Widget"
                        allowBlank="false"
                        fieldLabel="Enter Result Page Title :"
                        name="./title"
                        xtype="textfield"/>
                    <footertext
                        jcr:primaryType="cq:Widget"
                        fieldLabel="Enter Footer Text"
                        name="./footertext"
                        xtype="richtext">
                        <rtePlugins jcr:primaryType="nt:unstructured">
                            <table
                                jcr:primaryType="nt:unstructured"
                                features="*"/>
                            <paraformat
                                jcr:primaryType="nt:unstructured"
                                features="*">
                                <formats jcr:primaryType="cq:WidgetCollection">
                                    <format1
                                        jcr:primaryType="nt:unstructured"
                                        description="Heading1"
                                        tag="h1"/>
                                    <format2
                                        jcr:primaryType="nt:unstructured"
                                        description="Heading2"
                                        tag="h2"/>
                                    <format3
                                        jcr:primaryType="nt:unstructured"
                                        description="Heading3"
                                        tag="h3"/>
                                    <format4
                                        jcr:primaryType="nt:unstructured"
                                        description="Heading4"
                                        tag="h4"/>
                                    <format5
                                        jcr:primaryType="nt:unstructured"
                                        description="paragraph"
                                        tag="p"/>
                                </formats>
                            </paraformat>
                            <undo
                                jcr:primaryType="nt:unstructured"
                                features="*"/>
                            <subsuperscript
                                jcr:primaryType="nt:unstructured"
                                features="*"/>
                        </rtePlugins>
                    </footertext>
                </items>
            </resultpagefootertext>
        </items>
    </items>
</jcr:root>
