<?xml version="1.0" encoding="UTF-8"?>
<jcr:root xmlns:cq="http://www.day.com/jcr/cq/1.0" xmlns:jcr="http://www.jcp.org/jcr/1.0" xmlns:nt="http://www.jcp.org/jcr/nt/1.0"
    jcr:primaryType="cq:Dialog"
    title="Dialog"
    xtype="dialog">
    <items
        jcr:primaryType="cq:Widget"
        xtype="tabpanel">
        <items jcr:primaryType="cq:WidgetCollection">
            <tab1
                jcr:primaryType="cq:Panel"
                title="Text ">
                <items jcr:primaryType="cq:WidgetCollection">
                    <richtext
                        jcr:primaryType="cq:Widget"
                        name="./richtext"
                        xtype="richtext">
                        <rtePlugins jcr:primaryType="nt:unstructured">
                            <table
                                jcr:primaryType="nt:unstructured"
                                features="*"/>
                            <styles
                                jcr:primaryType="nt:unstructured"
                                features="*">
                                <styles jcr:primaryType="cq:WidgetCollection">
                                    <style1
                                        jcr:primaryType="nt:unstructured"
                                        cssName="cssClass"
                                        text="class1"/>
                                    <style2
                                        jcr:primaryType="nt:unstructured"
                                        cssName="cssClass2"
                                        text="class2"/>
                                    <style3
                                        jcr:primaryType="nt:unstructured"
                                        cssName="boxed"
                                        text="Box"/>
                                </styles>
                            </styles>
                            <paraformat
                                jcr:primaryType="nt:unstructured"
                                features="*">
                                <formats jcr:primaryType="cq:WidgetCollection">
                                    <format1
                                        jcr:primaryType="nt:unstructured"
                                        description="Heading1"
                                        tag="h1"/>
                                    <format2
                                        jcr:primaryType="nt:unstructured"
                                        description="Heading2"
                                        tag="h2"/>
                                    <format3
                                        jcr:primaryType="nt:unstructured"
                                        description="Heading3"
                                        tag="h3"/>
                                    <format4
                                        jcr:primaryType="nt:unstructured"
                                        description="Heading4"
                                        tag="h4"/>
                                    <format5
                                        jcr:primaryType="nt:unstructured"
                                        description="paragraph"
                                        tag="p"/>
                                </formats>
                            </paraformat>
                            <undo
                                jcr:primaryType="nt:unstructured"
                                features="*"/>
                            <subsuperscript
                                jcr:primaryType="nt:unstructured"
                                features="*"/>
                            <misctools
                                jcr:primaryType="nt:unstructured"
                                features="*"/>
                        </rtePlugins>
                    </richtext>
                    <link
                        jcr:primaryType="cq:Widget"
                        fieldLabel="Label Link"
                        name="./link"
                        xtype="pathfield"/>
                    <label
                        jcr:primaryType="cq:Widget"
                        fieldLabel="Label"
                        name="./label"
                        xtype="textfield"/>
                    <linktype
                        jcr:primaryType="cq:Widget"
                        fieldLabel="Choose Link Type"
                        name="./linktype"
                        type="select"
                        width="200"
                        xtype="selection">
                        <options jcr:primaryType="cq:WidgetCollection">
                            <externallink
                                jcr:primaryType="nt:unstructured"
                                text="externallink"
                                value="externallink"
                                width="400"/>
                            <internallink
                                jcr:primaryType="nt:unstructured"
                                text="internallink"
                                value="internallink"
                                width="400"/>
                            <linkout
                                jcr:primaryType="nt:unstructured"
                                text="linkout"
                                value="linkout"
                                width="400"/>
                        </options>
                    </linktype>
                    <selection
                        jcr:primaryType="cq:Widget"
                        name="./selection"
                        type="checkbox"
                        width="200"
                        xtype="selection">
                        <options jcr:primaryType="cq:WidgetCollection">
                            <greybackground
                                jcr:primaryType="nt:unstructured"
                                text="Grey Background"
                                value="greybg"/>
                        </options>
                    </selection>
                    <disclaimer
                        jcr:primaryType="cq:Widget"
                        fieldLabel="Disclaimer (if any)"
                        name="./disclaimer"
                        xtype="textfield"/>
                </items>
            </tab1>
        </items>
    </items>
</jcr:root>
