<?xml version="1.0" encoding="UTF-8"?>
<jcr:root xmlns:sling="http://sling.apache.org/jcr/sling/1.0" xmlns:cq="http://www.day.com/jcr/cq/1.0" xmlns:jcr="http://www.jcp.org/jcr/1.0" xmlns:nt="http://www.jcp.org/jcr/nt/1.0"
    jcr:primaryType="nt:unstructured"
    jcr:title="Asset Feed"
    sling:resourceType="cq/gui/components/authoring/dialog">
    <content
        jcr:primaryType="nt:unstructured"
        sling:resourceType="granite/ui/components/foundation/container">
        <layout
            jcr:primaryType="nt:unstructured"
            sling:resourceType="granite/ui/components/foundation/layouts/tabs"
            type="nav"/>
        <items jcr:primaryType="nt:unstructured">
            <assetfeed
                jcr:primaryType="nt:unstructured"
                jcr:title="Product Configs"
                sling:resourceType="granite/ui/components/foundation/container">
                <layout
                    jcr:primaryType="nt:unstructured"
                    sling:resourceType="granite/ui/components/foundation/layouts/fixedcolumns"/>
                <items jcr:primaryType="nt:unstructured">
                    <columns
                        jcr:primaryType="nt:unstructured"
                        sling:resourceType="granite/ui/components/foundation/container">
                        <items jcr:primaryType="nt:unstructured">
                            <heading
                                jcr:primaryType="nt:unstructured"
                                sling:resourceType="granite/ui/components/foundation/form/textfield"
                                fieldLabel="Enter heading"
                                name="./label"/>
                            <productType
                                jcr:primaryType="nt:unstructured"
                                sling:resourceType="granite/ui/components/foundation/form/select"
                                fieldLabel="Select Your Type"
                                name="./productType"
                                optionsRoot="hits"
                                optionsTextField="title"
                                optionsValueField="title"
                                required="true">
                                <items jcr:primaryType="nt:unstructured">
                                    <consumermaterial
                                        jcr:primaryType="nt:unstructured"
                                        text="Consumer Materials"
                                        value="consumermaterials"/>
                                    <producermaterials
                                        jcr:primaryType="nt:unstructured"
                                        text="Producer Materials"
                                        value="producermaterials"/>
                                    <salesflyers
                                        jcr:primaryType="nt:unstructured"
                                        text="Sales Flyers"
                                        value="salesflyers"/>
                                    <investmentinformation
                                        jcr:primaryType="nt:unstructured"
                                        text="Investment Information"
                                        value="investmentinformation"/>
                                </items>
                            </productType>
                            <product1
                                jcr:primaryType="nt:unstructured"
                                sling:resourceType="granite/ui/components/foundation/form/select"
                                fieldLabel="Product 1"
                                name="./product1"
                                optionsRoot="hits"
                                optionsTextField="title"
                                optionsValueField="path">
                                <datasource
                                    jcr:primaryType="nt:unstructured"
                                    sling:resourceType="/apps/JHINS/components/content/datasources/product"
                                    addNone="{Boolean}true"/>
                            </product1>
                            <product2
                                jcr:primaryType="nt:unstructured"
                                sling:resourceType="granite/ui/components/foundation/form/select"
                                fieldDescription="Product 2 is mandatory for Investment Info Type"
                                fieldLabel="Product 2"
                                name="./product2"
                                optionsRoot="hits"
                                optionsTextField="title"
                                optionsValueField="path">
                                <datasource
                                    jcr:primaryType="nt:unstructured"
                                    sling:resourceType="/apps/JHINS/components/content/datasources/product"
                                    addNone="{Boolean}true"/>
                            </product2>
                        </items>
                    </columns>
                </items>
            </assetfeed>
        </items>
    </content>
</jcr:root>
