<?xml version="1.0" encoding="UTF-8"?>
<jcr:root xmlns:sling="http://sling.apache.org/jcr/sling/1.0" xmlns:cq="http://www.day.com/jcr/cq/1.0" xmlns:jcr="http://www.jcp.org/jcr/1.0" xmlns:nt="http://www.jcp.org/jcr/nt/1.0"
    extraClientlibs="[cq.jhas.dialog]"
    jcr:primaryType="nt:unstructured"
    jcr:title="Contact Us Form"
    sling:resourceType="cq/gui/components/authoring/dialog">
    <content
        jcr:primaryType="nt:unstructured"
        sling:resourceType="granite/ui/components/foundation/container">
        <layout
            jcr:primaryType="nt:unstructured"
            sling:resourceType="granite/ui/components/foundation/layouts/tabs"
            type="nav"/>
        <items jcr:primaryType="nt:unstructured">
            <form
                jcr:primaryType="nt:unstructured"
                jcr:title="Contact Us Form"
                sling:resourceType="granite/ui/components/foundation/container">
                <layout
                    jcr:primaryType="nt:unstructured"
                    sling:resourceType="granite/ui/components/foundation/layouts/fixedcolumns"/>
                <items jcr:primaryType="nt:unstructured">
                    <columns
                        jcr:primaryType="nt:unstructured"
                        sling:resourceType="granite/ui/components/foundation/container">
                        <items jcr:primaryType="nt:unstructured">
                            <fieldlabel1
                                jcr:primaryType="nt:unstructured"
                                sling:resourceType="granite/ui/components/foundation/form/textfield"
                                fieldLabel="Field Label"
                                name="./fieldTopic"
                                value="The topic of your message"/>
                            <fieldlabel2
                                jcr:primaryType="nt:unstructured"
                                sling:resourceType="granite/ui/components/foundation/form/textfield"
                                fieldLabel="Field Label"
                                name="./fieldFirstName"
                                value="First Name"/>
                            <fieldlabel3
                                jcr:primaryType="nt:unstructured"
                                sling:resourceType="granite/ui/components/foundation/form/textfield"
                                fieldLabel="Field Label"
                                name="./fieldLastName"
                                value="Last Name"/>
                            <fieldlabel4
                                jcr:primaryType="nt:unstructured"
                                sling:resourceType="granite/ui/components/foundation/form/textfield"
                                fieldLabel="Field Label"
                                name="./fieldSuffix"
                                value="Suffix"/>
                            <fieldlabel5
                                jcr:primaryType="nt:unstructured"
                                sling:resourceType="granite/ui/components/foundation/form/textfield"
                                fieldLabel="Field Label"
                                name="./fieldEmail"
                                value="Email Address"/>
                            <fieldlabel6
                                jcr:primaryType="nt:unstructured"
                                sling:resourceType="granite/ui/components/foundation/form/textfield"
                                fieldLabel="Field Label"
                                name="./fieldAccount"
                                value="Account #"/>
                            <fieldlabel7
                                jcr:primaryType="nt:unstructured"
                                sling:resourceType="granite/ui/components/foundation/form/textfield"
                                fieldLabel="Field Label"
                                name="./fieldPhoneNumber"
                                value="Phone Number"/>
                            <fieldlabel8
                                jcr:primaryType="nt:unstructured"
                                sling:resourceType="granite/ui/components/foundation/form/textfield"
                                fieldLabel="Field Label"
                                name="./fieldAddress"
                                value="Address"/>
                            <fieldlabel9
                                jcr:primaryType="nt:unstructured"
                                sling:resourceType="granite/ui/components/foundation/form/textfield"
                                fieldLabel="Field Label"
                                name="./fieldMessage"
                                value="Write your message"/>
                        </items>
                    </columns>
                </items>
            </form>
            <sendmessages
                jcr:primaryType="nt:unstructured"
                jcr:title="Messages Config"
                sling:resourceType="granite/ui/components/foundation/section">
                <layout
                    jcr:primaryType="nt:unstructured"
                    sling:resourceType="granite/ui/components/foundation/layouts/fixedcolumns"/>
                <items jcr:primaryType="nt:unstructured">
                    <column
                        jcr:primaryType="nt:unstructured"
                        sling:resourceType="granite/ui/components/foundation/container">
                        <items jcr:primaryType="nt:unstructured">
                            <fieldset
                                jcr:primaryType="nt:unstructured"
                                jcr:title="Thank You Message"
                                sling:resourceType="granite/ui/components/foundation/form/fieldset">
                                <layout
                                    jcr:primaryType="nt:unstructured"
                                    sling:resourceType="granite/ui/components/foundation/layouts/fixedcolumns"/>
                                <items jcr:primaryType="nt:unstructured">
                                    <column
                                        jcr:primaryType="nt:unstructured"
                                        sling:resourceType="granite/ui/components/foundation/container">
                                        <items jcr:primaryType="nt:unstructured">
                                            <thankyoutitle
				                                jcr:primaryType="nt:unstructured"
				                                sling:resourceType="granite/ui/components/foundation/form/textfield"
				                                fieldLabel="Message Title"
				                                required="true"
				                                name="./thankyouTitle"
				                                value="Thank you!"/>
				                            <thankyoumessage
				                                jcr:primaryType="nt:unstructured"
				                                sling:resourceType="granite/ui/components/foundation/form/textarea"
				                                fieldLabel="Message Content"
				                                required="true"
				                                name="./thankyouMessage"/>
                                        </items>
                                    </column>
                                </items>
                            </fieldset>
                        </items>
                    </column>
                </items>
            </sendmessages>
        </items>
    </content>
</jcr:root>
