<?xml version="1.0" encoding="UTF-8"?>
<jcr:root xmlns:cq="http://www.day.com/jcr/cq/1.0" xmlns:jcr="http://www.jcp.org/jcr/1.0" xmlns:nt="http://www.jcp.org/jcr/nt/1.0"
    jcr:primaryType="cq:Dialog"
    title="Asset Feed"
    xtype="dialog">
    <items
        jcr:primaryType="cq:Widget"
        xtype="tabpanel">
        <items jcr:primaryType="cq:WidgetCollection">
            <tab1
                jcr:primaryType="cq:Panel"
                title="Product Configs">
                <items jcr:primaryType="cq:WidgetCollection">
                    <heading
                        jcr:primaryType="cq:Widget"
                        fieldLabel="Enter heading"
                        name="./label"
                        xtype="textfield"/>
                    <productType
                        jcr:primaryType="cq:Widget"
                        allowBlank="{Boolean}false"
                        fieldLabel="Select Your Type"
                        name="./productType"
                        options="/bin/querybuilder.json?path=/etc/tags/JHINS/state&amp;p.limit=-1"
                        optionsRoot="hits"
                        optionsTextField="title"
                        optionsValueField="title"
                        type="select"
                        xtype="selection"/>
                    <product1
                        jcr:primaryType="cq:Widget"
                        fieldLabel="Product 1"
                        name="./product1"
                        options="/bin/querybuilder.json?path=/etc/tags/JHINS/product&amp;p.limit=-1"
                        optionsRoot="hits"
                        optionsTextField="title"
                        optionsValueField="path"
                        type="select"
                        xtype="selection"/>
                    <product2
                        jcr:primaryType="cq:Widget"
                        fieldDescription="Product 2 is mandatory for Investment Info Type"
                        fieldLabel="Product 2"
                        name="./product2"
                        optionsRoot="hits"
                        optionsTextField="title"
                        optionsValueField="path"
                        type="select"
                        xtype="selection">
                        <options jcr:primaryType="cq:WidgetCollection">
                            <consumermaterial
                                jcr:primaryType="nt:unstructured"
                                text="Consumer Materials"
                                value="consumermaterials"/>
                            <producermaterials
                                jcr:primaryType="nt:unstructured"
                                text="Producer Materials"
                                value="producermaterials"/>
                            <salesflyers
                                jcr:primaryType="nt:unstructured"
                                text="Sales Flyers"
                                value="salesflyers"/>
                            <investmentinformation
                                jcr:primaryType="nt:unstructured"
                                text="Investment Information"
                                value="investmentinformation"/>
                        </options>
                    </product2>
                </items>
            </tab1>
        </items>
    </items>
</jcr:root>
