<?xml version="1.0" encoding="UTF-8"?>
<jcr:root xmlns:sling="http://sling.apache.org/jcr/sling/1.0" xmlns:cq="http://www.day.com/jcr/cq/1.0" xmlns:jcr="http://www.jcp.org/jcr/1.0" xmlns:nt="http://www.jcp.org/jcr/nt/1.0"
    jcr:primaryType="nt:unstructured"
    jcr:title="Dialog"
    sling:resourceType="cq/gui/components/authoring/dialog">
    <content
        jcr:primaryType="nt:unstructured"
        sling:resourceType="granite/ui/components/foundation/container">
        <layout
            jcr:primaryType="nt:unstructured"
            sling:resourceType="granite/ui/components/foundation/layouts/tabs"
            type="nav"/>
        <items jcr:primaryType="nt:unstructured">
            <tab1
                jcr:primaryType="nt:unstructured"
                jcr:title="Text "
                sling:resourceType="granite/ui/components/foundation/container">
                <layout
                    jcr:primaryType="nt:unstructured"
                    sling:resourceType="granite/ui/components/foundation/layouts/fixedcolumns"/>
                <items jcr:primaryType="nt:unstructured">
                    <columns
                        jcr:primaryType="nt:unstructured"
                        sling:resourceType="granite/ui/components/foundation/container">
                        <items jcr:primaryType="nt:unstructured">
                            <richtext
                                jcr:primaryType="nt:unstructured"
                                sling:resourceType="/libs/cq/gui/components/authoring/dialog/richtext"
                                fieldLabel="Text"
                                name="./richtext"
                                useFixedInlineToolbar="{Boolean}true"
                                width="400">
                                <rtePlugins jcr:primaryType="nt:unstructured">
                                    <format
                                        jcr:primaryType="nt:unstructured"
                                        features="*"/>
                                    <justify
                                        jcr:primaryType="nt:unstructured"
                                        features="*"/>
                                    <lists
                                        jcr:primaryType="nt:unstructured"
                                        features="*"/>
                                    <paraformat
                                        jcr:primaryType="nt:unstructured"
                                        features="*"/>
                                    <links
                                        jcr:primaryType="nt:unstructured"
                                        features="*"/>
                                    <table
                                        jcr:primaryType="nt:unstructured"
                                        features="-">
                                        <hiddenHeaderConfig
                                            jcr:primaryType="nt:unstructured"
                                            hiddenHeaderClassName="cq-wcm-foundation-aria-visuallyhidden"
                                            hiddenHeaderEditingCSS="cq-RichText-hiddenHeader--editing"/>
                                    </table>
                                </rtePlugins>
                                <uiSettings jcr:primaryType="nt:unstructured">
                                    <cui jcr:primaryType="nt:unstructured">
                                        <inline
                                            jcr:primaryType="nt:unstructured"
                                            toolbar="[format#bold,format#italic,format#underline,#justify,#lists,links#modifylink,links#unlink,#paraformat]">
                                            <popovers jcr:primaryType="nt:unstructured">
                                                <justify
                                                    jcr:primaryType="nt:unstructured"
                                                    items="[justify#justifyleft,justify#justifycenter,justify#justifyright]"
                                                    ref="justify"/>
                                                <lists
                                                    jcr:primaryType="nt:unstructured"
                                                    items="[lists#unordered,lists#ordered,lists#outdent,lists#indent]"
                                                    ref="lists"/>
                                                <paraformat
                                                    jcr:primaryType="nt:unstructured"
                                                    items="paraformat:getFormats:paraformat-pulldown"
                                                    ref="paraformat"/>
                                            </popovers>
                                        </inline>
                                        <dialogFullScreen
                                            jcr:primaryType="nt:unstructured"
                                            toolbar="[format#bold,format#italic,format#underline,justify#justifyleft,justify#justifycenter,justify#justifyright,lists#unordered,lists#ordered,lists#outdent,lists#indent,links#modifylink,links#unlink,table#createoredit,#paraformat,image#imageProps]">
                                            <popovers jcr:primaryType="nt:unstructured">
                                                <paraformat
                                                    jcr:primaryType="nt:unstructured"
                                                    items="paraformat:getFormats:paraformat-pulldown"
                                                    ref="paraformat"/>
                                            </popovers>
                                        </dialogFullScreen>
                                        <tableEditOptions
                                            jcr:primaryType="nt:unstructured"
                                            toolbar="[table#insertcolumn-before,table#insertcolumn-after,table#removecolumn,-,table#insertrow-before,table#insertrow-after,table#removerow,-,table#mergecells-right,table#mergecells-down,table#mergecells,table#splitcell-horizontal,table#splitcell-vertical,-,table#selectrow,table#selectcolumn,-,table#ensureparagraph,-,table#modifytableandcell,table#removetable,-,undo#undo,undo#redo,-,table#exitTableEditing,-]"/>
                                    </cui>
                                </uiSettings>
                            </richtext>
                            <link
                                jcr:primaryType="nt:unstructured"
                                sling:resourceType="granite/ui/components/foundation/form/pathbrowser"
                                fieldLabel="Label Link"
                                name="./link"/>
                            <label
                                jcr:primaryType="nt:unstructured"
                                sling:resourceType="granite/ui/components/foundation/form/textfield"
                                fieldLabel="Label"
                                name="./label"/>
                            <linktype
                                jcr:primaryType="nt:unstructured"
                                sling:resourceType="granite/ui/components/foundation/form/select"
                                fieldLabel="Choose Link Type"
                                name="./linktype"
                                width="200">
                                <items jcr:primaryType="nt:unstructured">
                                    <externallink
                                        jcr:primaryType="nt:unstructured"
                                        text="externallink"
                                        value="externallink"
                                        width="400"/>
                                    <internallink
                                        jcr:primaryType="nt:unstructured"
                                        text="internallink"
                                        value="internallink"
                                        width="400"/>
                                    <linkout
                                        jcr:primaryType="nt:unstructured"
                                        text="linkout"
                                        value="linkout"
                                        width="400"/>
                                </items>
                            </linktype>
                            <selection
                                jcr:primaryType="nt:unstructured"
                                sling:resourceType="granite/ui/components/foundation/form/checkbox"
                                name="./selection"
                                text="Grey Background"
                                value="greybg"
                                width="200"/>
                            <disclaimer
                                jcr:primaryType="nt:unstructured"
                                sling:resourceType="granite/ui/components/foundation/form/textfield"
                                fieldLabel="Disclaimer (if any)"
                                name="./disclaimer"/>
                        </items>
                    </columns>
                </items>
            </tab1>
        </items>
    </content>
</jcr:root>
