<?xml version="1.0" encoding="UTF-8"?>
<jcr:root xmlns:sling="http://sling.apache.org/jcr/sling/1.0" xmlns:cq="http://www.day.com/jcr/cq/1.0" xmlns:jcr="http://www.jcp.org/jcr/1.0" xmlns:nt="http://www.jcp.org/jcr/nt/1.0"
    jcr:primaryType="nt:unstructured"
    jcr:title="Sales Flyer"
    sling:resourceType="cq/gui/components/authoring/dialog"
    width="800">
    <content
        jcr:primaryType="nt:unstructured"
        sling:resourceType="granite/ui/components/coral/foundation/container">
        <items jcr:primaryType="nt:unstructured">
            <tabs
                jcr:primaryType="nt:unstructured"
                sling:resourceType="granite/ui/components/coral/foundation/tabs"
                maximized="{Boolean}true">
                <items jcr:primaryType="nt:unstructured">
                    <dropdown
                        jcr:primaryType="nt:unstructured"
                        jcr:title="Dropdown Section"
                        sling:resourceType="granite/ui/components/coral/foundation/container"
                        margin="{Boolean}true">
                        <items jcr:primaryType="nt:unstructured">
                            <columns
                                jcr:primaryType="nt:unstructured"
                                sling:resourceType="granite/ui/components/coral/foundation/fixedcolumns">
                                <items jcr:primaryType="nt:unstructured">
                                    <column
                                        jcr:primaryType="nt:unstructured"
                                        sling:resourceType="granite/ui/components/coral/foundation/container">
                                        <items jcr:primaryType="nt:unstructured">
                                            <heading
                                                jcr:primaryType="nt:unstructured"
                                                sling:resourceType="granite/ui/components/coral/foundation/form/textfield"
                                                fieldLabel="Enter heading"
                                                name="./heading"/>
                                            <multifield
                                                jcr:primaryType="nt:unstructured"
                                                sling:resourceType="granite/ui/components/coral/foundation/form/multifield"
                                                baseName="set_"
                                                composite="{Boolean}true"
                                                fieldLabel="Enter Heading and Text">
                                                <field
                                                    jcr:primaryType="nt:unstructured"
                                                    sling:resourceType="granite/ui/components/coral/foundation/form/fieldset"
                                                    name="./multi">
                                                    <items jcr:primaryType="nt:unstructured">
                                                        <column
                                                            jcr:primaryType="nt:unstructured"
                                                            sling:resourceType="granite/ui/components/coral/foundation/container">
                                                            <items jcr:primaryType="nt:unstructured">
                                                                <title
                                                                    jcr:primaryType="nt:unstructured"
                                                                    sling:resourceType="granite/ui/components/coral/foundation/form/textfield"
                                                                    fieldLabel="Title"
                                                                    name="./title"/>
                                                                <link
                                                                    jcr:primaryType="nt:unstructured"
                                                                    sling:resourceType="granite/ui/components/coral/foundation/form/pathbrowser"
                                                                    fieldLabel="Link"
                                                                    name="./link"/>
                                                            </items>
                                                        </column>
                                                    </items>
                                                </field>
                                            </multifield>
                                        </items>
                                    </column>
                                </items>
                            </columns>
                        </items>
                    </dropdown>
                    <prospectus
                        jcr:primaryType="nt:unstructured"
                        jcr:title="Prospectus and Supplements"
                        sling:resourceType="granite/ui/components/coral/foundation/container"
                        margin="{Boolean}true">
                        <items jcr:primaryType="nt:unstructured">
                            <columns
                                jcr:primaryType="nt:unstructured"
                                sling:resourceType="granite/ui/components/coral/foundation/fixedcolumns">
                                <items jcr:primaryType="nt:unstructured">
                                    <column
                                        jcr:primaryType="nt:unstructured"
                                        sling:resourceType="granite/ui/components/coral/foundation/container">
                                        <items jcr:primaryType="nt:unstructured">
                                            <heading
                                                jcr:primaryType="nt:unstructured"
                                                sling:resourceType="granite/ui/components/coral/foundation/form/textfield"
                                                fieldLabel="Enter Label"
                                                name="./label"
                                                required="true"/>
                                            <product
                                                jcr:primaryType="nt:unstructured"
                                                sling:resourceType="granite/ui/components/coral/foundation/form/select"
                                                fieldLabel="Product"
                                                name="./product"
                                                optionsRoot="hits"
                                                optionsTextField="title"
                                                optionsValueField="path">
                                                <datasource
                                                    jcr:primaryType="nt:unstructured"
                                                    sling:resourceType="/bin/sling/dynamicdropdown"
                                                    path="/content/cq:tags/JHINS/product"
                                                    value="path"/>
                                            </product>
                                        </items>
                                    </column>
                                </items>
                            </columns>
                        </items>
                    </prospectus>
                    <fundperformance
                        jcr:primaryType="nt:unstructured"
                        jcr:title="Fund Performance"
                        sling:resourceType="granite/ui/components/foundation/container">
                        <items jcr:primaryType="nt:unstructured">
                            <columns
                                jcr:primaryType="nt:unstructured"
                                sling:resourceType="granite/ui/components/coral/foundation/fixedcolumns">
                                <items jcr:primaryType="nt:unstructured">
                                    <columns
                                        jcr:primaryType="nt:unstructured"
                                        sling:resourceType="granite/ui/components/coral/foundation/container">
                                        <items jcr:primaryType="nt:unstructured">
                                            <label
                                                jcr:primaryType="nt:unstructured"
                                                sling:resourceType="granite/ui/components/coral/foundation/form/textfield"
                                                fieldDescription="Provide Fund performance label"
                                                fieldLabel="Label"
                                                name="./fundPerformanceLabel"/>
                                            <link
                                                jcr:primaryType="nt:unstructured"
                                                sling:resourceType="granite/ui/components/coral/foundation/form/pathbrowser"
                                                fieldDescription="Provide Link for above label"
                                                fieldLabel="Link"
                                                name="./fundPerformanceLink"/>
                                        </items>
                                    </columns>
                                </items>
                            </columns>
                        </items>
                    </fundperformance>
                    <productrates
                        jcr:primaryType="nt:unstructured"
                        jcr:title="Product Rates"
                        sling:resourceType="granite/ui/components/coral/foundation/container">
                        <items jcr:primaryType="nt:unstructured">
                            <columns
                                jcr:primaryType="nt:unstructured"
                                sling:resourceType="granite/ui/components/coral/foundation/fixedcolumns">
                                <items jcr:primaryType="nt:unstructured">
                                    <column
                                        jcr:primaryType="nt:unstructured"
                                        sling:resourceType="granite/ui/components/coral/foundation/container">
                                        <items jcr:primaryType="nt:unstructured">
                                            <labellink
                                                jcr:primaryType="nt:unstructured"
                                                sling:resourceType="granite/ui/components/coral/foundation/form/multifield"
                                                baseName="rate_"
                                                composite="{Boolean}true"
                                                fieldLabel="Click on the + button to add Fields">
                                                <field
                                                    jcr:primaryType="nt:unstructured"
                                                    sling:resourceType="granite/ui/components/coral/foundation/form/fieldset"
                                                    acs-commons-nested="NODE_STORE"
                                                    name="./links">
                                                    <items jcr:primaryType="nt:unstructured">
                                                        <columns
                                                            jcr:primaryType="nt:unstructured"
                                                            sling:resourceType="granite/ui/components/coral/foundation/fixedcolumns">
                                                            <items jcr:primaryType="nt:unstructured">
                                                                <column
                                                                    jcr:primaryType="nt:unstructured"
                                                                    sling:resourceType="granite/ui/components/coral/foundation/container">
                                                                    <items jcr:primaryType="nt:unstructured">
                                                                        <title
                                                                            jcr:primaryType="nt:unstructured"
                                                                            sling:resourceType="granite/ui/components/coral/foundation/form/textfield"
                                                                            fieldLabel="Title"
                                                                            name="./title"/>
                                                                        <link
                                                                            jcr:primaryType="nt:unstructured"
                                                                            sling:resourceType="granite/ui/components/coral/foundation/form/pathbrowser"
                                                                            fieldLabel="Link"
                                                                            name="./link"/>
                                                                    </items>
                                                                </column>
                                                            </items>
                                                        </columns>
                                                    </items>
                                                </field>
                                            </labellink>
                                        </items>
                                    </column>
                                </items>
                            </columns>
                        </items>
                    </productrates>
                </items>
            </tabs>
        </items>
    </content>
</jcr:root>
