<?xml version="1.0" encoding="UTF-8"?>
<jcr:root xmlns:cq="http://www.day.com/jcr/cq/1.0" xmlns:jcr="http://www.jcp.org/jcr/1.0"
    jcr:primaryType="cq:Dialog"
    title="Dialog"
    width="600"
    xtype="dialog">
    <items
        jcr:primaryType="cq:Widget"
        xtype="tabpanel">
        <items jcr:primaryType="cq:WidgetCollection">
            <profiles
                jcr:primaryType="cq:Panel"
                title="Profiles">
                <items jcr:primaryType="cq:WidgetCollection">
                    <profiles
                        jcr:primaryType="cq:Panel"
                        title="Profiles">
                        <items jcr:primaryType="cq:WidgetCollection">
                            <mrktprofiles
                                jcr:primaryType="cq:Widget"
                                baseName="profile_"
                                fieldDescription="Click on the + button to add Fields ( maximum field limit's - 6 )"
                                fieldLabel="Profiles"
                                maxLimit="6"
                                name="./profile"
                                prefix="./"
                                xtype="mtmulticompositefield">
                                <fieldConfigs jcr:primaryType="cq:WidgetCollection">
                                    <name
                                        jcr:primaryType="cq:Widget"
                                        allowBlank="{Boolean}false"
                                        fieldLabel="Name"
                                        name="name"
                                        width="300"
                                        xtype="textfield"/>
                                    <designation
                                        jcr:primaryType="cq:Widget"
                                        fieldLabel="Designation"
                                        name="designation"
                                        width="300"
                                        xtype="textfield"/>
                                    <profileimage
                                        jcr:primaryType="cq:Widget"
                                        fieldLabel="Image"
                                        name="image"
                                        width="300"
                                        xtype="pathfield"/>
                                    <info
                                        jcr:primaryType="cq:Widget"
                                        fieldLabel="About Author"
                                        name="info"
                                        width="300"
                                        xtype="textarea"/>
                                    <branch
                                        jcr:primaryType="cq:Widget"
                                        fieldLabel="Branch"
                                        name="branch"
                                        width="300"
                                        xtype="textfield"/>
                                </fieldConfigs>
                            </mrktprofiles>
                        </items>
                    </profiles>
                </items>
            </profiles>
        </items>
    </items>
</jcr:root>
