<?xml version="1.0" encoding="UTF-8"?>
<jcr:root xmlns:sling="http://sling.apache.org/jcr/sling/1.0" xmlns:cq="http://www.day.com/jcr/cq/1.0" xmlns:jcr="http://www.jcp.org/jcr/1.0" xmlns:nt="http://www.jcp.org/jcr/nt/1.0"
    jcr:primaryType="nt:unstructured"
    jcr:title="dialog"
    sling:resourceType="cq/gui/components/authoring/dialog">
    <content
        jcr:primaryType="nt:unstructured"
        sling:resourceType="granite/ui/components/coral/foundation/container">
        <items jcr:primaryType="nt:unstructured">
            <tabs
                jcr:primaryType="nt:unstructured"
                sling:resourceType="granite/ui/components/coral/foundation/tabs"
                maximized="{Boolean}true">
                <items jcr:primaryType="nt:unstructured">
                    <formcontent
                        jcr:primaryType="nt:unstructured"
                        jcr:title="Form Header/Footer text"
                        sling:resourceType="granite/ui/components/coral/foundation/container">
                        <items jcr:primaryType="nt:unstructured">
                            <columns
                                jcr:primaryType="nt:unstructured"
                                sling:resourceType="granite/ui/components/coral/foundation/fixedcolumns">
                                <items jcr:primaryType="nt:unstructured">
                                    <column
                                        jcr:primaryType="nt:unstructured"
                                        sling:resourceType="granite/ui/components/coral/foundation/container">
                                        <items jcr:primaryType="nt:unstructured">
                                            <title
                                                jcr:primaryType="nt:unstructured"
                                                sling:resourceType="granite/ui/components/coral/foundation/form/textfield"
                                                fieldLabel="Enter Form Title :"
                                                name="./formtitle"
                                                required="true"/>
                                            <formheadertext
                                                jcr:primaryType="nt:unstructured"
                                                sling:resourceType="/libs/cq/gui/components/authoring/dialog/richtext"
                                                fieldLabel="Enter Form Header Text"
                                                name="./formheadertext"
                                                useFixedInlineToolbar="{Boolean}true">
                                                <rtePlugins jcr:primaryType="nt:unstructured">
                                                    <table
                                                        jcr:primaryType="nt:unstructured"
                                                        features="*"/>
                                                    <paraformat
                                                        jcr:primaryType="nt:unstructured"
                                                        features="*">
                                                        <formats jcr:primaryType="cq:WidgetCollection">
                                                            <format1
                                                                jcr:primaryType="nt:unstructured"
                                                                description="Heading1"
                                                                tag="h1"/>
                                                            <format2
                                                                jcr:primaryType="nt:unstructured"
                                                                description="Heading2"
                                                                tag="h2"/>
                                                            <format3
                                                                jcr:primaryType="nt:unstructured"
                                                                description="Heading3"
                                                                tag="h3"/>
                                                            <format4
                                                                jcr:primaryType="nt:unstructured"
                                                                description="Heading4"
                                                                tag="h4"/>
                                                            <format5
                                                                jcr:primaryType="nt:unstructured"
                                                                description="paragraph"
                                                                tag="p"/>
                                                        </formats>
                                                    </paraformat>
                                                    <undo
                                                        jcr:primaryType="nt:unstructured"
                                                        features="*"/>
                                                    <subsuperscript
                                                        jcr:primaryType="nt:unstructured"
                                                        features="*"/>
                                                </rtePlugins>
                                            </formheadertext>
                                            <formfootertext
                                                jcr:primaryType="nt:unstructured"
                                                sling:resourceType="/libs/cq/gui/components/authoring/dialog/richtext"
                                                fieldLabel="Enter Form Footer Text"
                                                name="./formfootertext"
                                                useFixedInlineToolbar="{Boolean}true">
                                                <rtePlugins jcr:primaryType="nt:unstructured">
                                                    <table
                                                        jcr:primaryType="nt:unstructured"
                                                        features="*"/>
                                                    <paraformat
                                                        jcr:primaryType="nt:unstructured"
                                                        features="*">
                                                        <formats jcr:primaryType="cq:WidgetCollection">
                                                            <format1
                                                                jcr:primaryType="nt:unstructured"
                                                                description="Heading1"
                                                                tag="h1"/>
                                                            <format2
                                                                jcr:primaryType="nt:unstructured"
                                                                description="Heading2"
                                                                tag="h2"/>
                                                            <format3
                                                                jcr:primaryType="nt:unstructured"
                                                                description="Heading3"
                                                                tag="h3"/>
                                                            <format4
                                                                jcr:primaryType="nt:unstructured"
                                                                description="Heading4"
                                                                tag="h4"/>
                                                            <format5
                                                                jcr:primaryType="nt:unstructured"
                                                                description="paragraph"
                                                                tag="p"/>
                                                        </formats>
                                                    </paraformat>
                                                    <undo
                                                        jcr:primaryType="nt:unstructured"
                                                        features="*"/>
                                                    <subsuperscript
                                                        jcr:primaryType="nt:unstructured"
                                                        features="*"/>
                                                </rtePlugins>
                                            </formfootertext>
                                            <popuptext
                                                jcr:primaryType="nt:unstructured"
                                                sling:resourceType="/libs/cq/gui/components/authoring/dialog/richtext"
                                                fieldLabel="Enter Popup Text"
                                                name="./popuptext"
                                                useFixedInlineToolbar="{Boolean}true">
                                                <rtePlugins jcr:primaryType="nt:unstructured">
                                                    <table
                                                        jcr:primaryType="nt:unstructured"
                                                        features="*"/>
                                                    <paraformat
                                                        jcr:primaryType="nt:unstructured"
                                                        features="*">
                                                        <formats jcr:primaryType="cq:WidgetCollection">
                                                            <format1
                                                                jcr:primaryType="nt:unstructured"
                                                                description="Heading1"
                                                                tag="h1"/>
                                                            <format2
                                                                jcr:primaryType="nt:unstructured"
                                                                description="Heading2"
                                                                tag="h2"/>
                                                            <format3
                                                                jcr:primaryType="nt:unstructured"
                                                                description="Heading3"
                                                                tag="h3"/>
                                                            <format4
                                                                jcr:primaryType="nt:unstructured"
                                                                description="Heading4"
                                                                tag="h4"/>
                                                            <format5
                                                                jcr:primaryType="nt:unstructured"
                                                                description="paragraph"
                                                                tag="p"/>
                                                        </formats>
                                                    </paraformat>
                                                    <undo
                                                        jcr:primaryType="nt:unstructured"
                                                        features="*"/>
                                                    <subsuperscript
                                                        jcr:primaryType="nt:unstructured"
                                                        features="*"/>
                                                </rtePlugins>
                                            </popuptext>
                                            <firmfootertext
                                                jcr:primaryType="nt:unstructured"
                                                sling:resourceType="/libs/cq/gui/components/authoring/dialog/richtext"
                                                fieldLabel="Enter FimSupport Footer Text"
                                                name="./firmfootertext"
                                                useFixedInlineToolbar="{Boolean}true">
                                                <rtePlugins jcr:primaryType="nt:unstructured">
                                                    <table
                                                        jcr:primaryType="nt:unstructured"
                                                        features="*"/>
                                                    <paraformat
                                                        jcr:primaryType="nt:unstructured"
                                                        features="*">
                                                        <formats jcr:primaryType="cq:WidgetCollection">
                                                            <format1
                                                                jcr:primaryType="nt:unstructured"
                                                                description="Heading1"
                                                                tag="h1"/>
                                                            <format2
                                                                jcr:primaryType="nt:unstructured"
                                                                description="Heading2"
                                                                tag="h2"/>
                                                            <format3
                                                                jcr:primaryType="nt:unstructured"
                                                                description="Heading3"
                                                                tag="h3"/>
                                                            <format4
                                                                jcr:primaryType="nt:unstructured"
                                                                description="Heading4"
                                                                tag="h4"/>
                                                            <format5
                                                                jcr:primaryType="nt:unstructured"
                                                                description="paragraph"
                                                                tag="p"/>
                                                        </formats>
                                                    </paraformat>
                                                    <undo
                                                        jcr:primaryType="nt:unstructured"
                                                        features="*"/>
                                                    <subsuperscript
                                                        jcr:primaryType="nt:unstructured"
                                                        features="*"/>
                                                </rtePlugins>
                                            </firmfootertext>
                                        </items>
                                    </column>
                                </items>
                            </columns>
                        </items>
                    </formcontent>
                    <resultpagefootertext
                        jcr:primaryType="nt:unstructured"
                        jcr:title="Result Page Content Text"
                        sling:resourceType="granite/ui/components/coral/foundation/container">
                        <items jcr:primaryType="nt:unstructured">
                            <columns
                                jcr:primaryType="nt:unstructured"
                                sling:resourceType="granite/ui/components/coral/foundation/fixedcolumns">
                                <items jcr:primaryType="nt:unstructured">
                                    <column
                                        jcr:primaryType="nt:unstructured"
                                        sling:resourceType="granite/ui/components/coral/foundation/container">
                                        <items jcr:primaryType="nt:unstructured">
                                            <title
                                                jcr:primaryType="nt:unstructured"
                                                sling:resourceType="granite/ui/components/coral/foundation/form/textfield"
                                                fieldLabel="Enter Result Page Title :"
                                                name="./title"
                                                required="true"/>
                                            <headertext
                                                jcr:primaryType="nt:unstructured"
                                                sling:resourceType="/libs/cq/gui/components/authoring/dialog/richtext"
                                                fieldLabel="Enter Header Text"
                                                name="./headertext"
                                                useFixedInlineToolbar="{Boolean}true">
                                                <rtePlugins jcr:primaryType="nt:unstructured">
                                                    <table
                                                        jcr:primaryType="nt:unstructured"
                                                        features="*"/>
                                                    <paraformat
                                                        jcr:primaryType="nt:unstructured"
                                                        features="*">
                                                        <formats jcr:primaryType="cq:WidgetCollection">
                                                            <format1
                                                                jcr:primaryType="nt:unstructured"
                                                                description="Heading1"
                                                                tag="h1"/>
                                                            <format2
                                                                jcr:primaryType="nt:unstructured"
                                                                description="Heading2"
                                                                tag="h2"/>
                                                            <format3
                                                                jcr:primaryType="nt:unstructured"
                                                                description="Heading3"
                                                                tag="h3"/>
                                                            <format4
                                                                jcr:primaryType="nt:unstructured"
                                                                description="Heading4"
                                                                tag="h4"/>
                                                            <format5
                                                                jcr:primaryType="nt:unstructured"
                                                                description="paragraph"
                                                                tag="p"/>
                                                        </formats>
                                                    </paraformat>
                                                    <undo
                                                        jcr:primaryType="nt:unstructured"
                                                        features="*"/>
                                                    <subsuperscript
                                                        jcr:primaryType="nt:unstructured"
                                                        features="*"/>
                                                </rtePlugins>
                                            </headertext>
                                            <footertext
                                                jcr:primaryType="nt:unstructured"
                                                sling:resourceType="/libs/cq/gui/components/authoring/dialog/richtext"
                                                fieldLabel="Enter Footer Text"
                                                name="./footertext"
                                                useFixedInlineToolbar="{Boolean}true">
                                                <rtePlugins jcr:primaryType="nt:unstructured">
                                                    <table
                                                        jcr:primaryType="nt:unstructured"
                                                        features="*"/>
                                                    <paraformat
                                                        jcr:primaryType="nt:unstructured"
                                                        features="*">
                                                        <formats jcr:primaryType="cq:WidgetCollection">
                                                            <format1
                                                                jcr:primaryType="nt:unstructured"
                                                                description="Heading1"
                                                                tag="h1"/>
                                                            <format2
                                                                jcr:primaryType="nt:unstructured"
                                                                description="Heading2"
                                                                tag="h2"/>
                                                            <format3
                                                                jcr:primaryType="nt:unstructured"
                                                                description="Heading3"
                                                                tag="h3"/>
                                                            <format4
                                                                jcr:primaryType="nt:unstructured"
                                                                description="Heading4"
                                                                tag="h4"/>
                                                            <format5
                                                                jcr:primaryType="nt:unstructured"
                                                                description="paragraph"
                                                                tag="p"/>
                                                        </formats>
                                                    </paraformat>
                                                    <undo
                                                        jcr:primaryType="nt:unstructured"
                                                        features="*"/>
                                                    <subsuperscript
                                                        jcr:primaryType="nt:unstructured"
                                                        features="*"/>
                                                </rtePlugins>
                                            </footertext>
                                        </items>
                                    </column>
                                </items>
                            </columns>
                        </items>
                    </resultpagefootertext>
                    <rolebasedcontent
                        jcr:primaryType="nt:unstructured"
                        jcr:title="Role Based Content Text"
                        sling:resourceType="granite/ui/components/coral/foundation/container">
                        <items jcr:primaryType="nt:unstructured">
                            <columns
                                jcr:primaryType="nt:unstructured"
                                sling:resourceType="granite/ui/components/coral/foundation/fixedcolumns">
                                <items jcr:primaryType="nt:unstructured">
                                    <column
                                        jcr:primaryType="nt:unstructured"
                                        sling:resourceType="granite/ui/components/coral/foundation/container">
                                        <items jcr:primaryType="nt:unstructured">
                                            <rolebasedtext
                                                jcr:primaryType="nt:unstructured"
                                                sling:resourceType="/libs/cq/gui/components/authoring/dialog/richtext"
                                                fieldLabel="Enter Role Based Alert Text"
                                                name="./rolebasedtext"
                                                useFixedInlineToolbar="{Boolean}true">
                                                <rtePlugins jcr:primaryType="nt:unstructured">
                                                    <table
                                                        jcr:primaryType="nt:unstructured"
                                                        features="*"/>
                                                    <paraformat
                                                        jcr:primaryType="nt:unstructured"
                                                        features="*">
                                                        <formats jcr:primaryType="cq:WidgetCollection">
                                                            <format1
                                                                jcr:primaryType="nt:unstructured"
                                                                description="Heading1"
                                                                tag="h1"/>
                                                            <format2
                                                                jcr:primaryType="nt:unstructured"
                                                                description="Heading2"
                                                                tag="h2"/>
                                                            <format3
                                                                jcr:primaryType="nt:unstructured"
                                                                description="Heading3"
                                                                tag="h3"/>
                                                            <format4
                                                                jcr:primaryType="nt:unstructured"
                                                                description="Heading4"
                                                                tag="h4"/>
                                                            <format5
                                                                jcr:primaryType="nt:unstructured"
                                                                description="paragraph"
                                                                tag="p"/>
                                                        </formats>
                                                    </paraformat>
                                                    <undo
                                                        jcr:primaryType="nt:unstructured"
                                                        features="*"/>
                                                    <subsuperscript
                                                        jcr:primaryType="nt:unstructured"
                                                        features="*"/>
                                                </rtePlugins>
                                            </rolebasedtext>
                                        </items>
                                    </column>
                                </items>
                            </columns>
                        </items>
                    </rolebasedcontent>
                </items>
            </tabs>
        </items>
    </content>
</jcr:root>
