<?xml version="1.0" encoding="UTF-8"?>
<jcr:root xmlns:cq="http://www.day.com/jcr/cq/1.0" xmlns:jcr="http://www.jcp.org/jcr/1.0" xmlns:nt="http://www.jcp.org/jcr/nt/1.0"
    jcr:primaryType="cq:Dialog"
    title="Dialog"
    xtype="dialog">
    <items
        jcr:primaryType="cq:Widget"
        xtype="tabpanel">
        <items jcr:primaryType="cq:WidgetCollection">
            <tab1
                jcr:primaryType="cq:Panel"
                title="Configure">
                <items jcr:primaryType="cq:WidgetCollection">
                    <limit
                        jcr:primaryType="cq:Widget"
                        fieldLabel="Number of results per page"
                        name="./limit"
                        xtype="numberfield"/>
                    <searchType
                        jcr:primaryType="cq:Widget"
                        fieldLabel="Search Type"
                        name="./searchType"
                        type="select"
                        xtype="selection">
                        <options jcr:primaryType="cq:WidgetCollection">
                            <lifeonly
                                jcr:primaryType="nt:unstructured"
                                text="Show Life"
                                value="showLife"
                                width="400"/>
                            <ltconly
                                jcr:primaryType="nt:unstructured"
                                text="Show LTC"
                                value="showLTC"
                                width="400"/>
                            <both
                                jcr:primaryType="nt:unstructured"
                                text="Show Both"
                                value="showBoth"
                                width="400"/>
                        </options>
                    </searchType>
                    <basic
                        jcr:primaryType="cq:Widget"
                        path="/apps/JHINS/components/content/sitesearch/tab_basic.infinity.json"
                        xtype="cqinclude"/>
                </items>
            </tab1>
        </items>
    </items>
</jcr:root>
