<?xml version="1.0" encoding="UTF-8"?>
<jcr:root xmlns:cq="http://www.day.com/jcr/cq/1.0" xmlns:jcr="http://www.jcp.org/jcr/1.0" xmlns:nt="http://www.jcp.org/jcr/nt/1.0"
    jcr:primaryType="cq:Dialog"
    title="dialog"
    width="600"
    xtype="dialog">
    <items
        jcr:primaryType="cq:Widget"
        xtype="tabpanel">
        <items jcr:primaryType="cq:WidgetCollection">
            <tab1
                jcr:primaryType="cq:Panel"
                title="Configuration">
                <items jcr:primaryType="cq:WidgetCollection">
                    <type
                        jcr:primaryType="cq:Widget"
                        allowBlank="{Boolean}false"
                        fieldLabel="Content Stream Type"
                        name="./contentstreamtype"
                        type="select"
                        xtype="selection">
                        <options jcr:primaryType="cq:WidgetCollection">
                            <firm
                                jcr:primaryType="nt:unstructured"
                                text="Firm"
                                value="firm"/>
                            <identitysrc
                                jcr:primaryType="nt:unstructured"
                                text="Identity Source"
                                value="identitySource"/>
                            <default
                                jcr:primaryType="nt:unstructured"
                                text="Default"
                                value="default"/>
                        </options>
                        <listeners
                            jcr:primaryType="nt:unstructured"
                            loadcontent="function(value){&#xa;var dlg = this.findParentByType('dialog');&#xa;var identitysrcField = dlg.getField('./identitySource');&#xa;var firmField = dlg.getField('./firm');&#xa;var defaultField = dlg.getField('./default');&#xa;var streamType = dlg.getField('./contentstreamtype').getValue();&#x9;&#xa;firmField.hide();&#xa;identitysrcField.hide();&#xa;defaultField.hide();&#xa;&#x9;if(streamType==&quot;identitySource&quot;)&#xa;&#x9;{&#xa;&#x9;&#x9;identitysrcField.show();&#xa;&#x9;}&#xa;&#x9;else if(streamType==&quot;firm&quot;)&#xa;&#x9;{&#xa;&#x9;&#x9;firmField.show();&#xa;&#x9;}&#xa;&#x9;else if(streamType==&quot;default&quot;)&#xa;&#x9;{&#xa;&#x9;&#x9;defaultField.show();&#xa;&#x9;}&#xa;else{}&#xa;}&#xa;"
                            selectionchanged="function(value){&#xa;var value=this.getValue();&#xa;var dlg = this.findParentByType('dialog');&#xa;var identitysrcField = dlg.getField('./identitySource');&#xa;var firmField = dlg.getField('./firm');&#xa;var defaultField = dlg.getField('./default');&#xa;if(value==&quot;identitySource&quot;)&#xa;{&#xa;identitysrcField.show();&#x9;&#xa;firmField.hide();&#xa;defaultField.hide();&#xa;}&#xa;else if(value==&quot;firm&quot;)&#xa;{&#xa;firmField.show();&#xa;identitysrcField.hide();&#xa;defaultField.hide();&#xa;}&#xa;else if(value==&quot;default&quot;)&#xa;{&#xa;defaultField.show();&#xa;firmField.hide();&#xa;identitysrcField.hide();&#xa;}&#xa;&#xa;}"/>
                    </type>
                    <firm
                        jcr:primaryType="cq:Widget"
                        fieldLabel="Select Firm"
                        name="./firm"
                        options="/bin/sling/JHINSContentStream.firm.json"
                        optionsTextField="title"
                        optionsValueField="path"
                        type="select"
                        xtype="selection"/>
                    <identitysrc
                        jcr:primaryType="cq:Widget"
                        fieldLabel="Select Identity Source"
                        name="./identitySource"
                        options="/bin/sling/JHINSContentStream.idSrc.json"
                        optionsTextField="title"
                        optionsValueField="path"
                        type="select"
                        xtype="selection"/>
                    <default
                        jcr:primaryType="cq:Widget"
                        fieldLabel="Default"
                        name="./default"
                        xtype="textfield"/>
                    <richtext
                        jcr:primaryType="cq:Widget"
                        fieldLabel="Description"
                        name="./richtext"
                        xtype="richtext">
                        <rtePlugins jcr:primaryType="nt:unstructured">
                            <table
                                jcr:primaryType="nt:unstructured"
                                features="*"/>
                            <styles
                                jcr:primaryType="nt:unstructured"
                                features="*">
                                <styles jcr:primaryType="cq:WidgetCollection">
                                    <style1
                                        jcr:primaryType="nt:unstructured"
                                        cssName="cssClass"
                                        text="class1"/>
                                    <style2
                                        jcr:primaryType="nt:unstructured"
                                        cssName="cssClass2"
                                        text="class2"/>
                                    <style3
                                        jcr:primaryType="nt:unstructured"
                                        cssName="boxed"
                                        text="Box"/>
									<contentstyle
                                        jcr:primaryType="nt:unstructured"
                                        cssName="contentstyle"
                                        text="ContentStyle"/>
                                </styles>
                            </styles>
                            <paraformat
                                jcr:primaryType="nt:unstructured"
                                features="*">
                                <formats jcr:primaryType="cq:WidgetCollection">
                                    <format1
                                        jcr:primaryType="nt:unstructured"
                                        description="Heading1"
                                        tag="h1"/>
                                    <format2
                                        jcr:primaryType="nt:unstructured"
                                        description="Heading2"
                                        tag="h2"/>
                                    <format3
                                        jcr:primaryType="nt:unstructured"
                                        description="Heading3"
                                        tag="h3"/>
                                    <format4
                                        jcr:primaryType="nt:unstructured"
                                        description="Heading4"
                                        tag="h4"/>
                                    <format5
                                        jcr:primaryType="nt:unstructured"
                                        description="paragraph"
                                        tag="p"/>
                                </formats>
                            </paraformat>
                            <undo
                                jcr:primaryType="nt:unstructured"
                                features="*"/>
                            <subsuperscript
                                jcr:primaryType="nt:unstructured"
                                features="*"/>
                            <misctools
                                jcr:primaryType="nt:unstructured"
                                features="*"/>
                        </rtePlugins>
                    </richtext>
                </items>
            </tab1>
        </items>
    </items>
</jcr:root>
