<?xml version="1.0" encoding="UTF-8"?>
<jcr:root xmlns:cq="http://www.day.com/jcr/cq/1.0" xmlns:jcr="http://www.jcp.org/jcr/1.0" xmlns:nt="http://www.jcp.org/jcr/nt/1.0"
    cq:actions="[text: Rich Text,-,edit,delete,insert,copymove]"
    cq:dialogMode="floating"
    cq:layout="editbar"
    jcr:primaryType="cq:EditConfig">
    <cq:listeners
        jcr:primaryType="cq:EditListenersConfig"
        afterdelete="REFRESH_SELF"
        afteredit="REFRESH_SELF"/>
    <cq:inplaceEditing
        jcr:primaryType="cq:InplaceEditingConfig"
        active="{Boolean}true"
        editorType="text">
        <config jcr:primaryType="nt:unstructured">
            <rtePlugins jcr:primaryType="nt:unstructured">
                <undo
                    jcr:primaryType="nt:unstructured"
                    features="*"
                    maxUndoSteps="{Long}50"/>
                <format
                    jcr:primaryType="nt:unstructured"
                    features="*"/>
                <justify
                    jcr:primaryType="nt:unstructured"
                    features="*"/>
                <lists
                    jcr:primaryType="nt:unstructured"
                    features="*"/>
                <paraformat
                    jcr:primaryType="nt:unstructured"
                    features="*"/>
                <links
                    jcr:primaryType="nt:unstructured"
                    features="*"/>
                <image
                    jcr:primaryType="nt:unstructured"
                    features="*"/>
                <findreplace
                    jcr:primaryType="nt:unstructured"
                    features="*"/>
                <subsuperscript
                    jcr:primaryType="nt:unstructured"
                    features="*"/>
                <spellcheck
                    jcr:primaryType="nt:unstructured"
                    features="*"/>
                <misctools
                    jcr:primaryType="nt:unstructured"
                    features="*">
                    <specialCharsConfig jcr:primaryType="nt:unstructured">
                        <chars jcr:primaryType="nt:unstructured">
                            <copyright
                                jcr:primaryType="nt:unstructured"
                                entity="&amp;#169;"/>
                            <trademark
                                jcr:primaryType="nt:unstructured"
                                entity="&amp;#8482;"/>
                            <registered
                                jcr:primaryType="nt:unstructured"
                                entity="&amp;#174;"/>
                            <emDash
                                jcr:primaryType="nt:unstructured"
                                entity="&amp;#8212;"/>
                            <pound
                                jcr:primaryType="nt:unstructured"
                                entity="&amp;#163;"/>
                            <nbsp
                                jcr:primaryType="nt:unstructured"
                                entity="&amp;#160;"/>
                        </chars>
                    </specialCharsConfig>
                </misctools>
                <styles
                    jcr:primaryType="nt:unstructured"
                    features="*">
                    <styles jcr:primaryType="nt:unstructured">
                        <blueText
                            jcr:primaryType="nt:unstructured"
                            cssName="blueText"
                            text="blueText"/>
                        <redText
                            jcr:primaryType="nt:unstructured"
                            cssName="redText"
                            text="redText"/>
                        <imageTextul
                            jcr:primaryType="nt:unstructured"
                            cssName="homelinks"
                            text="imageTextul"/>
                        <notunderline
                            jcr:primaryType="nt:unstructured"
                            cssName="notunderline"
                            text="notunderline"/>
                    </styles>
                </styles>
                <table
                    jcr:primaryType="nt:unstructured"
                    features="*"/>
            </rtePlugins>
        </config>
    </cq:inplaceEditing>
</jcr:root>
