<?xml version="1.0" encoding="UTF-8"?>
<jcr:root xmlns:cq="http://www.day.com/jcr/cq/1.0" xmlns:jcr="http://www.jcp.org/jcr/1.0" xmlns:nt="http://www.jcp.org/jcr/nt/1.0"
    jcr:primaryType="cq:Dialog"
    title="Header Component"
    width="700"
    xtype="dialog">
    <items
        jcr:primaryType="nt:unstructured"
        xtype="tabpanel">
        <items jcr:primaryType="cq:WidgetCollection">
            <basic
                jcr:primaryType="cq:Widget"
                title="Selection"
                xtype="panel">
                <items jcr:primaryType="cq:WidgetCollection">
                    <Position
                        jcr:primaryType="cq:Widget"
                        fieldLabel="Utility Selection"
                        name="./utility"
                        type="select"
                        xtype="selection">
                        <options jcr:primaryType="cq:WidgetCollection">
                            <header
                                jcr:primaryType="nt:unstructured"
                                text="Header"
                                value="header"/>
                            <footer
                                jcr:primaryType="nt:unstructured"
                                text="Footer"
                                value="footer"/>
                        </options>
                    </Position>
                </items>
            </basic>
            <linkConfig
                jcr:primaryType="cq:Panel"
                title="Configurations">
                <items jcr:primaryType="cq:WidgetCollection">
                    <links
                        jcr:primaryType="cq:Widget"
                        baseName="utilitylink_"
                        fieldDescription="Click on the + button to add Fields ( maximum field limit's - 10 )"
                        fieldLabel="Links"
                        name="./links"
                        prefix="./"
                        width="500"
                        xtype="mtmulticompositefield">
                        <fieldConfigs jcr:primaryType="cq:WidgetCollection">
                            <label
                                jcr:primaryType="cq:Widget"
                                allowBlank="{Boolean}false"
                                fieldLabel="Label"
                                maxLength="64"
                                name="label"
                                width="300"
                                xtype="textfield"/>
                            <link
                                jcr:primaryType="cq:Widget"
                                allowBlank="{Boolean}false"
                                fieldLabel="Link"
                                name="link"
                                width="300"
                                xtype="pathfield"/>
                            <mobileview
                                jcr:primaryType="cq:Widget"
                                fieldLabel="Mobile View"
                                name="mobileview"
                                type="checkbox"
                                xtype="selection"/>
                        </fieldConfigs>
                    </links>
                </items>
            </linkConfig>
            <items jcr:primaryType="cq:WidgetCollection"/>
            <copyright
                jcr:primaryType="cq:Panel"
                title="Copyright  panel">
                <items jcr:primaryType="cq:WidgetCollection">
                    <copyright
                        jcr:primaryType="cq:Widget"
                        defaultValue="© 2015 John Hancock"
                        fieldDescription="Default Value is © 2015 John Hancock"
                        fieldLabel="Copyright Text"
                        name="./copyright"
                        value="© 2015 John Hancock"
                        xtype="textfield"/>
                </items>
            </copyright>
        </items>
    </items>
</jcr:root>
