<?xml version="1.0" encoding="UTF-8"?>
<jcr:root xmlns:cq="http://www.day.com/jcr/cq/1.0" xmlns:jcr="http://www.jcp.org/jcr/1.0" xmlns:nt="http://www.jcp.org/jcr/nt/1.0"
    jcr:primaryType="cq:Dialog"
    anchor="100%"
    helpPath="en/cq/current/wcm/default_components.html#Table"
    title="Table"
    xtype="panel">
    <items jcr:primaryType="cq:WidgetCollection">
        <name
            jcr:primaryType="cq:Widget"
            fieldDescription="name attribute to be added to the table for linking with goto"
            fieldLabel="Name (Attribute)"
            name="./headName"
            xtype="textfield"/>
        <table
            jcr:primaryType="cq:Widget"
            hideLabel="{Boolean}true"
            name="./tableData"
            xtype="tableedit2">
            <rtePlugins jcr:primaryType="nt:unstructured">
                <table
                    jcr:primaryType="nt:unstructured"
                    externalStyleSheets="[greybackground]"
                    features="*">
                    <tableStyles jcr:primaryType="cq:WidgetCollection">
                        <table-style
                            jcr:primaryType="nt:unstructured"
                            cssName="table-striped even-colored"
                            text="tabeStyleEven"/>
                    </tableStyles>
                    <cellStyles jcr:primaryType="cq:WidgetCollection">
                        <th-style
                            jcr:primaryType="nt:unstructured"
                            cssName="table-striped"
                            text="tabeStyle"/>
                    </cellStyles>
                </table>
                <links jcr:primaryType="nt:unstructured">
                    <linkDialogConfig
                        jcr:primaryType="nt:unstructured"
                        height="{Long}316">
                        <linkAttributes jcr:primaryType="cq:WidgetCollection">
                            <linkAdvanced
                                jcr:primaryType="cq:Widget"
                                collapsed="{Boolean}true"
                                collapsible="{Boolean}true"
                                inputValue="advanced"
                                name="./linkdialog/cq:adhocLinkTrackingTab"
                                title="Link tracking"
                                xtype="dialogfieldset">
                                <items jcr:primaryType="cq:WidgetCollection">
                                    <enable
                                        jcr:primaryType="nt:unstructured"
                                        attribute="enabletracking"
                                        fieldDescription="override analytics framework settings"
                                        fieldLabel="Custom link tracking"
                                        name="./linkdialog/cq:adhocLinkTrackingEnableTracking"
                                        xtype="checkbox">
                                        <listeners
                                            jcr:primaryType="nt:unstructured"
                                            check="function(component){var dlg=component.findParentByType('rtelinkdialog');dlg.enableSCFields(component.checked);}"/>
                                    </enable>
                                    <events
                                        jcr:primaryType="nt:unstructured"
                                        attribute="adhocevents"
                                        fieldDescription="e.g.: event2, event7"
                                        fieldLabel="Include SiteCatalyst events"
                                        name="./linkdialog/cq:adhocLinkTrackingEvents"
                                        xtype="textfield"/>
                                    <evars
                                        jcr:primaryType="nt:unstructured"
                                        attribute="adhocevars"
                                        fieldDescription="e.g.: eVar1: pagedata.url, prop4: 'const'"
                                        fieldLabel="Include SiteCatalyst variables"
                                        name="./linkdialog/cq:adhocLinkTrackingEvars"
                                        xtype="textfield"/>
                                </items>
                            </linkAdvanced>
                        </linkAttributes>
                    </linkDialogConfig>
                </links>
                <subsuperscript
                    jcr:primaryType="nt:unstructured"
                    features="*"/>
                <misctools
                    jcr:primaryType="nt:unstructured"
                    features="*"/>
            </rtePlugins>
        </table>
        <headers
            jcr:primaryType="cq:Widget"
            name="./hasHeaders"
            xtype="hidden"/>
        <firstTable
            jcr:primaryType="cq:Widget"
            fieldLabel="Is this the first table of the Page"
            name="./firstTable"
            type="checkbox"
            xtype="selection">
            <options jcr:primaryType="cq:WidgetCollection">
                <true
                    jcr:primaryType="nt:unstructured"
                    text="Yes"/>
            </options>
        </firstTable>
        <selection
            jcr:primaryType="cq:Widget"
            fieldLabel="Enable Scroll To Top"
            name="./selection"
            type="checkbox"
            width="200"
            xtype="selection">
            <options jcr:primaryType="cq:WidgetCollection">
                <scrolltotop
                    jcr:primaryType="nt:unstructured"
                    text="Yes"
                    value="yes"/>
            </options>
        </selection>
    </items>
</jcr:root>
