<?xml version="1.0" encoding="UTF-8"?>
<jcr:root xmlns:sling="http://sling.apache.org/jcr/sling/1.0" xmlns:cq="http://www.day.com/jcr/cq/1.0" xmlns:jcr="http://www.jcp.org/jcr/1.0" xmlns:nt="http://www.jcp.org/jcr/nt/1.0"
    extraClientlibs="[cq.jhas.dialog]"
    jcr:primaryType="nt:unstructured"
    jcr:title="rte"
    sling:resourceType="cq/gui/components/authoring/dialog">
    <content
        jcr:primaryType="nt:unstructured"
        sling:resourceType="granite/ui/components/foundation/container">
        <layout
            jcr:primaryType="nt:unstructured"
            sling:resourceType="granite/ui/components/foundation/layouts/tabs"
            type="nav"/>
        <items jcr:primaryType="nt:unstructured">
            <quote
                jcr:primaryType="nt:unstructured"
                jcr:title="quote properties"
                sling:resourceType="granite/ui/components/foundation/container">
                <layout
                    jcr:primaryType="nt:unstructured"
                    sling:resourceType="granite/ui/components/foundation/layouts/fixedcolumns"/>
                <items jcr:primaryType="nt:unstructured">
                    <columns
                        jcr:primaryType="nt:unstructured"
                        sling:resourceType="granite/ui/components/foundation/container">
                        <items jcr:primaryType="nt:unstructured">
                            <select
                                jcr:primaryType="nt:unstructured"
                                sling:resourceType="granite/ui/components/foundation/form/select"
                                class="cq-dialog-dropdown-showhide"
                                cq-dialog-dropdown-showhide-target=".list-option-listfrom-showhide-target"
                                fieldLabel="Graphic"
                                name="./graphicSelected">
                                <items jcr:primaryType="nt:unstructured">
                                    <none
                                        jcr:primaryType="nt:unstructured"
                                        text="None"
                                        value="none"/>
                                    <image
                                        jcr:primaryType="nt:unstructured"
                                        text="Image"
                                        value="image"/>
                                    <icon
                                        jcr:primaryType="nt:unstructured"
                                        text="Icon"
                                        value="icon"/>
                                </items>
                            </select>
                            <image
                                jcr:primaryType="nt:unstructured"
                                sling:resourceType="granite/ui/components/foundation/container"
                                class="hide list-option-listfrom-showhide-target foundation-layout-util-vmargin"
                                showhidetargetvalue="image">
                                <items jcr:primaryType="nt:unstructured">
                                    <path
                                        jcr:primaryType="nt:unstructured"
                                        sling:resourceType="granite/ui/components/foundation/form/pathbrowser"
                                        fieldLabel="Image URL"
                                        name="./imageURL"
                                        rootPath="/content/dam"/>
                                </items>
                            </image>
                            <quote
                                jcr:primaryType="nt:unstructured"
                                sling:resourceType="granite/ui/components/foundation/form/textarea"
                                fieldLabel="Quote"
                                name="./quote"/>
                        </items>
                    </columns>
                </items>
            </quote>
        </items>
    </content>
</jcr:root>
