<?xml version="1.0" encoding="UTF-8"?>
<jcr:root xmlns:sling="http://sling.apache.org/jcr/sling/1.0" xmlns:cq="http://www.day.com/jcr/cq/1.0" xmlns:jcr="http://www.jcp.org/jcr/1.0" xmlns:nt="http://www.jcp.org/jcr/nt/1.0"
    jcr:primaryType="nt:unstructured"
    jcr:title="Header Component"
    sling:resourceType="cq/gui/components/authoring/dialog"
    width="700">
    <content
        jcr:primaryType="nt:unstructured"
        sling:resourceType="granite/ui/components/coral/foundation/container">
        <items jcr:primaryType="nt:unstructured">
            <tabs
                jcr:primaryType="nt:unstructured"
                sling:resourceType="granite/ui/components/coral/foundation/tabs"
                maximized="{Boolean}true">
                <items jcr:primaryType="nt:unstructured">
                    <timeConfig
                        jcr:primaryType="nt:unstructured"
                        jcr:title="Configurations"
                        sling:resourceType="granite/ui/components/coral/foundation/container"
                        margin="{Boolean}true">
                        <items jcr:primaryType="nt:unstructured">
                            <columns
                                jcr:primaryType="nt:unstructured"
                                sling:resourceType="granite/ui/components/coral/foundation/fixedcolumns">
                                <items jcr:primaryType="nt:unstructured">
                                    <column
                                        jcr:primaryType="nt:unstructured"
                                        sling:resourceType="granite/ui/components/coral/foundation/container">
                                        <items jcr:primaryType="nt:unstructured">
                                            <timings
                                                jcr:primaryType="nt:unstructured"
                                                sling:resourceType="granite/ui/components/coral/foundation/form/multifield"
                                                baseName="timings_"
                                                composite="{Boolean}true"
                                                fieldDescription="Click on the + button to add Fields ( maximum field limit's - 10 )"
                                                fieldLabel="Timings"
                                                width="500">
                                                <field
                                                    jcr:primaryType="nt:unstructured"
                                                    sling:resourceType="granite/ui/components/coral/foundation/container"
                                                    name="./timings">
                                                    <items jcr:primaryType="nt:unstructured">
                                                        <column
                                                            jcr:primaryType="nt:unstructured"
                                                            sling:resourceType="granite/ui/components/coral/foundation/container">
                                                            <items jcr:primaryType="nt:unstructured">
                                                                <starttime
                                                                    jcr:primaryType="nt:unstructured"
                                                                    sling:resourceType="granite/ui/components/coral/foundation/form/datepicker"
                                                                    DATETIME="datetime"
                                                                    displayFormat="yyyy-MM-dd HH:mm:ss"
                                                                    fieldLabel="Start Time"
                                                                    name="./starttime"
                                                                    type="datetime"/>
                                                                <endtime
                                                                    jcr:primaryType="nt:unstructured"
                                                                    sling:resourceType="granite/ui/components/coral/foundation/form/datepicker"
                                                                    displayFormat="yyyy-MM-dd HH:mm:ss"
                                                                    fieldLabel="End Time"
                                                                    name="endtime"
                                                                    type="datetime"
                                                                    width="300"/>
                                                            </items>
                                                        </column>
                                                    </items>
                                                </field>
                                            </timings>
                                        </items>
                                    </column>
                                </items>
                            </columns>
                        </items>
                    </timeConfig>
                    <message
                        jcr:primaryType="nt:unstructured"
                        jcr:title="Message"
                        sling:resourceType="granite/ui/components/coral/foundation/container"
                        margin="{Boolean}true">
                        <items jcr:primaryType="nt:unstructured">
                            <columns
                                jcr:primaryType="nt:unstructured"
                                sling:resourceType="granite/ui/components/coral/foundation/fixedcolumns">
                                <items jcr:primaryType="nt:unstructured">
                                    <column
                                        jcr:primaryType="nt:unstructured"
                                        sling:resourceType="granite/ui/components/coral/foundation/container">
                                        <items jcr:primaryType="nt:unstructured">
                                            <alertmessage
                                                jcr:primaryType="nt:unstructured"
                                                sling:resourceType="granite/ui/components/coral/foundation/form/textfield"
                                                fieldDescription="Enter Alert message"
                                                fieldLabel="Alert Message"
                                                name="./message"
                                                value="Site Under Maintenance"/>
                                        </items>
                                    </column>
                                </items>
                            </columns>
                        </items>
                    </message>
                </items>
            </tabs>
        </items>
    </content>
</jcr:root>
