<?xml version="1.0" encoding="UTF-8"?>
<jcr:root xmlns:sling="http://sling.apache.org/jcr/sling/1.0" xmlns:cq="http://www.day.com/jcr/cq/1.0" xmlns:jcr="http://www.jcp.org/jcr/1.0" xmlns:nt="http://www.jcp.org/jcr/nt/1.0"
    jcr:primaryType="nt:unstructured"
    jcr:title="Callout"
    sling:resourceType="cq/gui/components/authoring/dialog"
    extraClientlibs="[cq.jhas.dialog]">
    <content
        jcr:primaryType="nt:unstructured"
        sling:resourceType="granite/ui/components/foundation/container">
        <layout
            jcr:primaryType="nt:unstructured"
            sling:resourceType="granite/ui/components/foundation/layouts/tabs"/>
        <items jcr:primaryType="nt:unstructured">
            <callout
                jcr:primaryType="nt:unstructured"
                jcr:title="Callout Properties"
                sling:resourceType="granite/ui/components/foundation/section">
                <layout
                    jcr:primaryType="nt:unstructured"
                    sling:resourceType="granite/ui/components/foundation/layouts/fixedcolumns"/>
                <items jcr:primaryType="nt:unstructured">
                    <column
                        jcr:primaryType="nt:unstructured"
                        sling:resourceType="granite/ui/components/foundation/container">
                        <items jcr:primaryType="nt:unstructured">
                            <alignment
                                jcr:primaryType="nt:unstructured"
                                sling:resourceType="granite/ui/components/foundation/form/select"
                                fieldLabel="Select the Position"
                                name="./alignment">
                                <items jcr:primaryType="nt:unstructured">
                                    <center
                                        jcr:primaryType="nt:unstructured"
                                        text="Center"
                                        value="center"/>
                                    <left
                                        jcr:primaryType="nt:unstructured"
                                        text="Left"
                                        value="left"/>
                                    <right
                                        jcr:primaryType="nt:unstructured"
                                        text="Right"
                                        value="right"/>
                                </items>
                            </alignment>
                            <textAlignment
                                jcr:primaryType="nt:unstructured"
                                sling:resourceType="granite/ui/components/foundation/form/select"
                                fieldLabel="Select the Text Position"
                                name="./textAlignment">
                                <items jcr:primaryType="nt:unstructured">
                                    <center
                                        jcr:primaryType="nt:unstructured"
                                        text="Center"
                                        value="center"/>
                                    <left
                                        jcr:primaryType="nt:unstructured"
                                        text="Left"
                                        value="left"/>
                                    <right
                                        jcr:primaryType="nt:unstructured"
                                        text="Right"
                                        value="right"/>
                                </items>
                            </textAlignment>
                            <select
                                jcr:primaryType="nt:unstructured"
                                sling:resourceType="granite/ui/components/foundation/form/select"
                                class="cq-dialog-dropdown-showhide"
                                cq-dialog-dropdown-showhide-target=".list-option-listfrom-showhide-target"
                                fieldLabel="Select Image/Icon"
                                name="./display">
                                <items jcr:primaryType="nt:unstructured">
                                    <none
                                        jcr:primaryType="nt:unstructured"
                                        text="None"
                                        value="none"/>
                                    <image
                                        jcr:primaryType="nt:unstructured"
                                        text="Image"
                                        value="image"/>
                                    <icon
                                        jcr:primaryType="nt:unstructured"
                                        text="Icon"
                                        value="icon"/>
                                </items>
                            </select>
                            <image
                                jcr:primaryType="nt:unstructured"
                                sling:resourceType="granite/ui/components/foundation/container"
                                class="hide list-option-listfrom-showhide-target foundation-layout-util-vmargin"
                                showhidetargetvalue="image">
                                <items jcr:primaryType="nt:unstructured">
                                    <well
                                        jcr:primaryType="nt:unstructured"
                                        sling:resourceType="granite/ui/components/foundation/container">
                                        <layout
                                            jcr:primaryType="nt:unstructured"
                                            sling:resourceType="granite/ui/components/foundation/layouts/well"/>
                                        <items jcr:primaryType="nt:unstructured">
                                            <image
                                                jcr:primaryType="nt:unstructured"
                                                sling:resourceType="granite/ui/components/foundation/form/pathbrowser"
                                                fieldDescription="select an valid Image URL"
                                                fieldLabel="Image URL"
                                                name="./image"
                                                rootPath="/content/dam"/>
                                        </items>
                                    </well>
                                </items>
                            </image>
                            <icon
                                jcr:primaryType="nt:unstructured"
                                sling:resourceType="granite/ui/components/foundation/container"
                                class="hide list-option-listfrom-showhide-target foundation-layout-util-vmargin"
                                showhidetargetvalue="icon">
                                <items jcr:primaryType="nt:unstructured">
                                    <well
                                        jcr:primaryType="nt:unstructured"
                                        sling:resourceType="granite/ui/components/foundation/container">
                                        <layout
                                            jcr:primaryType="nt:unstructured"
                                            sling:resourceType="granite/ui/components/foundation/layouts/well"/>
                                        <items jcr:primaryType="nt:unstructured">
                                            <iconpicker
                                                jcr:primaryType="nt:unstructured"
                                                sling:resourceType="acs-commons/components/authoring/graphiciconselect"
                                                fieldLabel="Pick Icon"
                                                name="./iconpick">
                                                <datasource
                                                    jcr:primaryType="nt:unstructured"
                                                    sling:resourceType="acs-commons/components/utilities/genericlist/datasource"
                                                    path="[/apps/settings/wcm/designs/lists/ion-icons]"/>
                                            </iconpicker>
                                            <iconpath
                                                jcr:primaryType="nt:unstructured"
                                                sling:resourceType="granite/ui/components/foundation/form/pathbrowser"
                                                fieldDescription="Select Icon Path"
                                                fieldLabel="Custom Icon Path"
                                                name="./iconpath"
                                                rootPath="/content/dam"/>
                                        </items>
                                    </well>
                                </items>
                            </icon>
                            <mobileCheckImage
                                jcr:primaryType="nt:unstructured"
                                sling:resourceType="granite/ui/components/foundation/form/checkbox"
                                defaultChecked="{Boolean}true"
                                name="./mobileCheckImage"
                                text="Show Image/Icon on Mobile"
                                uncheckedValue="false"
                                value="true"/>
                            <title
                                jcr:primaryType="nt:unstructured"
                                sling:resourceType="granite/ui/components/foundation/form/textfield"
                                fieldLabel="Title"
                                name="./title"/>
                            <titleLink
                                jcr:primaryType="nt:unstructured"
                                sling:resourceType="granite/ui/components/foundation/form/pathbrowser"
                                fieldDescription="Select a valid URL ex: https:/"
                                fieldLabel="Title URL"
                                name="./titleLink"
                                rootPath="/content"/>
                            <openoptions
                                jcr:primaryType="nt:unstructured"
                                sling:resourceType="granite/ui/components/foundation/form/select"
                                fieldLabel="Window"
                                name="./options">
                                <items jcr:primaryType="nt:unstructured">
                                    <samewindow
                                        jcr:primaryType="nt:unstructured"
                                        text="Same Window"
                                        value="samewindow"/>
                                    <newwindow
                                        jcr:primaryType="nt:unstructured"
                                        text="New Window"
                                        value="newwindow"/>
                                </items>
                            </openoptions>
                            <mobileCheckTitle
                                jcr:primaryType="nt:unstructured"
                                sling:resourceType="granite/ui/components/foundation/form/checkbox"
                                defaultChecked="{Boolean}true"
                                name="./mobileCheckTitle"
                                text="Show Title on Mobile"
                                uncheckedValue="false"
                                value="true"/>
                            <description
                                jcr:primaryType="nt:unstructured"
                                sling:resourceType="/libs/granite/ui/components/foundation/form/textarea"
                                fieldLabel="Description (Limit 200 char)"
                                maxlength="200"
                                name="./description"/>
                            <mobileCheckDescription
                                jcr:primaryType="nt:unstructured"
                                sling:resourceType="granite/ui/components/foundation/form/checkbox"
                                defaultChecked="{Boolean}true"
                                name="./mobileCheckDescription"
                                text="Show Description on Mobile"
                                uncheckedValue="false"
                                value="true"/>
                            <calloutButtonText
                                jcr:primaryType="nt:unstructured"
                                sling:resourceType="granite/ui/components/foundation/form/textfield"
                                fieldDescription="Button will be hidden if no text is entered"
                                fieldLabel="Button Text"
                                name="./calloutButtonText"/>
                            <buttonURL
                                jcr:primaryType="nt:unstructured"
                                sling:resourceType="granite/ui/components/foundation/form/pathbrowser"
                                fieldDescription="Select a valid URL ex: https:/"
                                fieldLabel="Button URL"
                                name="./buttonURL"
                                rootPath="/content"/>
                            <buttonOpenoptions
                                jcr:primaryType="nt:unstructured"
                                sling:resourceType="granite/ui/components/foundation/form/select"
                                fieldLabel="Window"
                                name="./buttonOpenoptions">
                                <items jcr:primaryType="nt:unstructured">
                                    <samewindow
                                        jcr:primaryType="nt:unstructured"
                                        text="Same Window"
                                        value="samewindow"/>
                                    <newwindow
                                        jcr:primaryType="nt:unstructured"
                                        text="New Window"
                                        value="newwindow"/>
                                </items>
                            </buttonOpenoptions>
                            <mobileCheckButton
                                jcr:primaryType="nt:unstructured"
                                sling:resourceType="granite/ui/components/foundation/form/checkbox"
                                defaultChecked="{Boolean}true"
                                name="./mobileCheckButton"
                                text="Show Button on Mobile"
                                uncheckedValue="false"
                                value="true"/>
                        </items>
                    </column>
                </items>
            </callout>
        </items>
    </content>
</jcr:root>
