<?xml version="1.0" encoding="UTF-8"?>
<jcr:root xmlns:cq="http://www.day.com/jcr/cq/1.0" xmlns:jcr="http://www.jcp.org/jcr/1.0" xmlns:nt="http://www.jcp.org/jcr/nt/1.0"
    jcr:primaryType="cq:Dialog"
    title="Sales Flyer"
    width="800"
    xtype="dialog">
    <items
        jcr:primaryType="cq:Widget"
        xtype="tabpanel">
        <items jcr:primaryType="cq:WidgetCollection">
            <dropdown
                jcr:primaryType="cq:Panel"
                title="Dropdown Section">
                <items jcr:primaryType="cq:WidgetCollection">
                    <heading
                        jcr:primaryType="cq:Widget"
                        fieldLabel="Enter heading"
                        name="./heading"
                        xtype="textfield"/>
                    <link
                        jcr:primaryType="cq:Widget"
                        collapsed="{Boolean}false"
                        collapsible="{Boolean}true"
                        title="Link Configuration"
                        width="800"
                        xtype="dialogfieldset">
                        <items jcr:primaryType="cq:WidgetCollection">
                            <multifield
                                jcr:primaryType="cq:Widget"
                                baseName="set_"
                                fieldLabel="Enter Heading and Text"
                                name="./multi"
                                xtype="mtmulticompositefield">
                                <fieldConfigs jcr:primaryType="cq:WidgetCollection">
                                    <title
                                        jcr:primaryType="cq:Widget"
                                        fieldLabel="Title"
                                        name="title"
                                        xtype="textfield"/>
                                    <link
                                        jcr:primaryType="cq:Widget"
                                        fieldLabel="Link"
                                        name="link"
                                        xtype="pathfield"/>
                                </fieldConfigs>
                            </multifield>
                        </items>
                    </link>
                </items>
            </dropdown>
            <prospectus
                jcr:primaryType="cq:Panel"
                title="Prospectus and Supplements">
                <items jcr:primaryType="cq:WidgetCollection">
                    <heading
                        jcr:primaryType="cq:Widget"
                        allowBlank="{Boolean}false"
                        fieldLabel="Enter Label"
                        name="./label"
                        xtype="textfield"/>
                    <product
                        jcr:primaryType="cq:Widget"
                        fieldLabel="Product"
                        name="./product"
                        options="/bin/querybuilder.json?path=/content/cq:tags/JHINS/product&amp;p.limit=-1"
                        optionsRoot="hits"
                        optionsTextField="title"
                        optionsValueField="path"
                        type="select"
                        xtype="selection"/>
                </items>
            </prospectus>
            <fundperformance
                jcr:primaryType="cq:Panel"
                title="Fund Performance">
                <items jcr:primaryType="cq:WidgetCollection">
                    <label
                        jcr:primaryType="cq:Widget"
                        fieldDescription="Provide Fund performance label"
                        fieldLabel="Label"
                        name="./fundPerformanceLabel"
                        xtype="textfield"/>
                    <link
                        jcr:primaryType="cq:Widget"
                        fieldDescription="Provide Link for above label"
                        fieldLabel="Link"
                        name="./fundPerformanceLink"
                        xtype="pathfield"/>
                </items>
            </fundperformance>
            <productrates
                jcr:primaryType="cq:Panel"
                title="Product Rates">
                <items jcr:primaryType="cq:WidgetCollection">
                    <list
                        jcr:primaryType="cq:Panel"
                        title="Link Configuration">
                        <items jcr:primaryType="cq:WidgetCollection">
                            <labellink
                                jcr:primaryType="cq:Widget"
                                baseName="rate_"
                                name="./links"
                                xtype="mtmulticompositefield">
                                <fieldConfigs jcr:primaryType="cq:WidgetCollection">
                                    <title
                                        jcr:primaryType="cq:Widget"
                                        fieldLabel="Title"
                                        name="title"
                                        xtype="textfield"/>
                                    <link
                                        jcr:primaryType="cq:Widget"
                                        fieldLabel="Link"
                                        name="link"
                                        xtype="pathfield"/>
                                </fieldConfigs>
                            </labellink>
                        </items>
                    </list>
                </items>
            </productrates>
        </items>
    </items>
</jcr:root>
