<?xml version="1.0" encoding="UTF-8"?>
<jcr:root xmlns:cq="http://www.day.com/jcr/cq/1.0" xmlns:jcr="http://www.jcp.org/jcr/1.0"
    jcr:primaryType="cq:Dialog"
    title="In Page Nav"
    width="600"
    xtype="dialog">
    <items
        jcr:primaryType="cq:Widget"
        xtype="tabpanel">
        <items jcr:primaryType="cq:WidgetCollection">
            <tab1
                jcr:primaryType="cq:Panel"
                title="Configurations">
                <items jcr:primaryType="cq:WidgetCollection">
                    <label
                        jcr:primaryType="cq:Widget"
                        fieldDescription="Please add if you want to display any additional text in the Navigation Bar"
                        fieldLabel="Label(Optional)"
                        name="./label"
                        xtype="textfield"/>
                    <box
                        jcr:primaryType="cq:Widget"
                        fieldDescription="&lt;b>Please add if you want to display any text in a box with the above Label&lt;/b> eg:- &lt;small class=&quot;boxed&quot;>LTC&lt;/small>"
                        fieldLabel="Boxed value"
                        name="./boxValue"
                        xtype="textfield"/>
                    <tabconfigs
                        jcr:primaryType="cq:Panel"
                        title="Tab Configurations">
                        <items jcr:primaryType="cq:WidgetCollection">
                            <tabconfig
                                jcr:primaryType="cq:Widget"
                                baseName="tab_"
                                fieldDescription="Click on the + button to add the Options"
                                name="./tabs"
                                prefix="./"
                                xtype="mtmulticompositefield">
                                <fieldConfigs jcr:primaryType="cq:WidgetCollection">
                                    <label
                                        jcr:primaryType="cq:Widget"
                                        allowBlank="{Boolean}false"
                                        fieldLabel="Tab Label"
                                        maxLength="64"
                                        name="label"
                                        width="300"
                                        xtype="textfield"/>
                                    <link
                                        jcr:primaryType="cq:Widget"
                                        editable="{Boolean}false"
                                        fieldDescription="Please select the page where the content for this tab is authored"
                                        fieldLabel="Link"
                                        linkPattern="\{0}.html"
                                        name="link"
                                        width="300"
                                        xtype="pathfield"/>
                                </fieldConfigs>
                            </tabconfig>
                        </items>
                    </tabconfigs>
                </items>
            </tab1>
        </items>
    </items>
</jcr:root>
