<?xml version="1.0" encoding="UTF-8"?>
<jcr:root xmlns:sling="http://sling.apache.org/jcr/sling/1.0" xmlns:granite="http://www.adobe.com/jcr/granite/1.0" xmlns:cq="http://www.day.com/jcr/cq/1.0" xmlns:jcr="http://www.jcp.org/jcr/1.0" xmlns:nt="http://www.jcp.org/jcr/nt/1.0"
    jcr:primaryType="nt:unstructured"
    jcr:title="Logo Component"
    sling:resourceType="cq/gui/components/authoring/dialog"
    extraClientlibs="[core.wcm.components.image.v2.editor]"
    helpPath="https://www.adobe.com/go/aem_cmp_image_v2">
    <content
        granite:class="cmp-image__editor"
        jcr:primaryType="nt:unstructured"
        sling:resourceType="granite/ui/components/coral/foundation/container">
        <items jcr:primaryType="nt:unstructured">
            <tabs
                jcr:primaryType="nt:unstructured"
                sling:resourceType="granite/ui/components/coral/foundation/tabs"
                maximized="{Boolean}true">
                <items jcr:primaryType="nt:unstructured">
                    <logo
                        jcr:primaryType="nt:unstructured"
                        jcr:title="Logo"
                        sling:resourceType="granite/ui/components/coral/foundation/container"
                        margin="{Boolean}true">
                        <items jcr:primaryType="nt:unstructured">
                            <columns
                                jcr:primaryType="nt:unstructured"
                                sling:resourceType="granite/ui/components/coral/foundation/fixedcolumns"
                                margin="{Boolean}true">
                                <items jcr:primaryType="nt:unstructured">
                                    <column
                                        jcr:primaryType="nt:unstructured"
                                        sling:resourceType="granite/ui/components/coral/foundation/container">
                                        <items jcr:primaryType="nt:unstructured">
                                            <file
                                                jcr:primaryType="nt:unstructured"
                                                sling:resourceType="cq/gui/components/authoring/dialog/fileupload"
                                                allowUpload="false"
                                                autoStart="{Boolean}false"
                                                class="cq-droptarget"
                                                fieldLabel="Logo Image"
                                                fileNameParameter="./fileName"
                                                fileReferenceParameter="./logoFileReference"
                                                mimeTypes="[image/gif,image/jpeg,image/png,image/webp,image/tiff,image/svg+xml]"
                                                multiple="{Boolean}false"
                                                name="./file"
                                                required="true"
                                                title="Upload Image Asset"
                                                uploadUrl="${suffix.path}"
                                                useHTML5="{Boolean}true"/>
                                            <alt
                                                jcr:primaryType="nt:unstructured"
                                                sling:resourceType="granite/ui/components/coral/foundation/form/textfield"
                                                fieldDescription="Textual alternative of the meaning or function of the image, for visually impaired readers."
                                                fieldLabel="Alternative Text"
                                                name="./alternativeText"
                                                required="{Boolean}true"/>
                                            <linkURL
                                                jcr:primaryType="nt:unstructured"
                                                sling:resourceType="granite/ui/components/coral/foundation/form/pathfield"
                                                fieldDescription="Make the image a link to another resource."
                                                fieldLabel="Link"
                                                name="./logoLinkURL"
                                                required="true"
                                                rootPath="/content"
                                                wrapperClass="cmp-image__editor-link"/>
                                        </items>
                                    </column>
                                </items>
                            </columns>
                        </items>
                    </logo>
                </items>
            </tabs>
        </items>
    </content>
</jcr:root>
