<?xml version="1.0" encoding="UTF-8"?>
<jcr:root xmlns:sling="http://sling.apache.org/jcr/sling/1.0" xmlns:cq="http://www.day.com/jcr/cq/1.0" xmlns:jcr="http://www.jcp.org/jcr/1.0" xmlns:nt="http://www.jcp.org/jcr/nt/1.0"
    jcr:primaryType="nt:unstructured"
    sling:resourceType="cq/gui/components/authoring/dialog">
    <content
        jcr:primaryType="nt:unstructured"
        sling:resourceType="granite/ui/components/coral/foundation/tabs">
        <items jcr:primaryType="nt:unstructured">
            <tab1
                jcr:primaryType="nt:unstructured"
                jcr:title="configuration"
                sling:resourceType="granite/ui/components/coral/foundation/fixedcolumns">
                <items jcr:primaryType="nt:unstructured">
                    <column
                        jcr:primaryType="nt:unstructured"
                        sling:resourceType="granite/ui/components/foundation/container">
                        <items jcr:primaryType="nt:unstructured">
                            <label
                                jcr:primaryType="nt:unstructured"
                                sling:resourceType="granite/ui/components/coral/foundation/form/textfield"
                                fieldLabel="Title"
                                name="./label"/>
                            <link
                                jcr:primaryType="nt:unstructured"
                                sling:resourceType="granite/ui/components/coral/foundation/form/pathbrowser"
                                fieldLabel="Enter Link for Title"
                                name="./titlelink"/>
                            <subhead
                                jcr:primaryType="nt:unstructured"
                                sling:resourceType="granite/ui/components/coral/foundation/form/textfield"
                                fieldLabel="Description"
                                name="./subhead"/>
                            <button
                                jcr:primaryType="nt:unstructured"
                                sling:resourceType="granite/ui/components/coral/foundation/form/textfield"
                                fieldLabel="Button Label"
                                name="./button"/>
                            <linktype
                                jcr:primaryType="nt:unstructured"
                                sling:resourceType="granite/ui/components/coral/foundation/form/select"
                                fieldDescription="For External Links and Link outs Please Enter url Starting with http://"
                                fieldLabel="Choose Link Type"
                                name="./linktype"
                                required="true"
                                width="400">
                                <items
                                    jcr:primaryType="nt:unstructured"
                                    sling:hideChildren="linkout">
                                    <externallink
                                        jcr:primaryType="nt:unstructured"
                                        fieldDescription="Please Enter url Starting with http://"
                                        text="External Link"
                                        value="externallink"
                                        width="400"/>
                                    <internallink
                                        jcr:primaryType="nt:unstructured"
                                        text="Internal Link"
                                        value="internallink"
                                        width="400"/>
                                    <linkout
                                        jcr:primaryType="nt:unstructured"
                                        fieldDescription="Please Enter url Starting with http://"
                                        text="Linkout"
                                        value="linkout"
                                        width="400"/>
                                </items>
                            </linktype>
                            <buttonlink
                                jcr:primaryType="nt:unstructured"
                                sling:resourceType="granite/ui/components/coral/foundation/form/pathbrowser"
                                fieldLabel="Enter Link for Button"
                                name="./link"/>
                            <horizontalline
                                jcr:primaryType="nt:unstructured"
                                sling:resourceType="granite/ui/components/coral/foundation/form/checkbox"
                                fieldDescription="Check if you need a horizontal line below"
                                name="./hr"
                                text="Horizontal Line"
                                value="true"
                                width="400"/>
                        </items>
                    </column>
                </items>
            </tab1>
        </items>
    </content>
</jcr:root>
