<?xml version="1.0" encoding="UTF-8"?>
<jcr:root xmlns:sling="http://sling.apache.org/jcr/sling/1.0" xmlns:cq="http://www.day.com/jcr/cq/1.0" xmlns:jcr="http://www.jcp.org/jcr/1.0" xmlns:nt="http://www.jcp.org/jcr/nt/1.0"
    jcr:primaryType="nt:unstructured"
    jcr:title="Dialog"
    sling:resourceType="cq/gui/components/authoring/dialog"
    width="600">
    <content
        jcr:primaryType="nt:unstructured"
        sling:resourceType="granite/ui/components/coral/foundation/container">
        <items jcr:primaryType="nt:unstructured">
            <tabs
                jcr:primaryType="nt:unstructured"
                sling:resourceType="granite/ui/components/coral/foundation/tabs"
                maximized="{Boolean}true">
                <items jcr:primaryType="nt:unstructured">
                    <tab1
                        jcr:primaryType="nt:unstructured"
                        jcr:title="Configuration"
                        sling:resourceType="granite/ui/components/coral/foundation/container"
                        margin="{Boolean}true">
                        <items jcr:primaryType="nt:unstructured">
                            <columns
                                jcr:primaryType="nt:unstructured"
                                sling:resourceType="granite/ui/components/coral/foundation/fixedcolumns">
                                <items jcr:primaryType="nt:unstructured">
                                    <column
                                        jcr:primaryType="nt:unstructured"
                                        sling:resourceType="granite/ui/components/coral/foundation/container">
                                        <items jcr:primaryType="nt:unstructured">
                                            <title
                                                jcr:primaryType="nt:unstructured"
                                                sling:resourceType="granite/ui/components/coral/foundation/form/textfield"
                                                fieldLabel="Title"
                                                name="./title"
                                                required="true"
                                                value="Featured Resources"/>
                                            <options
                                                jcr:primaryType="nt:unstructured"
                                                jcr:title="Asset Paths"
                                                sling:resourceType="granite/ui/components/coral/foundation/container">
                                                <items jcr:primaryType="nt:unstructured">
                                                    <columns
                                                        jcr:primaryType="nt:unstructured"
                                                        sling:resourceType="granite/ui/components/coral/foundation/fixedcolumns">
                                                        <items jcr:primaryType="nt:unstructured">
                                                            <column
                                                                jcr:primaryType="nt:unstructured"
                                                                sling:resourceType="granite/ui/components/coral/foundation/container">
                                                                <items jcr:primaryType="nt:unstructured">
                                                                    <resources
                                                                        jcr:primaryType="nt:unstructured"
                                                                        sling:resourceType="granite/ui/components/coral/foundation/form/multifield"
                                                                        baseName="resources_"
                                                                        composite="{Boolean}true"
                                                                        fieldDescription="Click on the + button to add Fields ( maximum field limit's - 10 )"
                                                                        fieldLabel="Asset Paths ">
                                                                        <field
                                                                            jcr:primaryType="nt:unstructured"
                                                                            sling:resourceType="granite/ui/components/coral/foundation/container"
                                                                            name="./resources">
                                                                            <items jcr:primaryType="nt:unstructured">
                                                                                <column
                                                                                    jcr:primaryType="nt:unstructured"
                                                                                    sling:resourceType="granite/ui/components/coral/foundation/container">
                                                                                    <items jcr:primaryType="nt:unstructured">
                                                                                        <asset
                                                                                            jcr:primaryType="nt:unstructured"
                                                                                            sling:resourceType="granite/ui/components/coral/foundation/form/pathbrowser"
                                                                                            fieldLabel="Asset Path"
                                                                                            name="./path"
                                                                                            required="true"
                                                                                            rootPath="/content/dam"
                                                                                            width="300"/>
                                                                                        <morelabel
                                                                                            jcr:primaryType="nt:unstructured"
                                                                                            sling:resourceType="granite/ui/components/coral/foundation/form/textfield"
                                                                                            fieldDescription="If a more link is present"
                                                                                            fieldLabel="More Label"
                                                                                            name="./morelabel"
                                                                                            width="300"/>
                                                                                        <morelinks
                                                                                            jcr:primaryType="nt:unstructured"
                                                                                            sling:resourceType="granite/ui/components/coral/foundation/form/pathbrowser"
                                                                                            fieldDescription="If a more link is present"
                                                                                            fieldLabel="More Links"
                                                                                            name="./morelink"
                                                                                            rootPath="/content"
                                                                                            width="300"/>
                                                                                    </items>
                                                                                </column>
                                                                            </items>
                                                                        </field>
                                                                    </resources>
                                                                </items>
                                                            </column>
                                                        </items>
                                                    </columns>
                                                </items>
                                            </options>
                                        </items>
                                    </column>
                                </items>
                            </columns>
                        </items>
                    </tab1>
                </items>
            </tabs>
        </items>
    </content>
</jcr:root>
