<?xml version="1.0" encoding="UTF-8"?>
<jcr:root xmlns:cq="http://www.day.com/jcr/cq/1.0" xmlns:jcr="http://www.jcp.org/jcr/1.0" xmlns:nt="http://www.jcp.org/jcr/nt/1.0"
    jcr:primaryType="cq:Dialog"
    title="dialog"
    xtype="dialog">
    <items
        jcr:primaryType="cq:Widget"
        xtype="tabpanel">
        <items jcr:primaryType="cq:WidgetCollection">
            <tab1
                jcr:primaryType="cq:Panel"
                title="Tab 1"/>
            <footnotesinfo
                jcr:primaryType="cq:Panel"
                title="footnote configurations">
                <items jcr:primaryType="cq:WidgetCollection">
                    <multifield
                        jcr:primaryType="cq:Widget"
                        baseName="FootNote_"
                        fieldLabel="Enter Foot Note configurations"
                        name="./footnote"
                        xtype="mtmulticompositefield">
                        <fieldConfigs jcr:primaryType="cq:WidgetCollection">
                            <footnoteno
                                jcr:primaryType="cq:Widget"
                                fieldLabel="Foot Note No"
                                name="footnoteno"
                                xtype="textfield"/>
                            <description
                                jcr:primaryType="cq:Widget"
                                fieldLabel="Description"
                                name="description"
                                xtype="richtext">
                                <rtePlugins jcr:primaryType="nt:unstructured">
                                    <table
                                        jcr:primaryType="nt:unstructured"
                                        features="*"/>
                                    <paraformat
                                        jcr:primaryType="nt:unstructured"
                                        features="*">
                                        <formats jcr:primaryType="cq:WidgetCollection">
                                            <format1
                                                jcr:primaryType="nt:unstructured"
                                                description="Heading1"
                                                tag="h1"/>
                                            <format2
                                                jcr:primaryType="nt:unstructured"
                                                description="Heading2"
                                                tag="h2"/>
                                            <format3
                                                jcr:primaryType="nt:unstructured"
                                                description="Heading3"
                                                tag="h3"/>
                                            <format4
                                                jcr:primaryType="nt:unstructured"
                                                description="Heading4"
                                                tag="h4"/>
                                            <format5
                                                jcr:primaryType="nt:unstructured"
                                                description="paragraph"
                                                tag="p"/>
                                        </formats>
                                    </paraformat>
                                    <undo
                                        jcr:primaryType="nt:unstructured"
                                        features="*"/>
                                    <subsuperscript
                                        jcr:primaryType="nt:unstructured"
                                        features="*"/>
                                </rtePlugins>
                            </description>
                        </fieldConfigs>
                    </multifield>
                </items>
            </footnotesinfo>
        </items>
    </items>
</jcr:root>
