<?xml version="1.0" encoding="UTF-8"?>
<jcr:root xmlns:sling="http://sling.apache.org/jcr/sling/1.0" xmlns:cq="http://www.day.com/jcr/cq/1.0" xmlns:jcr="http://www.jcp.org/jcr/1.0" xmlns:nt="http://www.jcp.org/jcr/nt/1.0"
    jcr:primaryType="cq:Page">
    <jcr:content
        cq:lastModified="{Date}2018-04-02T13:07:11.348+05:30"
        cq:lastModifiedBy="admin"
        cq:template="/apps/JhBusinessAnalyzer/templates/page-content"
        jcr:primaryType="cq:PageContent"
        jcr:title="survey"
        sling:resourceType="JhBusinessAnalyzer/components/structure/page">
        <content
            jcr:primaryType="nt:unstructured"
            sling:resourceType="wcm/foundation/components/parsys">
            <qna_config
                jcr:created="{Date}2018-03-28T08:27:16.106-04:00"
                jcr:createdBy="subraya"
                jcr:lastModified="{Date}2018-04-02T13:07:11.325+05:30"
                jcr:lastModifiedBy="admin"
                jcr:primaryType="nt:unstructured"
                sling:resourceType="JhBusinessAnalyzer/components/content/qna-config"
                ansconfig="[d1]"
                questionid="Q1"
                questiontext="Is the life insurance or executive benefits intended for a business owner or a non-owner executive?">
                <multi jcr:primaryType="nt:unstructured">
                    <_x0031_
                        jcr:primaryType="nt:unstructured"
                        ansconfig="Business Owner"/>
                    <_x0032_
                        jcr:primaryType="nt:unstructured"
                        ansconfig="Non-owner executive"/>
                    <_x0033_
                        jcr:primaryType="nt:unstructured"
                        ansconfig="o3"/>
                </multi>
            </qna_config>
            <qna_config_788427497
                jcr:created="{Date}2018-03-28T09:06:34.923-04:00"
                jcr:createdBy="subraya"
                jcr:lastModified="{Date}2018-03-28T09:08:12.445-04:00"
                jcr:lastModifiedBy="subraya"
                jcr:primaryType="nt:unstructured"
                sling:resourceType="JhBusinessAnalyzer/components/content/qna-config"
                questionid="Q2"
                questiontext="What is the business tax structure?">
                <multi jcr:primaryType="nt:unstructured">
                    <_x0031_
                        jcr:primaryType="nt:unstructured"
                        ansconfig="Sole Proprietor"/>
                    <_x0032_
                        jcr:primaryType="nt:unstructured"
                        ansconfig="Partnership, LLC, or S corporation"/>
                    <_x0033_
                        jcr:primaryType="nt:unstructured"
                        ansconfig="C Corporation"/>
                </multi>
            </qna_config_788427497>
            <qna_config_1264570613
                jcr:created="{Date}2018-03-28T09:08:19.570-04:00"
                jcr:createdBy="subraya"
                jcr:lastModified="{Date}2018-03-28T09:09:48.150-04:00"
                jcr:lastModifiedBy="subraya"
                jcr:primaryType="nt:unstructured"
                sling:resourceType="JhBusinessAnalyzer/components/content/qna-config"
                questionid="Q3"
                questiontext="Who is going to be included in the executive benefit plan?">
                <multi jcr:primaryType="nt:unstructured">
                    <_x0031_
                        jcr:primaryType="nt:unstructured"
                        ansconfig="Only the top executives in the company"/>
                    <_x0032_
                        jcr:primaryType="nt:unstructured"
                        ansconfig="Broader group of employees than the top executives"/>
                </multi>
            </qna_config_1264570613>
            <qna_config_1554753324
                jcr:created="{Date}2018-03-28T09:11:53.086-04:00"
                jcr:createdBy="subraya"
                jcr:lastModified="{Date}2018-03-28T09:15:37.461-04:00"
                jcr:lastModifiedBy="subraya"
                jcr:primaryType="nt:unstructured"
                sling:resourceType="JhBusinessAnalyzer/components/content/qna-config"
                questionid="Q4"
                questiontext="What is the financial stability of the company?">
                <multi jcr:primaryType="nt:unstructured">
                    <_x0031_
                        jcr:primaryType="nt:unstructured"
                        ansconfig="Strong"/>
                    <_x0032_
                        jcr:primaryType="nt:unstructured"
                        ansconfig="The company is new, or not in good financial condition"/>
                </multi>
            </qna_config_1554753324>
            <mapping_config
                jcr:created="{Date}2018-03-29T03:36:55.991-04:00"
                jcr:createdBy="subraya"
                jcr:lastModified="{Date}2018-03-29T06:46:39.732-04:00"
                jcr:lastModifiedBy="subraya"
                jcr:primaryType="nt:unstructured"
                sling:resourceType="JhBusinessAnalyzer/components/content/mapping-config">
                <multi jcr:primaryType="nt:unstructured">
                    <_x0031_
                        jcr:primaryType="nt:unstructured"
                        option1="Q2"
                        option2="Q3"
                        questionid="Q1"/>
                    <_x0032_
                        jcr:primaryType="nt:unstructured"
                        option1="Sol1"
                        option2="Q4"
                        option3="Q5"
                        questionid="Q2"/>
                    <_x0033_
                        jcr:primaryType="nt:unstructured"
                        option1="Q6"
                        option2="Q7"
                        questionid="Q3"/>
                    <_x0034_
                        jcr:primaryType="nt:unstructured"
                        option1="Q8"
                        option2="Sol1"
                        questionid="Q4"/>
                    <_x0035_
                        jcr:primaryType="nt:unstructured"
                        option1="Q9"
                        option2="Q10"
                        option3="Q10"
                        questionid="Q5"/>
                    <_x0036_
                        jcr:primaryType="nt:unstructured"
                        option1="Q11"
                        option2="Q7"
                        questionid="Q6"/>
                    <_x0037_
                        jcr:primaryType="nt:unstructured"
                        option1="Q12"
                        option2="Q13"
                        questionid="Q7"/>
                    <_x0038_
                        jcr:primaryType="nt:unstructured"
                        option1="Sol2"
                        option2="Q14"
                        questionid="Q8"/>
                    <_x0039_
                        jcr:primaryType="nt:unstructured"
                        option1="Q2"
                        option2="Q3"
                        questionid="Q1"/>
                    <_x0031_0
                        jcr:primaryType="nt:unstructured"
                        option1="Sol1"
                        option2="Q4"
                        option3="Q5"
                        questionid="Q2"/>
                    <_x0031_1
                        jcr:primaryType="nt:unstructured"
                        option1="Q6"
                        option2="Q7"
                        questionid="Q3"/>
                    <_x0031_2
                        jcr:primaryType="nt:unstructured"
                        option1="Q8"
                        option2="Sol1"
                        questionid="Q4"/>
                    <_x0031_3
                        jcr:primaryType="nt:unstructured"
                        option1="Q9"
                        option2="Q10"
                        option3="Q10"
                        questionid="Q5"/>
                    <_x0031_4
                        jcr:primaryType="nt:unstructured"
                        option1="Q11"
                        option2="Q7"
                        questionid="Q6"/>
                    <_x0031_5
                        jcr:primaryType="nt:unstructured"
                        option1="Q12"
                        option2="Q13"
                        questionid="Q7"/>
                    <_x0031_6
                        jcr:primaryType="nt:unstructured"
                        option1="Sol2"
                        option2="Q14"
                        questionid="Q8"/>
                    <_x0031_7
                        jcr:primaryType="nt:unstructured"
                        option1="Q8"
                        option2="Sol1"
                        questionid="Q9"/>
                    <_x0031_8
                        jcr:primaryType="nt:unstructured"
                        option1="Sol3"
                        option2="Sol1"
                        questionid="Q10"/>
                    <_x0031_9
                        jcr:primaryType="nt:unstructured"
                        option1="Sol1"
                        option2="Q14"
                        option3="Sol3_1"
                        questionid="Q11"/>
                    <_x0032_0
                        jcr:primaryType="nt:unstructured"
                        option1="Sol4"
                        option2="Sol5"
                        questionid="Q12"/>
                    <_x0032_1
                        jcr:primaryType="nt:unstructured"
                        option1="Sol6"
                        option2="Sol5"
                        questionid="Q13"/>
                    <_x0032_2
                        jcr:primaryType="nt:unstructured"
                        option1="Sol4_1"
                        option2="Sol3"
                        questionid="Q14"/>
                    <_x0032_3
                        jcr:primaryType="nt:unstructured"
                        option1="Q16"
                        option2="Sol5"
                        questionid="Q15"/>
                    <_x0032_4
                        jcr:primaryType="nt:unstructured"
                        option1="Sol4"
                        option2="Sol2_1"
                        questionid="Q16"/>
                </multi>
            </mapping_config>
        </content>
    </jcr:content>
</jcr:root>
