<?xml version="1.0" encoding="UTF-8"?>
<jcr:root xmlns:cq="http://www.day.com/jcr/cq/1.0" xmlns:jcr="http://www.jcp.org/jcr/1.0" xmlns:nt="http://www.jcp.org/jcr/nt/1.0"
    jcr:primaryType="cq:Dialog"
    title="featuredcontent"
    xtype="dialog">
    <items
        jcr:primaryType="cq:Widget"
        xtype="tabpanel">
        <items jcr:primaryType="cq:WidgetCollection">
            <image
                jcr:primaryType="cq:Panel"
                title="Image">
                <items jcr:primaryType="cq:WidgetCollection">
                    <imageStyle
                        jcr:primaryType="cq:Widget"
                        fieldLabel="Styles"
                        name="./styles"
                        type="select"
                        width="400"
                        xtype="selection">
                        <options jcr:primaryType="cq:WidgetCollection">
                            <border
                                jcr:primaryType="nt:unstructured"
                                text="Border"
                                value="border-default"/>
                            <no-border
                                jcr:primaryType="nt:unstructured"
                                text="Without Border"
                                value="&quot;&quot;"/>
                        </options>
                    </imageStyle>
                    <imageTab
                        jcr:primaryType="cq:Panel"
                        title="Image">
                        <items jcr:primaryType="cq:WidgetCollection">
                            <image
                                jcr:primaryType="cq:Widget"
                                cropParameter="./imageCrop"
                                ddGroups="[media]"
                                fieldLabel="Select Image"
                                fileNameParameter="./imageName"
                                fileReferenceParameter="./imageReference"
                                height="250"
                                imageSlingResourceType="foundation/components/parbase"
                                mapParameter="./imageMap"
                                name="./image"
                                rotateParameter="./imageRotate"
                                sizeLimit="100"
                                xtype="html5smartimage"/>
                        </items>
                    </imageTab>
                </items>
            </image>
            <featuredContentMainBlockTab
                jcr:primaryType="cq:Panel"
                title="Featured Content Main Block">
                <items jcr:primaryType="cq:WidgetCollection">
                    <richtext
                        jcr:primaryType="cq:Widget"
                        fieldLabel="Enter Text"
                        name="./richtextTab2"
                        xtype="richtext">
                        <rtePlugins jcr:primaryType="nt:unstructured">
                            <table
                                jcr:primaryType="nt:unstructured"
                                features="*"/>
                            <styles
                                jcr:primaryType="nt:unstructured"
                                features="*">
                                <styles jcr:primaryType="cq:WidgetCollection">
                                    <style1
                                        jcr:primaryType="nt:unstructured"
                                        cssName="cssClass"
                                        text="class1"/>
                                    <style2
                                        jcr:primaryType="nt:unstructured"
                                        cssName="cssClass2"
                                        text="class2"/>
                                </styles>
                            </styles>
                            <paraformat
                                jcr:primaryType="nt:unstructured"
                                features="*">
                                <formats jcr:primaryType="cq:WidgetCollection">
                                    <format1
                                        jcr:primaryType="nt:unstructured"
                                        description="Heading1"
                                        tag="h1"/>
                                    <format2
                                        jcr:primaryType="nt:unstructured"
                                        description="Heading2"
                                        tag="h2"/>
                                    <format3
                                        jcr:primaryType="nt:unstructured"
                                        description="Heading3"
                                        tag="h3"/>
                                    <format4
                                        jcr:primaryType="nt:unstructured"
                                        description="Heading4"
                                        tag="h4"/>
                                    <format5
                                        jcr:primaryType="nt:unstructured"
                                        description="paragraph"
                                        tag="p"/>
                                </formats>
                            </paraformat>
                            <undo
                                jcr:primaryType="nt:unstructured"
                                features="*"/>
                            <subsuperscript
                                jcr:primaryType="nt:unstructured"
                                features="*"/>
                        </rtePlugins>
                    </richtext>
                    <label
                        jcr:primaryType="cq:Widget"
                        fieldLabel="Enter Label"
                        name="./labelTab2"/>
                    <link
                        jcr:primaryType="cq:Widget"
                        fieldLabel="Provide Link"
                        name="./linkTab2"
                        xtype="pathfield"/>
                </items>
            </featuredContentMainBlockTab>
            <featuredContentSubBlockTab
                jcr:primaryType="cq:Panel"
                title="Featured Content sub Block">
                <items jcr:primaryType="cq:WidgetCollection">
                    <richtext
                        jcr:primaryType="cq:Widget"
                        fieldLabel="Enter Text"
                        name="./richtextTab3"
                        xtype="richtext">
                        <rtePlugins jcr:primaryType="nt:unstructured">
                            <table
                                jcr:primaryType="nt:unstructured"
                                features="*"/>
                            <styles
                                jcr:primaryType="nt:unstructured"
                                features="*">
                                <styles jcr:primaryType="cq:WidgetCollection">
                                    <style1
                                        jcr:primaryType="nt:unstructured"
                                        cssName="cssClass"
                                        text="class1"/>
                                    <style2
                                        jcr:primaryType="nt:unstructured"
                                        cssName="cssClass2"
                                        text="class2"/>
                                </styles>
                            </styles>
                            <paraformat
                                jcr:primaryType="nt:unstructured"
                                features="*">
                                <formats jcr:primaryType="cq:WidgetCollection">
                                    <format1
                                        jcr:primaryType="nt:unstructured"
                                        description="Heading1"
                                        tag="h1"/>
                                    <format2
                                        jcr:primaryType="nt:unstructured"
                                        description="Heading2"
                                        tag="h2"/>
                                    <format3
                                        jcr:primaryType="nt:unstructured"
                                        description="Heading3"
                                        tag="h3"/>
                                    <format4
                                        jcr:primaryType="nt:unstructured"
                                        description="Heading4"
                                        tag="h4"/>
                                    <format5
                                        jcr:primaryType="nt:unstructured"
                                        description="paragraph"
                                        tag="p"/>
                                </formats>
                            </paraformat>
                            <undo
                                jcr:primaryType="nt:unstructured"
                                features="*"/>
                            <subsuperscript
                                jcr:primaryType="nt:unstructured"
                                features="*"/>
                        </rtePlugins>
                    </richtext>
                    <label
                        jcr:primaryType="cq:Widget"
                        fieldLabel="Enter Label"
                        name="./labelTab3"/>
                    <link
                        jcr:primaryType="cq:Widget"
                        fieldLabel="Provide Link"
                        name="./linkTab3"
                        xtype="pathfield"/>
                </items>
            </featuredContentSubBlockTab>
        </items>
    </items>
</jcr:root>
