<?xml version="1.0" encoding="UTF-8"?>
<jcr:root xmlns:sling="http://sling.apache.org/jcr/sling/1.0" xmlns:cq="http://www.day.com/jcr/cq/1.0" xmlns:jcr="http://www.jcp.org/jcr/1.0" xmlns:nt="http://www.jcp.org/jcr/nt/1.0"
    jcr:primaryType="nt:unstructured"
    sling:resourceType="cq/gui/components/authoring/dialog">
    <content
        jcr:primaryType="nt:unstructured"
        sling:resourceType="granite/ui/components/coral/foundation/tabs">
        <items jcr:primaryType="nt:unstructured">
            <video_x0020_embeds
                jcr:primaryType="nt:unstructured"
                jcr:title="Video"
                sling:resourceType="granite/ui/components/coral/foundation/fixedcolumns">
                <items jcr:primaryType="nt:unstructured">
                    <column
                        jcr:primaryType="nt:unstructured"
                        sling:resourceType="granite/ui/components/foundation/container">
                        <items jcr:primaryType="nt:unstructured">
                            <videoscript
                                jcr:primaryType="nt:unstructured"
                                sling:resourceType="granite/ui/components/coral/foundation/form/textarea"
                                fieldDescription="Enter Video URL."
                                fieldLabel="Video URL"
                                name="./videoscript"
                                required="true"/>
                        </items>
                    </column>
                </items>
            </video_x0020_embeds>
        </items>
    </content>
</jcr:root>
