<?xml version="1.0" encoding="UTF-8"?>
<jcr:root xmlns:cq="http://www.day.com/jcr/cq/1.0" xmlns:jcr="http://www.jcp.org/jcr/1.0" xmlns:nt="http://www.jcp.org/jcr/nt/1.0"
    jcr:primaryType="cq:Dialog"
    title="Carousel Component"
    width="700"
    xtype="dialog">
    <items
        jcr:primaryType="nt:unstructured"
        xtype="tabpanel">
        <items jcr:primaryType="cq:WidgetCollection">
            <tab1
                jcr:primaryType="cq:Panel"
                title="Configuration">
                <items jcr:primaryType="cq:WidgetCollection">
                    <interval
                        jcr:primaryType="cq:Widget"
                        allowBlank="{Boolean}false"
                        fieldLabel="Sliding Interval"
                        name="./interval"
                        type="select"
                        value="1000"
                        xtype="selection">
                        <options jcr:primaryType="cq:WidgetCollection">
                            <_x002e_5
                                jcr:primaryType="nt:unstructured"
                                text=".5 s"
                                value="500"/>
                            <_x002e_75
                                jcr:primaryType="nt:unstructured"
                                text=".75 s"
                                value="750"/>
                            <_x0031_.0
                                jcr:primaryType="nt:unstructured"
                                text="1.0 s"
                                value="1000"/>
                            <_x0031_.25
                                jcr:primaryType="nt:unstructured"
                                text="1.25 s"
                                value="1250"/>
                            <_x0031_.5
                                jcr:primaryType="nt:unstructured"
                                text="1.5 s"
                                value="1500"/>
                            <_x0032_
                                jcr:primaryType="nt:unstructured"
                                text="2 s"
                                value="2000"/>
                            <_x0035_
                                jcr:primaryType="nt:unstructured"
                                text="5 s"
                                value="5000"/>
                        </options>
                    </interval>
                    <imageconfigs
                        jcr:primaryType="cq:Panel"
                        title="Image Configurations">
                        <items jcr:primaryType="cq:WidgetCollection">
                            <links
                                jcr:primaryType="cq:Widget"
                                baseName="imageconfig_"
                                fieldDescription="Click on the + button to add Fields ( maximum field limit's - 5 )"
                                fieldLabel="Header Links"
                                maxLimit="5"
                                name="./configs"
                                prefix="./"
                                xtype="mtmulticompositefield">
                                <fieldConfigs jcr:primaryType="cq:WidgetCollection">
                                    <image
                                        jcr:primaryType="cq:Widget"
                                        allowBlank="{Boolean}false"
                                        fieldLabel="Image Path"
                                        maxLength="64"
                                        name="image"
                                        rootPath="/content/dam"
                                        xtype="pathfield"/>
                                    <link
                                        jcr:primaryType="cq:Widget"
                                        fieldLabel="Page Link"
                                        name="link"
                                        xtype="pathfield"/>
                                </fieldConfigs>
                            </links>
                        </items>
                    </imageconfigs>
                </items>
            </tab1>
        </items>
    </items>
</jcr:root>
