<?xml version="1.0" encoding="UTF-8"?>
<jcr:root xmlns:sling="http://sling.apache.org/jcr/sling/1.0" xmlns:cq="http://www.day.com/jcr/cq/1.0" xmlns:jcr="http://www.jcp.org/jcr/1.0" xmlns:nt="http://www.jcp.org/jcr/nt/1.0"
    jcr:primaryType="nt:unstructured"
    jcr:title="test dialog"
    sling:resourceType="cq/gui/components/authoring/dialog">
    <content
        jcr:primaryType="nt:unstructured"
        sling:resourceType="granite/ui/components/foundation/container">
        <layout
            jcr:primaryType="nt:unstructured"
            sling:resourceType="granite/ui/components/foundation/layouts/tabs"/>
        <items jcr:primaryType="nt:unstructured">
            <basicdetails
                jcr:primaryType="nt:unstructured"
                jcr:title="Basic Details"
                sling:resourceType="granite/ui/components/foundation/section">
                <layout
                    jcr:primaryType="nt:unstructured"
                    sling:resourceType="granite/ui/components/foundation/layouts/fixedcolumns"/>
                <items jcr:primaryType="nt:unstructured">
                    <columns
                        jcr:primaryType="nt:unstructured"
                        sling:resourceType="granite/ui/components/foundation/container">
                        <items jcr:primaryType="nt:unstructured">
                            <name
                                jcr:primaryType="nt:unstructured"
                                sling:resourceType="granite/ui/components/foundation/form/textfield"
                                fieldLabel="Name"
                                name="./empname"/>
                            <photo
                                jcr:primaryType="nt:unstructured"
                                sling:resourceType="granite/ui/components/foundation/form/pathbrowser"
                                fieldLabel="Photo"
                                name="./empphoto"/>
                            <address
                                jcr:primaryType="nt:unstructured"
                                sling:resourceType="granite/ui/components/foundation/form/textarea"
                                fieldLabel="Address"
                                name="./empaddress"/>
                            <gender
                                jcr:primaryType="nt:unstructured"
                                sling:resourceType="granite/ui/components/foundation/form/select"
                                fieldLabel="Gender"
                                name="./empgender">
                                <items jcr:primaryType="nt:unstructured">
                                    <male
                                        jcr:primaryType="nt:unstructured"
                                        text="Male"
                                        value="male"/>
                                    <female
                                        jcr:primaryType="nt:unstructured"
                                        text="Female"
                                        value="female"/>
                                </items>
                            </gender>
                        </items>
                    </columns>
                </items>
            </basicdetails>
        </items>
    </content>
</jcr:root>
