<?xml version="1.0" encoding="UTF-8"?>
<jcr:root xmlns:sling="http://sling.apache.org/jcr/sling/1.0" xmlns:cq="http://www.day.com/jcr/cq/1.0" xmlns:jcr="http://www.jcp.org/jcr/1.0" xmlns:nt="http://www.jcp.org/jcr/nt/1.0"
    jcr:isCheckedOut="{Boolean}true"
    jcr:primaryType="cq:WorkflowModel"
    jcr:uuid="01926a6a-3101-44b1-b3d5-167cfa2ec513"
    sling:resourceType="cq/workflow/components/model"
    description="No Description"
    title="MNBD Approval Workflow">
    <metaData
        cq:lastModified="{Long}1515062625049"
        cq:lastModifiedBy="aroorak"
        jcr:primaryType="nt:unstructured"/>
    <nodes jcr:primaryType="nt:unstructured">
        <node0
            jcr:primaryType="cq:WorkflowNode"
            title="Start"
            type="START">
            <metaData jcr:primaryType="nt:unstructured"/>
        </node0>
        <node1
            jcr:primaryType="cq:WorkflowNode"
            description="Selects the Owner for approval"
            title="Content Owner Selection"
            type="PARTICIPANT">
            <metaData
                jcr:primaryType="nt:unstructured"
                DIALOG_PATH="/conf/global/settings/workflow/dialog/JHMN/approval/cq:dialog"
                PARTICIPANT="aem-mnbd-authors"/>
        </node1>
        <node2
            jcr:primaryType="cq:WorkflowNode"
            description="After Author selects the owner email will be send to owner"
            title=" Email Process to Selected Owner"
            type="PROCESS">
            <metaData
                jcr:primaryType="nt:unstructured"
                PROCESS="com.jh.jhins.workflow.ContentOwnerSelectionProcess"
                PROCESS_ARGS="templatePath:/apps/settings/notification-templates/email/JHMN/email/request_for_approval_mail.txt,ccrecipient:admin@manulife.com"
                PROCESS_AUTO_ADVANCE="true"/>
        </node2>
        <node3
            jcr:primaryType="cq:WorkflowNode"
            title="Reset to Zero Absolute Time property"
            type="PROCESS">
            <metaData
                jcr:primaryType="nt:unstructured"
                PROCESS="/etc/workflow/scripts/deleteTimeout.ecma"
                PROCESS_AUTO_ADVANCE="true"/>
        </node3>
        <node4
            jcr:primaryType="cq:WorkflowNode"
            description="After Owner selection notification will be send to  the selected group"
            title="Dynamic Selection Process"
            type="DYNAMIC_PARTICIPANT">
            <metaData
                jcr:primaryType="nt:unstructured"
                DYNAMIC_PARTICIPANT="com.jh.jhins.workflow.DynamicParticipantStepChooser"
                timeoutHandler="com.adobe.granite.workflow.console.timeout.autoadvance.AbsoluteTimeAutoAdvancer"
                timeoutMillis="3600000"/>
        </node4>
        <node5
            jcr:primaryType="cq:WorkflowNode"
            title="OR_SPLIT"
            type="OR_SPLIT">
            <metaData jcr:primaryType="nt:unstructured"/>
        </node5>
        <node6
            jcr:primaryType="cq:WorkflowNode"
            title="OR_JOIN"
            type="OR_JOIN">
            <metaData jcr:primaryType="nt:unstructured"/>
        </node6>
        <node7
            jcr:primaryType="cq:WorkflowNode"
            description="When approver out of office, mail notification will trigger to content owners."
            title="Delegate Task to another user Notification"
            type="PROCESS">
            <metaData
                jcr:primaryType="nt:unstructured"
                PROCESS="com.jh.jhins.workflow.JHINSWorkflowEmailService"
                PROCESS_ARGS="sendTo:/home/groups/JHMN/-gB_pqpLCWg0sYMGwpqb,emailTemplate:/apps/settings/notification-templates/email/JHMN/email/delegate_email.txt,dateFormat:yyyy-MM-dd hh:mm a,ccrecipient:admin@manulife.com"
                PROCESS_AUTO_ADVANCE="true"/>
        </node7>
        <node8
            jcr:primaryType="cq:WorkflowNode"
            description="Reassign to another user"
            title="Reassign to another user"
            type="PROCESS">
            <metaData
                jcr:primaryType="nt:unstructured"
                PROCESS="com.adobe.granite.workflow.core.process.GotoProcess"
                PROCESS_AUTO_ADVANCE="false"
                script="function check(){&#xa;     return true;&#xa;}"
                TARGET_NODE_ID="node1"
                TARGET_NODE_PATH="/conf/global/settings/workflow/models/MNBD/mnbd-approval-workflow/jcr:content/flow/dialog_185138313"/>
        </node8>
        <node9
            jcr:primaryType="cq:WorkflowNode"
            description="Approve the content"
            title="Approve the content"
            type="PROCESS">
            <metaData
                jcr:primaryType="nt:unstructured"
                PROCESS="/etc/workflow/scripts/noop.ecma"
                PROCESS_AUTO_ADVANCE="true"/>
        </node9>
        <node10
            jcr:primaryType="cq:WorkflowNode"
            description="Sends Email to the Author about Approval"
            title="Email after Approval"
            type="PROCESS">
            <metaData
                jcr:primaryType="nt:unstructured"
                PROCESS="com.jh.jhins.workflow.JHINSWorkflowEmailService"
                PROCESS_ARGS="sendTo:/home/groups/JHMN/-gB_pqpLCWg0sYMGwpqb,emailTemplate:/apps/settings/notification-templates/email/JHMN/email/approval_email.txt,ccrecipient:admin@manulife.com"
                PROCESS_AUTO_ADVANCE="true"/>
        </node10>
        <node11
            jcr:primaryType="cq:WorkflowNode"
            description="Sends the mail notification to Author after review that the content has been rejected"
            title="Reject the content"
            type="PROCESS">
            <metaData
                jcr:primaryType="nt:unstructured"
                PROCESS="com.jh.jhins.workflow.JHINSWorkflowEmailService"
                PROCESS_ARGS="sendTo:/home/groups/JHMN/-gB_pqpLCWg0sYMGwpqb,emailTemplate:/apps/settings/notification-templates/email/JHMN/email/rejection_email.txt,dateFormat:yyyy-MM-dd hh:mm a,ccrecipient:admin@manulife.com"
                PROCESS_AUTO_ADVANCE="true"/>
        </node11>
        <node12
            jcr:primaryType="cq:WorkflowNode"
            description="Goto Step"
            title="Goto Step one"
            type="PROCESS">
            <metaData
                jcr:primaryType="nt:unstructured"
                PROCESS="com.adobe.granite.workflow.core.process.GotoProcess"
                PROCESS_AUTO_ADVANCE="false"
                script="function check(){&#xa; return true;&#xa;}"
                TARGET_NODE_ID="node1"
                TARGET_NODE_PATH="/conf/global/settings/workflow/models/MNBD/mnbd-approval-workflow/jcr:content/flow/dialog_185138313"/>
        </node12>
        <node13
            jcr:primaryType="cq:WorkflowNode"
            title="End"
            type="END">
            <metaData jcr:primaryType="nt:unstructured"/>
        </node13>
    </nodes>
    <transitions jcr:primaryType="nt:unstructured">
        <node0_x0023_node1
            jcr:primaryType="cq:WorkflowTransition"
            from="node0"
            rule=""
            to="node1">
            <metaData jcr:primaryType="nt:unstructured"/>
        </node0_x0023_node1>
        <node1_x0023_node2
            jcr:primaryType="cq:WorkflowTransition"
            from="node1"
            rule=""
            to="node2">
            <metaData jcr:primaryType="nt:unstructured"/>
        </node1_x0023_node2>
        <node2_x0023_node3
            jcr:primaryType="cq:WorkflowTransition"
            from="node2"
            rule=""
            to="node3">
            <metaData jcr:primaryType="nt:unstructured"/>
        </node2_x0023_node3>
        <node3_x0023_node4
            jcr:primaryType="cq:WorkflowTransition"
            from="node3"
            rule=""
            to="node4">
            <metaData jcr:primaryType="nt:unstructured"/>
        </node3_x0023_node4>
        <node4_x0023_node5
            jcr:primaryType="cq:WorkflowTransition"
            from="node4"
            to="node5">
            <metaData jcr:primaryType="nt:unstructured"/>
        </node4_x0023_node5>
        <node5_x0023_node7
            jcr:primaryType="cq:WorkflowTransition"
            from="node5"
            rule=""
            to="node7">
            <metaData
                jcr:primaryType="nt:unstructured"
                isDefault="true"/>
        </node5_x0023_node7>
        <node7_x0023_node8
            jcr:primaryType="cq:WorkflowTransition"
            from="node7"
            rule=""
            to="node8">
            <metaData jcr:primaryType="nt:unstructured"/>
        </node7_x0023_node8>
        <node8_x0023_node6
            jcr:primaryType="cq:WorkflowTransition"
            from="node8"
            to="node6">
            <metaData jcr:primaryType="nt:unstructured"/>
        </node8_x0023_node6>
        <node5_x0023_node9
            jcr:primaryType="cq:WorkflowTransition"
            from="node5"
            rule=""
            to="node9">
            <metaData
                jcr:primaryType="nt:unstructured"
                isDefault="false"/>
        </node5_x0023_node9>
        <node9_x0023_node10
            jcr:primaryType="cq:WorkflowTransition"
            from="node9"
            rule=""
            to="node10">
            <metaData jcr:primaryType="nt:unstructured"/>
        </node9_x0023_node10>
        <node10_x0023_node6
            jcr:primaryType="cq:WorkflowTransition"
            from="node10"
            to="node6">
            <metaData jcr:primaryType="nt:unstructured"/>
        </node10_x0023_node6>
        <node5_x0023_node11
            jcr:primaryType="cq:WorkflowTransition"
            from="node5"
            rule=""
            to="node11">
            <metaData
                jcr:primaryType="nt:unstructured"
                isDefault="false"/>
        </node5_x0023_node11>
        <node11_x0023_node12
            jcr:primaryType="cq:WorkflowTransition"
            from="node11"
            rule=""
            to="node12">
            <metaData jcr:primaryType="nt:unstructured"/>
        </node11_x0023_node12>
        <node12_x0023_node6
            jcr:primaryType="cq:WorkflowTransition"
            from="node12"
            to="node6">
            <metaData jcr:primaryType="nt:unstructured"/>
        </node12_x0023_node6>
        <node6_x0023_node13
            jcr:primaryType="cq:WorkflowTransition"
            from="node6"
            to="node13">
            <metaData jcr:primaryType="nt:unstructured"/>
        </node6_x0023_node13>
    </transitions>
</jcr:root>
