<?xml version="1.0" encoding="UTF-8"?>
<jcr:root xmlns:sling="http://sling.apache.org/jcr/sling/1.0" xmlns:cq="http://www.day.com/jcr/cq/1.0" xmlns:jcr="http://www.jcp.org/jcr/1.0" xmlns:nt="http://www.jcp.org/jcr/nt/1.0"
    jcr:primaryType="nt:unstructured"
    jcr:title="featuredcontent"
    sling:resourceType="cq/gui/components/authoring/dialog">
    <content
        jcr:primaryType="nt:unstructured"
        sling:resourceType="granite/ui/components/foundation/container">
        <layout
            jcr:primaryType="nt:unstructured"
            sling:resourceType="granite/ui/components/foundation/layouts/tabs"
            type="nav"/>
        <items jcr:primaryType="nt:unstructured">
            <image
                jcr:primaryType="nt:unstructured"
                jcr:title="Image"
                sling:resourceType="granite/ui/components/foundation/container">
                <layout
                    jcr:primaryType="nt:unstructured"
                    sling:resourceType="granite/ui/components/foundation/layouts/fixedcolumns"/>
                <items jcr:primaryType="nt:unstructured">
                    <columns
                        jcr:primaryType="nt:unstructured"
                        sling:resourceType="granite/ui/components/foundation/container">
                        <items jcr:primaryType="nt:unstructured">
                            <imageStyle
                                jcr:primaryType="nt:unstructured"
                                sling:resourceType="granite/ui/components/foundation/form/select"
                                fieldLabel="Styles"
                                name="./styles"
                                width="400">
                                <items jcr:primaryType="nt:unstructured">
                                    <border
                                        jcr:primaryType="nt:unstructured"
                                        text="Border"
                                        value="border-default"/>
                                    <no-border
                                        jcr:primaryType="nt:unstructured"
                                        text="Without Border"
                                        value="&quot;&quot;"/>
                                </items>
                            </imageStyle>
                            <imageTab
                                jcr:primaryType="nt:unstructured"
                                jcr:title="Image"
                                sling:resourceType="granite/ui/components/foundation/container">
                                <layout
                                    jcr:primaryType="nt:unstructured"
                                    sling:resourceType="granite/ui/components/foundation/layouts/fixedcolumns"/>
                                <items jcr:primaryType="nt:unstructured">
                                    <columns
                                        jcr:primaryType="nt:unstructured"
                                        sling:resourceType="granite/ui/components/foundation/container">
                                        <items jcr:primaryType="nt:unstructured">
                                            <image
                                                jcr:primaryType="nt:unstructured"
                                                sling:resourceType="cq/gui/components/authoring/dialog/fileupload"
                                                autoStart="{Boolean}false"
                                                class="cq-droptarget"
                                                fieldLabel="Image"
                                                fileNameParameter="./imageName"
                                                fileReferenceParameter="./imageReference"
                                                height="250"
                                                mimeTypes="[image]"
                                                multiple="{Boolean}false"
                                                name="./image"
                                                sizeLimit="100"
                                                title="Upload Image Asset"
                                                uploadUrl="${suffix.path}"
                                                useHTML5="{Boolean}true"/>
                                        </items>
                                    </columns>
                                </items>
                            </imageTab>
                        </items>
                    </columns>
                </items>
            </image>
            <featuredContentMainBlockTab
                jcr:primaryType="nt:unstructured"
                jcr:title="Featured Content Main Block"
                sling:resourceType="granite/ui/components/foundation/container">
                <layout
                    jcr:primaryType="nt:unstructured"
                    sling:resourceType="granite/ui/components/foundation/layouts/fixedcolumns"/>
                <items jcr:primaryType="nt:unstructured">
                    <columns
                        jcr:primaryType="nt:unstructured"
                        sling:resourceType="granite/ui/components/foundation/container">
                        <items jcr:primaryType="nt:unstructured">
                            <richtext
                                jcr:primaryType="nt:unstructured"
                                sling:resourceType="/libs/cq/gui/components/authoring/dialog/richtext"
                                fieldLabel="Enter Text"
                                name="./richtextTab2"
                                useFixedInlineToolbar="{Boolean}true"
                                width="400">
                                <rtePlugins jcr:primaryType="nt:unstructured">
                                    <format
                                        jcr:primaryType="nt:unstructured"
                                        features="*"/>
                                    <justify
                                        jcr:primaryType="nt:unstructured"
                                        features="*"/>
                                    <lists
                                        jcr:primaryType="nt:unstructured"
                                        features="*"/>
                                    <paraformat
                                        jcr:primaryType="nt:unstructured"
                                        features="*"/>
                                    <links
                                        jcr:primaryType="nt:unstructured"
                                        features="*"/>
                                    <table
                                        jcr:primaryType="nt:unstructured"
                                        features="-">
                                        <hiddenHeaderConfig
                                            jcr:primaryType="nt:unstructured"
                                            hiddenHeaderClassName="cq-wcm-foundation-aria-visuallyhidden"
                                            hiddenHeaderEditingCSS="cq-RichText-hiddenHeader--editing"/>
                                    </table>
                                </rtePlugins>
                                <uiSettings jcr:primaryType="nt:unstructured">
                                    <cui jcr:primaryType="nt:unstructured">
                                        <inline
                                            jcr:primaryType="nt:unstructured"
                                            toolbar="[format#bold,format#italic,format#underline,#justify,#lists,links#modifylink,links#unlink,#paraformat]">
                                            <popovers jcr:primaryType="nt:unstructured">
                                                <justify
                                                    jcr:primaryType="nt:unstructured"
                                                    items="[justify#justifyleft,justify#justifycenter,justify#justifyright]"
                                                    ref="justify"/>
                                                <lists
                                                    jcr:primaryType="nt:unstructured"
                                                    items="[lists#unordered,lists#ordered,lists#outdent,lists#indent]"
                                                    ref="lists"/>
                                                <paraformat
                                                    jcr:primaryType="nt:unstructured"
                                                    items="paraformat:getFormats:paraformat-pulldown"
                                                    ref="paraformat"/>
                                            </popovers>
                                        </inline>
                                        <dialogFullScreen
                                            jcr:primaryType="nt:unstructured"
                                            toolbar="[format#bold,format#italic,format#underline,justify#justifyleft,justify#justifycenter,justify#justifyright,lists#unordered,lists#ordered,lists#outdent,lists#indent,links#modifylink,links#unlink,table#createoredit,#paraformat,image#imageProps]">
                                            <popovers jcr:primaryType="nt:unstructured">
                                                <paraformat
                                                    jcr:primaryType="nt:unstructured"
                                                    items="paraformat:getFormats:paraformat-pulldown"
                                                    ref="paraformat"/>
                                            </popovers>
                                        </dialogFullScreen>
                                        <tableEditOptions
                                            jcr:primaryType="nt:unstructured"
                                            toolbar="[table#insertcolumn-before,table#insertcolumn-after,table#removecolumn,-,table#insertrow-before,table#insertrow-after,table#removerow,-,table#mergecells-right,table#mergecells-down,table#mergecells,table#splitcell-horizontal,table#splitcell-vertical,-,table#selectrow,table#selectcolumn,-,table#ensureparagraph,-,table#modifytableandcell,table#removetable,-,undo#undo,undo#redo,-,table#exitTableEditing,-]"/>
                                    </cui>
                                </uiSettings>
                            </richtext>
                            <label
                                jcr:primaryType="nt:unstructured"
                                sling:resourceType="granite/ui/components/foundation/form/textfield"
                                fieldLabel="Label"
                                name="./labelTab2"/>
                            <link
                                jcr:primaryType="nt:unstructured"
                                sling:resourceType="granite/ui/components/foundation/form/pathbrowser"
                                fieldLabel="Provide Link"
                                name="./linkTab2"/>
                        </items>
                    </columns>
                </items>
            </featuredContentMainBlockTab>
            <featuredContentSubBlockTab
                jcr:primaryType="nt:unstructured"
                jcr:title="Featured Content sub Block"
                sling:resourceType="granite/ui/components/foundation/container">
                <layout
                    jcr:primaryType="nt:unstructured"
                    sling:resourceType="granite/ui/components/foundation/layouts/fixedcolumns"/>
                <items jcr:primaryType="nt:unstructured">
                    <columns
                        jcr:primaryType="nt:unstructured"
                        sling:resourceType="granite/ui/components/foundation/container">
                        <items jcr:primaryType="nt:unstructured">
                            <richtext
                                jcr:primaryType="nt:unstructured"
                                sling:resourceType="/libs/cq/gui/components/authoring/dialog/richtext"
                                fieldLabel="Enter Text"
                                name="./richtextTab3"
                                useFixedInlineToolbar="{Boolean}true"
                                width="400">
                                <rtePlugins jcr:primaryType="nt:unstructured">
                                    <format
                                        jcr:primaryType="nt:unstructured"
                                        features="*"/>
                                    <justify
                                        jcr:primaryType="nt:unstructured"
                                        features="*"/>
                                    <lists
                                        jcr:primaryType="nt:unstructured"
                                        features="*"/>
                                    <paraformat
                                        jcr:primaryType="nt:unstructured"
                                        features="*"/>
                                    <links
                                        jcr:primaryType="nt:unstructured"
                                        features="*"/>
                                    <table
                                        jcr:primaryType="nt:unstructured"
                                        features="-">
                                        <hiddenHeaderConfig
                                            jcr:primaryType="nt:unstructured"
                                            hiddenHeaderClassName="cq-wcm-foundation-aria-visuallyhidden"
                                            hiddenHeaderEditingCSS="cq-RichText-hiddenHeader--editing"/>
                                    </table>
                                </rtePlugins>
                                <uiSettings jcr:primaryType="nt:unstructured">
                                    <cui jcr:primaryType="nt:unstructured">
                                        <inline
                                            jcr:primaryType="nt:unstructured"
                                            toolbar="[format#bold,format#italic,format#underline,#justify,#lists,links#modifylink,links#unlink,#paraformat]">
                                            <popovers jcr:primaryType="nt:unstructured">
                                                <justify
                                                    jcr:primaryType="nt:unstructured"
                                                    items="[justify#justifyleft,justify#justifycenter,justify#justifyright]"
                                                    ref="justify"/>
                                                <lists
                                                    jcr:primaryType="nt:unstructured"
                                                    items="[lists#unordered,lists#ordered,lists#outdent,lists#indent]"
                                                    ref="lists"/>
                                                <paraformat
                                                    jcr:primaryType="nt:unstructured"
                                                    items="paraformat:getFormats:paraformat-pulldown"
                                                    ref="paraformat"/>
                                            </popovers>
                                        </inline>
                                        <dialogFullScreen
                                            jcr:primaryType="nt:unstructured"
                                            toolbar="[format#bold,format#italic,format#underline,justify#justifyleft,justify#justifycenter,justify#justifyright,lists#unordered,lists#ordered,lists#outdent,lists#indent,links#modifylink,links#unlink,table#createoredit,#paraformat,image#imageProps]">
                                            <popovers jcr:primaryType="nt:unstructured">
                                                <paraformat
                                                    jcr:primaryType="nt:unstructured"
                                                    items="paraformat:getFormats:paraformat-pulldown"
                                                    ref="paraformat"/>
                                            </popovers>
                                        </dialogFullScreen>
                                        <tableEditOptions
                                            jcr:primaryType="nt:unstructured"
                                            toolbar="[table#insertcolumn-before,table#insertcolumn-after,table#removecolumn,-,table#insertrow-before,table#insertrow-after,table#removerow,-,table#mergecells-right,table#mergecells-down,table#mergecells,table#splitcell-horizontal,table#splitcell-vertical,-,table#selectrow,table#selectcolumn,-,table#ensureparagraph,-,table#modifytableandcell,table#removetable,-,undo#undo,undo#redo,-,table#exitTableEditing,-]"/>
                                    </cui>
                                </uiSettings>
                            </richtext>
                            <label
                                jcr:primaryType="nt:unstructured"
                                sling:resourceType="granite/ui/components/foundation/form/textfield"
                                fieldLabel="Label"
                                name="./labelTab3"/>
                            <link
                                jcr:primaryType="nt:unstructured"
                                sling:resourceType="granite/ui/components/foundation/form/pathbrowser"
                                fieldLabel="Provide Link"
                                name="./linkTab3"/>
                        </items>
                    </columns>
                </items>
            </featuredContentSubBlockTab>
        </items>
    </content>
</jcr:root>
