<?xml version="1.0" encoding="UTF-8"?>
<jcr:root xmlns:cq="http://www.day.com/jcr/cq/1.0" xmlns:jcr="http://www.jcp.org/jcr/1.0"
    jcr:primaryType="cq:Dialog"
    title="Buyers Guide"
    width="800"
    xtype="dialog">
    <items
        jcr:primaryType="cq:Widget"
        xtype="tabpanel">
        <items jcr:primaryType="cq:WidgetCollection">
            <dropdown
                jcr:primaryType="cq:Panel"
                title="Dropdown Section">
                <items jcr:primaryType="cq:WidgetCollection">
                    <heading
                        jcr:primaryType="cq:Widget"
                        fieldLabel="Enter heading"
                        name="./heading"
                        xtype="textfield"/>
                    <link
                        jcr:primaryType="cq:Widget"
                        collapsed="{Boolean}false"
                        collapsible="{Boolean}true"
                        title="Link Configuration"
                        width="800"
                        xtype="dialogfieldset">
                        <items jcr:primaryType="cq:WidgetCollection">
                            <multifield
                                jcr:primaryType="cq:Widget"
                                baseName="set_"
                                fieldLabel="Enter Heading and Text"
                                name="./multi"
                                xtype="mtmulticompositefield">
                                <fieldConfigs jcr:primaryType="cq:WidgetCollection">
                                    <title
                                        jcr:primaryType="cq:Widget"
                                        fieldLabel="Title"
                                        name="title"
                                        xtype="textfield"/>
                                    <link
                                        jcr:primaryType="cq:Widget"
                                        fieldLabel="Asset Path"
                                        name="link"
                                        rootPath="/content/dam/JHINS"
                                        xtype="pathfield"/>
                                </fieldConfigs>
                            </multifield>
                        </items>
                    </link>
                    <checkbox
                        jcr:primaryType="cq:Widget"
                        fieldLabel="Open Asset in New Window"
                        name="./flag"
                        type="checkbox"
                        xtype="selection"/>
                </items>
            </dropdown>
        </items>
    </items>
</jcr:root>
