<?xml version="1.0" encoding="UTF-8"?>
<jcr:root xmlns:sling="http://sling.apache.org/jcr/sling/1.0" xmlns:cq="http://www.day.com/jcr/cq/1.0" xmlns:jcr="http://www.jcp.org/jcr/1.0" xmlns:nt="http://www.jcp.org/jcr/nt/1.0"
    jcr:primaryType="nt:unstructured"
    jcr:title="featured content"
    sling:resourceType="cq/gui/components/authoring/dialog">
    <content
        jcr:primaryType="nt:unstructured"
        sling:resourceType="granite/ui/components/coral/foundation/container">
        <items jcr:primaryType="nt:unstructured">
            <tabs
                jcr:primaryType="nt:unstructured"
                sling:resourceType="granite/ui/components/coral/foundation/tabs"
                maximized="{Boolean}true">
                <items jcr:primaryType="nt:unstructured">
                    <image
                        jcr:primaryType="nt:unstructured"
                        jcr:title="Image"
                        sling:resourceType="granite/ui/components/coral/foundation/container"
                        margin="{Boolean}true">
                        <items jcr:primaryType="nt:unstructured">
                            <columns
                                jcr:primaryType="nt:unstructured"
                                sling:resourceType="granite/ui/components/coral/foundation/fixedcolumns">
                                <items jcr:primaryType="nt:unstructured">
                                    <column
                                        jcr:primaryType="nt:unstructured"
                                        sling:resourceType="granite/ui/components/coral/foundation/container">
                                        <items jcr:primaryType="nt:unstructured">
                                            <imageStyle
                                                jcr:primaryType="nt:unstructured"
                                                sling:resourceType="granite/ui/components/coral/foundation/form/select"
                                                fieldLabel="Styles"
                                                name="./styles"
                                                width="400">
                                                <items jcr:primaryType="nt:unstructured">
                                                    <border
                                                        jcr:primaryType="nt:unstructured"
                                                        text="Border"
                                                        value="border-default"/>
                                                    <no-border
                                                        jcr:primaryType="nt:unstructured"
                                                        text="Without Border"
                                                        value="&quot;&quot;"/>
                                                </items>
                                            </imageStyle>
                                            <imageTab
                                                jcr:primaryType="nt:unstructured"
                                                jcr:title="Image"
                                                sling:resourceType="granite/ui/components/coral/foundation/container">
                                                <items jcr:primaryType="nt:unstructured">
                                                    <columns
                                                        jcr:primaryType="nt:unstructured"
                                                        sling:resourceType="granite/ui/components/coral/foundation/fixedcolumns">
                                                        <items jcr:primaryType="nt:unstructured">
                                                            <column
                                                                jcr:primaryType="nt:unstructured"
                                                                sling:resourceType="granite/ui/components/coral/foundation/container">
                                                                <items jcr:primaryType="nt:unstructured">
                                                                    <image
                                                                        jcr:primaryType="nt:unstructured"
                                                                        sling:resourceType="cq/gui/components/authoring/dialog/fileupload"
                                                                        autoStart="{Boolean}false"
                                                                        class="cq-droptarget"
                                                                        cropParameter="./imageCrop"
                                                                        ddGroups="[media]"
                                                                        fieldLabel="Image"
                                                                        fileNameParameter="./imageName"
                                                                        fileReferenceParameter="./imageReference"
                                                                        height="250"
                                                                        mapParameter="./imageMap"
                                                                        mimeTypes="[image]"
                                                                        multiple="{Boolean}false"
                                                                        name="./image"
                                                                        rotateParameter="./imageRotate"
                                                                        sizeLimit="100"
                                                                        title="Upload Image Asset"
                                                                        uploadUrl="${suffix.path}"
                                                                        useHTML5="{Boolean}true"/>
                                                                </items>
                                                            </column>
                                                        </items>
                                                    </columns>
                                                </items>
                                            </imageTab>
                                        </items>
                                    </column>
                                </items>
                            </columns>
                        </items>
                    </image>
                    <featuredContentMainBlockTab
                        jcr:primaryType="nt:unstructured"
                        jcr:title="Featured Content Main Block"
                        sling:resourceType="granite/ui/components/coral/foundation/container"
                        margin="{Boolean}true">
                        <items jcr:primaryType="nt:unstructured">
                            <columns
                                jcr:primaryType="nt:unstructured"
                                sling:resourceType="granite/ui/components/coral/foundation/fixedcolumns">
                                <items jcr:primaryType="nt:unstructured">
                                    <column
                                        jcr:primaryType="nt:unstructured"
                                        sling:resourceType="granite/ui/components/coral/foundation/container">
                                        <items jcr:primaryType="nt:unstructured">
                                            <richtext
                                                jcr:primaryType="nt:unstructured"
                                                sling:resourceType="/libs/cq/gui/components/authoring/dialog/richtext"
                                                fieldLabel="Enter Text"
                                                name="./richtextTab2"
                                                useFixedInlineToolbar="{Boolean}true"
                                                width="400">
                                                <rtePlugins jcr:primaryType="nt:unstructured">
                                                    <undo
                                                        jcr:primaryType="nt:unstructured"
                                                        features="*"
                                                        maxUndoSteps="{Long}50"/>
                                                    <format
                                                        jcr:primaryType="nt:unstructured"
                                                        features="*"/>
                                                    <justify
                                                        jcr:primaryType="nt:unstructured"
                                                        features="*"/>
                                                    <lists
                                                        jcr:primaryType="nt:unstructured"
                                                        features="*"/>
                                                    <paraformat
                                                        jcr:primaryType="nt:unstructured"
                                                        features="*"/>
                                                    <links
                                                        jcr:primaryType="nt:unstructured"
                                                        features="*"/>
                                                    <image
                                                        jcr:primaryType="nt:unstructured"
                                                        features="*"/>
                                                    <findreplace
                                                        jcr:primaryType="nt:unstructured"
                                                        features="*"/>
                                                    <subsuperscript
                                                        jcr:primaryType="nt:unstructured"
                                                        features="*"/>
                                                    <spellcheck
                                                        jcr:primaryType="nt:unstructured"
                                                        features="*"/>
                                                    <misctools
                                                        jcr:primaryType="nt:unstructured"
                                                        features="*">
                                                        <specialCharsConfig jcr:primaryType="nt:unstructured">
                                                            <chars jcr:primaryType="nt:unstructured">
                                                                <copyright
                                                                    jcr:primaryType="nt:unstructured"
                                                                    entity="&amp;#169;"/>
                                                                <trademark
                                                                    jcr:primaryType="nt:unstructured"
                                                                    entity="&amp;#8482;"/>
                                                                <registered
                                                                    jcr:primaryType="nt:unstructured"
                                                                    entity="&amp;#174;"/>
                                                                <emDash
                                                                    jcr:primaryType="nt:unstructured"
                                                                    entity="&amp;#8212;"/>
                                                                <pound
                                                                    jcr:primaryType="nt:unstructured"
                                                                    entity="&amp;#163;"/>
                                                                <nbsp
                                                                    jcr:primaryType="nt:unstructured"
                                                                    entity="&amp;#160;"/>
                                                            </chars>
                                                        </specialCharsConfig>
                                                    </misctools>
                                                    <styles
                                                        jcr:primaryType="nt:unstructured"
                                                        features="*">
                                                        <styles jcr:primaryType="nt:unstructured">
                                                            <plainSpan
                                                                jcr:primaryType="nt:unstructured"
                                                                cssName="defaultSpan"
                                                                text="Default (add span tag)"/>
                                                            <lead
                                                                jcr:primaryType="nt:unstructured"
                                                                cssName="lead"
                                                                text="Lead"/>
                                                        </styles>
                                                    </styles>
                                                    <table
                                                        jcr:primaryType="nt:unstructured"
                                                        features="*"/>
                                                </rtePlugins>
                                                <uiSettings jcr:primaryType="nt:unstructured">
                                                    <cui jcr:primaryType="nt:unstructured">
                                                        <inline
                                                            jcr:primaryType="nt:unstructured"
                                                            toolbar="[undo#undo,undo#redo,format#bold,format#italic,format#underline,#justify,#lists,subsuperscript#subscript,subsuperscript#superscript,links#modifylink,links#unlink,links#anchor,#image,findreplace#find,findreplace#replace,spellcheck#checktext,misctools#specialchars,misctools#sourceedit,#styles,#paraformat,table#table]">
                                                            <popovers jcr:primaryType="nt:unstructured">
                                                                <justify
                                                                    jcr:primaryType="nt:unstructured"
                                                                    items="[justify#justifyleft,justify#justifycenter,justify#justifyright]"
                                                                    ref="justify"/>
                                                                <lists
                                                                    jcr:primaryType="nt:unstructured"
                                                                    items="[lists#unordered,lists#ordered,lists#outdent,lists#indent]"
                                                                    ref="lists"/>
                                                                <paraformat
                                                                    jcr:primaryType="nt:unstructured"
                                                                    items="paraformat:getFormats:paraformat-pulldown"
                                                                    ref="paraformat"/>
                                                                <styles
                                                                    jcr:primaryType="nt:unstructured"
                                                                    items="styles:getStyles:styles-pulldown"
                                                                    ref="styles"/>
                                                            </popovers>
                                                        </inline>
                                                        <dialogFullScreen
                                                            jcr:primaryType="nt:unstructured"
                                                            toolbar="[undo#undo,undo#redo,format#bold,format#italic,format#underline,#justify,#lists,subsuperscript#subscript,subsuperscript#superscript,links#modifylink,links#unlink,links#anchor,#image,findreplace#find,findreplace#replace,spellcheck#checktext,misctools#specialchars,misctools#sourceedit,#styles,#paraformat,table#table]">
                                                            <popovers jcr:primaryType="nt:unstructured">
                                                                <justify
                                                                    jcr:primaryType="nt:unstructured"
                                                                    items="[justify#justifyleft,justify#justifycenter,justify#justifyright]"
                                                                    ref="justify"/>
                                                                <lists
                                                                    jcr:primaryType="nt:unstructured"
                                                                    items="[lists#unordered,lists#ordered,lists#outdent,lists#indent]"
                                                                    ref="lists"/>
                                                                <paraformat
                                                                    jcr:primaryType="nt:unstructured"
                                                                    items="paraformat:getFormats:paraformat-pulldown"
                                                                    ref="paraformat"/>
                                                                <styles
                                                                    jcr:primaryType="nt:unstructured"
                                                                    items="styles:getStyles:styles-pulldown"
                                                                    ref="styles"/>
                                                            </popovers>
                                                        </dialogFullScreen>
                                                    </cui>
                                                </uiSettings>
                                            </richtext>
                                            <label
                                                jcr:primaryType="nt:unstructured"
                                                sling:resourceType="granite/ui/components/coral/foundation/form/textfield"
                                                fieldLabel="Enter Label"
                                                name="./labelTab2"/>
                                            <link
                                                jcr:primaryType="nt:unstructured"
                                                sling:resourceType="granite/ui/components/coral/foundation/form/pathbrowser"
                                                fieldLabel="Provide Link"
                                                name="./linkTab2"/>
                                        </items>
                                    </column>
                                </items>
                            </columns>
                        </items>
                    </featuredContentMainBlockTab>
                    <featuredContentSubBlockTab
                        jcr:primaryType="nt:unstructured"
                        jcr:title="Featured Content sub Block"
                        sling:resourceType="granite/ui/components/coral/foundation/container"
                        margin="{Boolean}true">
                        <items jcr:primaryType="nt:unstructured">
                            <columns
                                jcr:primaryType="nt:unstructured"
                                sling:resourceType="granite/ui/components/coral/foundation/fixedcolumns">
                                <items jcr:primaryType="nt:unstructured">
                                    <column
                                        jcr:primaryType="nt:unstructured"
                                        sling:resourceType="granite/ui/components/coral/foundation/container">
                                        <items jcr:primaryType="nt:unstructured">
                                            <richtext
                                                jcr:primaryType="nt:unstructured"
                                                sling:resourceType="/libs/cq/gui/components/authoring/dialog/richtext"
                                                fieldLabel="Enter Text"
                                                name="./richtextTab3"
                                                useFixedInlineToolbar="{Boolean}true"
                                                width="400">
                                                <rtePlugins jcr:primaryType="nt:unstructured">
                                                    <undo
                                                        jcr:primaryType="nt:unstructured"
                                                        features="*"
                                                        maxUndoSteps="{Long}50"/>
                                                    <format
                                                        jcr:primaryType="nt:unstructured"
                                                        features="*"/>
                                                    <justify
                                                        jcr:primaryType="nt:unstructured"
                                                        features="*"/>
                                                    <lists
                                                        jcr:primaryType="nt:unstructured"
                                                        features="*"/>
                                                    <paraformat
                                                        jcr:primaryType="nt:unstructured"
                                                        features="*"/>
                                                    <links
                                                        jcr:primaryType="nt:unstructured"
                                                        features="*"/>
                                                    <image
                                                        jcr:primaryType="nt:unstructured"
                                                        features="*"/>
                                                    <findreplace
                                                        jcr:primaryType="nt:unstructured"
                                                        features="*"/>
                                                    <subsuperscript
                                                        jcr:primaryType="nt:unstructured"
                                                        features="*"/>
                                                    <spellcheck
                                                        jcr:primaryType="nt:unstructured"
                                                        features="*"/>
                                                    <misctools
                                                        jcr:primaryType="nt:unstructured"
                                                        features="*">
                                                        <specialCharsConfig jcr:primaryType="nt:unstructured">
                                                            <chars jcr:primaryType="nt:unstructured">
                                                                <copyright
                                                                    jcr:primaryType="nt:unstructured"
                                                                    entity="&amp;#169;"/>
                                                                <trademark
                                                                    jcr:primaryType="nt:unstructured"
                                                                    entity="&amp;#8482;"/>
                                                                <registered
                                                                    jcr:primaryType="nt:unstructured"
                                                                    entity="&amp;#174;"/>
                                                                <emDash
                                                                    jcr:primaryType="nt:unstructured"
                                                                    entity="&amp;#8212;"/>
                                                                <pound
                                                                    jcr:primaryType="nt:unstructured"
                                                                    entity="&amp;#163;"/>
                                                                <nbsp
                                                                    jcr:primaryType="nt:unstructured"
                                                                    entity="&amp;#160;"/>
                                                            </chars>
                                                        </specialCharsConfig>
                                                    </misctools>
                                                    <styles
                                                        jcr:primaryType="nt:unstructured"
                                                        features="*">
                                                        <styles jcr:primaryType="nt:unstructured">
                                                            <plainSpan
                                                                jcr:primaryType="nt:unstructured"
                                                                cssName="defaultSpan"
                                                                text="Default (add span tag)"/>
                                                            <lead
                                                                jcr:primaryType="nt:unstructured"
                                                                cssName="lead"
                                                                text="Lead"/>
                                                        </styles>
                                                    </styles>
                                                    <table
                                                        jcr:primaryType="nt:unstructured"
                                                        features="*"/>
                                                </rtePlugins>
                                                <uiSettings jcr:primaryType="nt:unstructured">
                                                    <cui jcr:primaryType="nt:unstructured">
                                                        <inline
                                                            jcr:primaryType="nt:unstructured"
                                                            toolbar="[undo#undo,undo#redo,format#bold,format#italic,format#underline,#justify,#lists,subsuperscript#subscript,subsuperscript#superscript,links#modifylink,links#unlink,links#anchor,#image,findreplace#find,findreplace#replace,spellcheck#checktext,misctools#specialchars,misctools#sourceedit,#styles,#paraformat,table#table]">
                                                            <popovers jcr:primaryType="nt:unstructured">
                                                                <justify
                                                                    jcr:primaryType="nt:unstructured"
                                                                    items="[justify#justifyleft,justify#justifycenter,justify#justifyright]"
                                                                    ref="justify"/>
                                                                <lists
                                                                    jcr:primaryType="nt:unstructured"
                                                                    items="[lists#unordered,lists#ordered,lists#outdent,lists#indent]"
                                                                    ref="lists"/>
                                                                <paraformat
                                                                    jcr:primaryType="nt:unstructured"
                                                                    items="paraformat:getFormats:paraformat-pulldown"
                                                                    ref="paraformat"/>
                                                                <styles
                                                                    jcr:primaryType="nt:unstructured"
                                                                    items="styles:getStyles:styles-pulldown"
                                                                    ref="styles"/>
                                                            </popovers>
                                                        </inline>
                                                        <dialogFullScreen
                                                            jcr:primaryType="nt:unstructured"
                                                            toolbar="[undo#undo,undo#redo,format#bold,format#italic,format#underline,#justify,#lists,subsuperscript#subscript,subsuperscript#superscript,links#modifylink,links#unlink,links#anchor,#image,findreplace#find,findreplace#replace,spellcheck#checktext,misctools#specialchars,misctools#sourceedit,#styles,#paraformat,table#table]">
                                                            <popovers jcr:primaryType="nt:unstructured">
                                                                <justify
                                                                    jcr:primaryType="nt:unstructured"
                                                                    items="[justify#justifyleft,justify#justifycenter,justify#justifyright]"
                                                                    ref="justify"/>
                                                                <lists
                                                                    jcr:primaryType="nt:unstructured"
                                                                    items="[lists#unordered,lists#ordered,lists#outdent,lists#indent]"
                                                                    ref="lists"/>
                                                                <paraformat
                                                                    jcr:primaryType="nt:unstructured"
                                                                    items="paraformat:getFormats:paraformat-pulldown"
                                                                    ref="paraformat"/>
                                                                <styles
                                                                    jcr:primaryType="nt:unstructured"
                                                                    items="styles:getStyles:styles-pulldown"
                                                                    ref="styles"/>
                                                            </popovers>
                                                        </dialogFullScreen>
                                                    </cui>
                                                </uiSettings>
                                            </richtext>
                                            <label
                                                jcr:primaryType="nt:unstructured"
                                                sling:resourceType="granite/ui/components/coral/foundation/form/textfield"
                                                fieldLabel="Enter Label"
                                                name="./labelTab3"/>
                                            <link
                                                jcr:primaryType="nt:unstructured"
                                                sling:resourceType="granite/ui/components/coral/foundation/form/pathbrowser"
                                                fieldLabel="Provide Link"
                                                name="./linkTab3"/>
                                        </items>
                                    </column>
                                </items>
                            </columns>
                        </items>
                    </featuredContentSubBlockTab>
                </items>
            </tabs>
        </items>
    </content>
</jcr:root>
