<?xml version="1.0" encoding="UTF-8"?>
<jcr:root xmlns:cq="http://www.day.com/jcr/cq/1.0" xmlns:jcr="http://www.jcp.org/jcr/1.0" xmlns:nt="http://www.jcp.org/jcr/nt/1.0"
    jcr:primaryType="cq:Dialog"
    title="Social Icons"
    xtype="dialog">
    <items
        jcr:primaryType="cq:Widget"
        xtype="tabpanel">
        <items jcr:primaryType="cq:WidgetCollection">
            <blockicon
                jcr:primaryType="cq:Panel"
                title="Block Icon">
                <items jcr:primaryType="cq:WidgetCollection">
                    <icons
                        jcr:primaryType="cq:Widget"
                        baseName="blockicon_"
                        fieldDescription="Click on the + button to add Fields "
                        fieldLabel="Block Icons"
                        name="./blockIcons"
                        prefix="./"
                        xtype="mtmulticompositefield">
                        <fieldConfigs jcr:primaryType="cq:WidgetCollection">
                            <glyph_icons
                                jcr:primaryType="cq:Widget"
                                allowBlank="{Boolean}false"
                                fieldLabel="Icon (GlypIcon)"
                                maxLength="64"
                                name="icon"
                                type="select"
                                xtype="selection">
                                <options jcr:primaryType="cq:WidgetCollection">
                                    <earphone
                                        jcr:primaryType="nt:unstructured"
                                        text="Earphone"
                                        value="glyphicon-earphone"/>
                                    <th_list
                                        jcr:primaryType="nt:unstructured"
                                        text="Th List"
                                        value="glyphicon-th-list"/>
                                    <question
                                        jcr:primaryType="nt:unstructured"
                                        text="Question Mark"
                                        value="glyphicon-question-sign"/>
                                </options>
                            </glyph_icons>
                            <link
                                jcr:primaryType="cq:Widget"
                                allowBlank="{Boolean}false"
                                fieldLabel="Link"
                                name="link"
                                xtype="pathfield"/>
                            <label
                                jcr:primaryType="cq:Widget"
                                allowBlank="{Boolean}false"
                                fieldLabel="Label"
                                maxLength="64"
                                name="label"
                                xtype="textfield"/>
                        </fieldConfigs>
                    </icons>
                </items>
            </blockicon>
            <socialicon
                jcr:primaryType="cq:Panel"
                title="Social Icon">
                <items jcr:primaryType="cq:WidgetCollection">
                    <icons
                        jcr:primaryType="cq:Widget"
                        baseName="socialicon_"
                        fieldDescription="Click on the + button to add Fields ( maximum field limit's - 10 )"
                        fieldLabel="Block Icons"
                        name="./socialIcons"
                        prefix="./"
                        xtype="mtmulticompositefield">
                        <fieldConfigs jcr:primaryType="cq:WidgetCollection">
                            <social_icons
                                jcr:primaryType="cq:Widget"
                                allowBlank="{Boolean}false"
                                fieldLabel="Icon (GlypIcon)"
                                maxLength="64"
                                name="icon"
                                type="select"
                                xtype="selection">
                                <options jcr:primaryType="cq:WidgetCollection">
                                    <facebook
                                        jcr:primaryType="nt:unstructured"
                                        text="Facebook"
                                        value="facebook"/>
                                    <twitter
                                        jcr:primaryType="nt:unstructured"
                                        text="Twitter"
                                        value="twitterbird"/>
                                    <youtube
                                        jcr:primaryType="nt:unstructured"
                                        text="You Tube"
                                        value="youtube"/>
                                    <linkdin
                                        jcr:primaryType="nt:unstructured"
                                        text="LinkedIn"
                                        value="linkedin"/>
                                </options>
                            </social_icons>
                            <link
                                jcr:primaryType="cq:Widget"
                                allowBlank="{Boolean}false"
                                fieldLabel="Link"
                                name="link"
                                xtype="pathfield"/>
                        </fieldConfigs>
                    </icons>
                </items>
            </socialicon>
        </items>
    </items>
</jcr:root>
