<?xml version="1.0" encoding="UTF-8"?>
<jcr:root xmlns:cq="http://www.day.com/jcr/cq/1.0" xmlns:jcr="http://www.jcp.org/jcr/1.0" xmlns:nt="http://www.jcp.org/jcr/nt/1.0"
    jcr:primaryType="cq:Dialog"
    title="Dialog"
    xtype="dialog">
    <items
        jcr:primaryType="cq:Widget"
        xtype="tabpanel">
        <items jcr:primaryType="cq:WidgetCollection">
            <tab1
                jcr:primaryType="cq:Panel"
                title="Tab 1">
                <items jcr:primaryType="cq:WidgetCollection">
                    <path
                        jcr:primaryType="cq:Widget"
                        fieldLabel="Search Path"
                        name="./path"
                        xtype="pathfield"/>
                    <firm
                        jcr:primaryType="cq:Widget"
                        fieldLabel="Search Firm"
                        name="./firm"
                        options="/bin/querybuilder.json?path=/content/cq:tags/JHINS/firm&amp;p.limit=-1"
                        optionsRoot="hits"
                        optionsTextField="title"
                        optionsValueField="path"
                        type="select"
                        xtype="selection"/>
                    <type
                        jcr:primaryType="cq:Widget"
                        fieldLabel="Search Type"
                        name="./type"
                        type="select"
                        xtype="selection">
                        <options jcr:primaryType="cq:WidgetCollection">
                            <page
                                jcr:primaryType="nt:unstructured"
                                text="Page"
                                value="cq:Page"/>
                            <asset
                                jcr:primaryType="nt:unstructured"
                                text="Asset"
                                value="dam:Asset"/>
                        </options>
                    </type>
                    <firmtoadd
                        jcr:primaryType="cq:Widget"
                        fieldLabel="Firm To Add"
                        name="./firmtoadd"
                        options="/bin/querybuilder.json?path=/content/cq:tags/JHINS/firm&amp;p.limit=-1"
                        optionsRoot="hits"
                        optionsTextField="title"
                        optionsValueField="path"
                        type="select"
                        xtype="selection"/>
                </items>
            </tab1>
        </items>
    </items>
</jcr:root>
