<?xml version="1.0" encoding="UTF-8"?>
<jcr:root xmlns:cq="http://www.day.com/jcr/cq/1.0" xmlns:jcr="http://www.jcp.org/jcr/1.0"
    jcr:primaryType="cq:Dialog"
    title="Well Component"
    xtype="dialog">
    <items
        jcr:primaryType="cq:Widget"
        xtype="tabpanel">
        <items jcr:primaryType="cq:WidgetCollection">
            <tab1
                jcr:primaryType="cq:Panel"
                title="product features">
                <items jcr:primaryType="cq:WidgetCollection">
                    <heading
                        jcr:primaryType="cq:Widget"
                        fieldLabel="Heading"
                        name="./heading"
                        xtype="textfield"/>
                    <features
                        jcr:primaryType="cq:Widget"
                        fieldDescription="+ Enter the features"
                        fieldLabel="Features"
                        name="./features"
                        xtype="multifield">
                        <fieldConfigs jcr:primaryType="cq:WidgetCollection">
                            <text
                                jcr:primaryType="cq:Widget"
                                fieldLabel="items"
                                name="./items"
                                xtype="textfield"/>
                        </fieldConfigs>
                    </features>
                    <label
                        jcr:primaryType="cq:Widget"
                        fieldLabel="Label"
                        name="./label"
                        xtype="textfield"/>
                    <link
                        jcr:primaryType="cq:Widget"
                        fieldLabel="Link"
                        name="./link"
                        xtype="pathfield"/>
                </items>
            </tab1>
        </items>
    </items>
</jcr:root>
