<?xml version="1.0" encoding="UTF-8"?>
<jcr:root xmlns:sling="http://sling.apache.org/jcr/sling/1.0" xmlns:cq="http://www.day.com/jcr/cq/1.0" xmlns:jcr="http://www.jcp.org/jcr/1.0" xmlns:nt="http://www.jcp.org/jcr/nt/1.0"
    jcr:primaryType="nt:unstructured"
    jcr:title="Dialog"
    sling:resourceType="cq/gui/components/authoring/dialog">
    <content
        jcr:primaryType="nt:unstructured"
        sling:resourceType="granite/ui/components/coral/foundation/tabs">
        <items jcr:primaryType="nt:unstructured">
            <tab1
                jcr:primaryType="nt:unstructured"
                jcr:title="Text With Button"
                sling:resourceType="granite/ui/components/coral/foundation/fixedcolumns">
                <items jcr:primaryType="nt:unstructured">
                    <column
                        jcr:primaryType="nt:unstructured"
                        sling:resourceType="granite/ui/components/foundation/container">
                        <items jcr:primaryType="nt:unstructured">
                            <formtype
                                jcr:primaryType="nt:unstructured"
                                sling:resourceType="granite/ui/components/coral/foundation/form/select"
                                fieldLabel="Form Type"
                                name="./formtype">
                                <items jcr:primaryType="nt:unstructured">
                                    <customerform
                                        jcr:primaryType="nt:unstructured"
                                        text="Customer Service Forms"
                                        value="cF"/>
                                    <newform
                                        jcr:primaryType="nt:unstructured"
                                        text="New Forms"
                                        value="nF"/>
                                    <leadgenerationforms
                                        jcr:primaryType="nt:unstructured"
                                        text="Lead Generation Forms"
                                        value="LeadGenerationForms"/>
                                </items>
                            </formtype>
                            <buttontitle
                                jcr:primaryType="nt:unstructured"
                                sling:resourceType="granite/ui/components/coral/foundation/form/textfield"
                                fieldLabel="Button Title"
                                name="./buttonTitle"/>
                            <groupname
                                jcr:primaryType="nt:unstructured"
                                sling:resourceType="granite/ui/components/coral/foundation/form/select"
                                fieldLabel="Site Name"
                                name="./groupname">
                                <items jcr:primaryType="nt:unstructured">
                                    <jhsalesnet
                                        jcr:primaryType="nt:unstructured"
                                        text="JHSalesNet"
                                        value="JHSalesNet"/>
                                    <jhmgroup
                                        jcr:primaryType="nt:unstructured"
                                        text="JHMGroup"
                                        value="JHMGroup"/>
                                    <jhedwardjones
                                        jcr:primaryType="nt:unstructured"
                                        text="JHEdwardJones"
                                        value="JHEdwardJones"/>
                                    <leadgeneration
                                        jcr:primaryType="nt:unstructured"
                                        text="Lead Generation"
                                        value="LeadGeneration"/>
                                </items>
                            </groupname>
                        </items>
                    </column>
                </items>
            </tab1>
        </items>
    </content>
</jcr:root>
