<?xml version="1.0" encoding="UTF-8"?>
<jcr:root xmlns:sling="http://sling.apache.org/jcr/sling/1.0" xmlns:cq="http://www.day.com/jcr/cq/1.0" xmlns:jcr="http://www.jcp.org/jcr/1.0" xmlns:nt="http://www.jcp.org/jcr/nt/1.0"
    jcr:primaryType="cq:Page">
    <jcr:content
        cq:lastModified="{Date}2017-10-30T08:24:53.895-04:00"
        cq:lastModifiedBy="aroorak"
        jcr:primaryType="nt:unstructured"
        jcr:title="jhmn Site Design"
        sling:resourceType="wcm/core/components/designer">
        <page jcr:primaryType="nt:unstructured">
            <par
                jcr:primaryType="nt:unstructured"
                sling:resourceType="wcm/foundation/components/parsys"
                components="[group:jhmn Components]">
                <colctrl
                    jcr:primaryType="nt:unstructured"
                    sling:resourceType="jhmn/components/content/colctrl"
                    layouts="2;cq-colctrl-lt0&#x9;2 Columns (50%, 50%)"/>
                <cq:authoring jcr:primaryType="nt:unstructured">
                    <assetToComponentMapping jcr:primaryType="nt:unstructured">
                        <image
                            jcr:primaryType="nt:unstructured"
                            assetGroup="media"
                            assetMimetype="image/*"
                            droptarget="image"
                            resourceType="jhmn/components/content/image"
                            type="Images"/>
                    </assetToComponentMapping>
                </cq:authoring>
            </par>
            <logo
                jcr:primaryType="nt:unstructured"
                sling:resourceType="jhmn/components/structure/logo"
                absParent="2">
                <image/>
            </logo>
        </page>
        <jhmnbasepage jcr:primaryType="nt:unstructured">
            <par
                jcr:lastModified="{Date}2017-10-23T04:13:40.901-04:00"
                jcr:lastModifiedBy="aroorak"
                jcr:primaryType="nt:unstructured"
                sling:resourceType="foundation/components/parsys"
                components="[/apps/jhmn/components/content/userprofile/modals/customize]">
                <section jcr:primaryType="nt:unstructured"/>
            </par>
        </jhmnbasepage>
        <jhmnhomeloggedinpage jcr:primaryType="nt:unstructured">
            <par_newandupdates
                jcr:lastModified="{Date}2017-10-30T06:27:33.414-04:00"
                jcr:lastModifiedBy="aroorak"
                jcr:primaryType="nt:unstructured"
                sling:resourceType="foundation/components/parsys"
                components="group:MNBD">
                <section jcr:primaryType="nt:unstructured"/>
            </par_newandupdates>
            <par_recentresources
                jcr:lastModified="{Date}2017-10-30T08:24:53.852-04:00"
                jcr:lastModifiedBy="aroorak"
                jcr:primaryType="nt:unstructured"
                sling:resourceType="foundation/components/parsys"
                components="/apps/jhmn/components/content/recentlyaccessedresource">
                <section jcr:primaryType="nt:unstructured"/>
            </par_recentresources>
        </jhmnhomeloggedinpage>
    </jcr:content>
    <clientlib-head/>
    <clientlib-foot/>
    <favicon.ico/>
    <baselibs/>
    <clientlib_userdata/>
</jcr:root>
