<?xml version="1.0" encoding="UTF-8"?>
<jcr:root xmlns:cq="http://www.day.com/jcr/cq/1.0" xmlns:jcr="http://www.jcp.org/jcr/1.0" xmlns:nt="http://www.jcp.org/jcr/nt/1.0"
    jcr:primaryType="cq:Dialog"
    title="Edit Column Control"
    xtype="dialog">
    <items
        jcr:primaryType="cq:Widget"
        xtype="tabpanel">
        <items jcr:primaryType="cq:WidgetCollection">
            <general
                jcr:primaryType="cq:Panel"
                title="General">
                <items jcr:primaryType="cq:WidgetCollection">
                    <desktopColumns
                        jcr:primaryType="cq:Widget"
                        fieldDescription="Enter the no. of columns to be displayed on desktop"
                        fieldLabel="Desktop"
                        name="./desktopColumns"
                        type="select"
                        xtype="selection">
                        <options jcr:primaryType="cq:WidgetCollection">
                            <one
                                jcr:primaryType="nt:unstructured"
                                text="1"
                                value="1"/>
                            <two
                                jcr:primaryType="nt:unstructured"
                                text="2"
                                value="2"/>
                            <three
                                jcr:primaryType="nt:unstructured"
                                text="3"
                                value="3"/>
                            <four
                                jcr:primaryType="nt:unstructured"
                                text="4"
                                value="4"/>
                            <five
                                jcr:primaryType="nt:unstructured"
                                text="5"
                                value="5"/>
                        </options>
                    </desktopColumns>
                    <tabletColumns
                        jcr:primaryType="cq:Widget"
                        fieldDescription="Enter the no. of columns to be displayed on tablet"
                        fieldLabel="Tablet"
                        name="./tabletColumns"
                        type="select"
                        xtype="selection">
                        <options jcr:primaryType="cq:WidgetCollection">
                            <one
                                jcr:primaryType="nt:unstructured"
                                text="1"
                                value="1"/>
                            <two
                                jcr:primaryType="nt:unstructured"
                                text="2"
                                value="2"/>
                            <three
                                jcr:primaryType="nt:unstructured"
                                text="3"
                                value="3"/>
                            <four
                                jcr:primaryType="nt:unstructured"
                                text="4"
                                value="4"/>
                            <five
                                jcr:primaryType="nt:unstructured"
                                text="5"
                                value="5"/>
                        </options>
                    </tabletColumns>
                </items>
            </general>
        </items>
    </items>
</jcr:root>
