<?xml version="1.0" encoding="UTF-8"?>
<jcr:root xmlns:cq="http://www.day.com/jcr/cq/1.0" xmlns:jcr="http://www.jcp.org/jcr/1.0" xmlns:nt="http://www.jcp.org/jcr/nt/1.0"
    cq:actions="[text:Q&amp;A Config,-,edit,delete,copymove,-,insert]"
    cq:dialogMode="floating"
    cq:disableTargeting="{Boolean}true"
    cq:layout="editbar"
    jcr:mixinTypes="[cq:ReplicationStatus]"
    jcr:primaryType="cq:EditConfig">
    <cq:listeners
        jcr:primaryType="cq:EditListenersConfig"
        afterdelete="REFRESH_PAGE"
        afteredit="REFRESH_PAGE"
        afterinsert="REFRESH_PAGE"/>
    <cq:inplaceEditing
        jcr:primaryType="cq:InplaceEditingConfig"
        active="{Boolean}true"
        editorType="text">
        <config jcr:primaryType="nt:unstructured">
            <rtePlugins jcr:primaryType="nt:unstructured">
                <subsuperscript
                    jcr:primaryType="nt:unstructured"
                    features="*"/>
                <paraformat
                    jcr:primaryType="nt:unstructured"
                    features="*"
                    width="100">
                    <format jcr:primaryType="nt:unstructured">
                        <p
                            jcr:primaryType="nt:unstructured"
                            description="This is my Paragraph"
                            tag="p"/>
                        <h1
                            jcr:primaryType="nt:unstructured"
                            description="Header 1"
                            tag="h1"/>
                        <h2
                            jcr:primaryType="nt:unstructured"
                            description="Header 2"
                            tag="h2"/>
                        <h3
                            jcr:primaryType="nt:unstructured"
                            description="Header 3"
                            tag="h3"/>
                    </format>
                </paraformat>
                <misctools
                    jcr:primaryType="nt:unstructured"
                    features="*">
                    <specialCharsConfig jcr:primaryType="nt:unstructured">
                        <chars jcr:primaryType="nt:unstructured">
                            <copyright
                                jcr:primaryType="nt:unstructured"
                                entity="&amp;#169;"/>
                            <trademark
                                jcr:primaryType="nt:unstructured"
                                entity="&amp;#8482;"/>
                            <registered
                                jcr:primaryType="nt:unstructured"
                                entity="&amp;#174;"/>
                            <emDash
                                jcr:primaryType="nt:unstructured"
                                entity="&amp;#8212;"/>
                            <pound
                                jcr:primaryType="nt:unstructured"
                                entity="&amp;#163;"/>
                            <nbsp
                                jcr:primaryType="nt:unstructured"
                                entity="&amp;#160;"/>
                        </chars>
                    </specialCharsConfig>
                </misctools>
                <links jcr:primaryType="nt:unstructured">
                    <linkDialogConfig
                        jcr:primaryType="nt:unstructured"
                        height="{Long}316">
                        <linkAttributes jcr:primaryType="cq:WidgetCollection">
                            <linkAdvanced
                                jcr:primaryType="cq:Widget"
                                collapsed="{Boolean}true"
                                collapsible="{Boolean}true"
                                inputValue="advanced"
                                name="./linkdialog/cq:adhocLinkTrackingTab"
                                title="Link tracking"
                                xtype="dialogfieldset">
                                <items jcr:primaryType="cq:WidgetCollection">
                                    <enable
                                        jcr:primaryType="nt:unstructured"
                                        attribute="enabletracking"
                                        fieldDescription="override analytics framework settings"
                                        fieldLabel="Custom link tracking"
                                        name="./linkdialog/cq:adhocLinkTrackingEnableTracking"
                                        xtype="checkbox">
                                        <listeners
                                            jcr:primaryType="nt:unstructured"
                                            check="function(component){var dlg=component.findParentByType('rtelinkdialog');dlg.enableSCFields(component.checked);}"/>
                                    </enable>
                                    <events
                                        jcr:primaryType="nt:unstructured"
                                        attribute="adhocevents"
                                        fieldDescription="e.g.: event2, event7"
                                        fieldLabel="Include SiteCatalyst events"
                                        name="./linkdialog/cq:adhocLinkTrackingEvents"
                                        xtype="textfield"/>
                                    <evars
                                        jcr:primaryType="nt:unstructured"
                                        attribute="adhocevars"
                                        fieldDescription="e.g.: eVar1: pagedata.url, prop4: 'const'"
                                        fieldLabel="Include SiteCatalyst variables"
                                        name="./linkdialog/cq:adhocLinkTrackingEvars"
                                        xtype="textfield"/>
                                </items>
                            </linkAdvanced>
                        </linkAttributes>
                    </linkDialogConfig>
                </links>
                <edit
                    jcr:primaryType="nt:unstructured"
                    defaultPasteMode="plaintext"
                    stripHtmlTags="{Boolean}true"/>
                <spellcheck
                    jcr:primaryType="nt:unstructured"
                    features="*"/>
                <findreplace
                    jcr:primaryType="nt:unstructured"
                    features="*"/>
            </rtePlugins>
        </config>
    </cq:inplaceEditing>
</jcr:root>
