<?xml version="1.0" encoding="UTF-8"?>
<jcr:root xmlns:sling="http://sling.apache.org/jcr/sling/1.0" xmlns:cq="http://www.day.com/jcr/cq/1.0" xmlns:jcr="http://www.jcp.org/jcr/1.0" xmlns:nt="http://www.jcp.org/jcr/nt/1.0"
    jcr:primaryType="nt:unstructured"
    jcr:title="Edit Column Control"
    sling:resourceType="cq/gui/components/authoring/dialog">
    <content
        jcr:primaryType="nt:unstructured"
        sling:resourceType="granite/ui/components/coral/foundation/tabs">
        <items jcr:primaryType="nt:unstructured">
            <general
                jcr:primaryType="nt:unstructured"
                jcr:title="General"
                sling:resourceType="granite/ui/components/coral/foundation/fixedcolumns">
                <items jcr:primaryType="nt:unstructured">
                    <column
                        jcr:primaryType="nt:unstructured"
                        sling:resourceType="granite/ui/components/foundation/container">
                        <items jcr:primaryType="nt:unstructured">
                            <desktopColumns
                                jcr:primaryType="nt:unstructured"
                                sling:resourceType="granite/ui/components/coral/foundation/form/select"
                                fieldDescription="Enter the no. of columns to be displayed on desktop"
                                fieldLabel="Desktop"
                                name="./desktopColumns">
                                <items jcr:primaryType="nt:unstructured">
                                    <one
                                        jcr:primaryType="nt:unstructured"
                                        text="1"
                                        value="1"/>
                                    <two
                                        jcr:primaryType="nt:unstructured"
                                        text="2"
                                        value="2"/>
                                    <three
                                        jcr:primaryType="nt:unstructured"
                                        text="3"
                                        value="3"/>
                                    <four
                                        jcr:primaryType="nt:unstructured"
                                        text="4"
                                        value="4"/>
                                    <five
                                        jcr:primaryType="nt:unstructured"
                                        text="5"
                                        value="5"/>
                                </items>
                            </desktopColumns>
                            <tabletColumns
                                jcr:primaryType="nt:unstructured"
                                sling:resourceType="granite/ui/components/coral/foundation/form/select"
                                fieldDescription="Enter the no. of columns to be displayed on tablet"
                                fieldLabel="Tablet"
                                name="./tabletColumns">
                                <items jcr:primaryType="nt:unstructured">
                                    <one
                                        jcr:primaryType="nt:unstructured"
                                        text="1"
                                        value="1"/>
                                    <two
                                        jcr:primaryType="nt:unstructured"
                                        text="2"
                                        value="2"/>
                                    <three
                                        jcr:primaryType="nt:unstructured"
                                        text="3"
                                        value="3"/>
                                    <four
                                        jcr:primaryType="nt:unstructured"
                                        text="4"
                                        value="4"/>
                                    <five
                                        jcr:primaryType="nt:unstructured"
                                        text="5"
                                        value="5"/>
                                </items>
                            </tabletColumns>
                        </items>
                    </column>
                </items>
            </general>
        </items>
    </content>
</jcr:root>
