<?xml version="1.0" encoding="UTF-8"?>
<jcr:root xmlns:sling="http://sling.apache.org/jcr/sling/1.0" xmlns:cq="http://www.day.com/jcr/cq/1.0" xmlns:jcr="http://www.jcp.org/jcr/1.0" xmlns:nt="http://www.jcp.org/jcr/nt/1.0"
    extraClientlibs="[cq.jhas.dialog]" 
    jcr:primaryType="nt:unstructured"
    jcr:title="Modal Window"
    sling:resourceType="cq/gui/components/authoring/dialog">
    <content
        jcr:primaryType="nt:unstructured"
        sling:resourceType="granite/ui/components/foundation/container">
        <layout
            jcr:primaryType="nt:unstructured"
            sling:resourceType="granite/ui/components/foundation/layouts/tabs"
            type="nav"/>
        <items jcr:primaryType="nt:unstructured">
            <modal
                jcr:primaryType="nt:unstructured"
                jcr:title="Configuration"
                sling:resourceType="granite/ui/components/foundation/container">
                <layout
                    jcr:primaryType="nt:unstructured"
                    sling:resourceType="granite/ui/components/foundation/layouts/fixedcolumns"/>
                <items jcr:primaryType="nt:unstructured">
                    <columns
                        jcr:primaryType="nt:unstructured"
                        sling:resourceType="granite/ui/components/foundation/container">
                        <items jcr:primaryType="nt:unstructured">
                            <id
                                jcr:primaryType="nt:unstructured"
                                sling:resourceType="granite/ui/components/foundation/form/textfield"
                                fieldLabel="Enter Modal Window ID"
                                name="./modalId"/>
                            <windowOptions
                                jcr:primaryType="nt:unstructured"
                                sling:resourceType="granite/ui/components/foundation/form/select"
                                class="cq-dialog-dropdown-showhide"
                                cq-dialog-dropdown-showhide-target=".list-option-listfrom-showhide-target"
                                fieldLabel="Select window type"
                                name="./window">
                                <items jcr:primaryType="nt:unstructured">
                                    <iframe
                                        jcr:primaryType="nt:unstructured"
                                        text="Iframe"
                                        value="iframe"/>
                                    <image
                                        jcr:primaryType="nt:unstructured"
                                        text="Image"
                                        value="image"/>
                                    <htmlcontent
                                        jcr:primaryType="nt:unstructured"
                                        text="HTML Content"
                                        value="htmlcontent"/>
                                </items>
                            </windowOptions>
                            <iframe
                                jcr:primaryType="nt:unstructured"
                                sling:resourceType="granite/ui/components/foundation/container"
                                class="hide list-option-listfrom-showhide-target foundation-layout-util-vmargin"
                                showhidetargetvalue="iframe">
                                <items jcr:primaryType="nt:unstructured">
                                    <well
                                        jcr:primaryType="nt:unstructured"
                                        sling:resourceType="granite/ui/components/foundation/container">
                                        <layout
                                            jcr:primaryType="nt:unstructured"
                                            sling:resourceType="granite/ui/components/foundation/layouts/well"/>
                                        <items jcr:primaryType="nt:unstructured">
                                            <src
                                                jcr:primaryType="nt:unstructured"
                                                sling:resourceType="granite/ui/components/foundation/form/pathbrowser"
                                                fieldLabel="Enter URL "
                                                name="./iframeUrl"/>
                                        </items>
                                    </well>
                                </items>
                            </iframe>
                            <image
                                jcr:primaryType="nt:unstructured"
                                sling:resourceType="granite/ui/components/foundation/container"
                                class="hide list-option-listfrom-showhide-target foundation-layout-util-vmargin"
                                showhidetargetvalue="image">
                                <items jcr:primaryType="nt:unstructured">
                                    <well
                                        jcr:primaryType="nt:unstructured"
                                        sling:resourceType="granite/ui/components/foundation/container">
                                        <layout
                                            jcr:primaryType="nt:unstructured"
                                            sling:resourceType="granite/ui/components/foundation/layouts/well"/>
                                        <items jcr:primaryType="nt:unstructured">
                                            <path
                                                jcr:primaryType="nt:unstructured"
                                                sling:resourceType="granite/ui/components/foundation/form/pathbrowser"
                                                fieldDescription="Select image from DAM"
                                                fieldLabel="Select image"
                                                name="./imagePath"
                                                rootPath="/content/dam"/>
                                        </items>
                                    </well>
                                </items>
                            </image>
                            <htmlcontent
                                jcr:primaryType="nt:unstructured"
                                sling:resourceType="granite/ui/components/foundation/container"
                                class="hide list-option-listfrom-showhide-target foundation-layout-util-vmargin"
                                showhidetargetvalue="htmlcontent">
                                <items jcr:primaryType="nt:unstructured">
                                    <well
                                        jcr:primaryType="nt:unstructured"
                                        sling:resourceType="granite/ui/components/foundation/container">
                                        <layout
                                            jcr:primaryType="nt:unstructured"
                                            sling:resourceType="granite/ui/components/foundation/layouts/well"/>
                                        <items jcr:primaryType="nt:unstructured">
                                            <html
                                                jcr:primaryType="nt:unstructured"
                                                sling:resourceType="granite/ui/components/foundation/form/textarea"
                                                fieldLabel="Enter HTML content"
                                                name="./htmlContent"/>
                                        </items>
                                    </well>
                                </items>
                            </htmlcontent>
                            <padding
                                jcr:primaryType="nt:unstructured"
                                sling:resourceType="granite/ui/components/foundation/form/select"
                                fieldLabel="Choose padding"
                                name="./padding">
                                <items jcr:primaryType="nt:unstructured">
                                    <padding1
                                        jcr:primaryType="nt:unstructured"
                                        text="Padding 15"
                                        value="padding1"/>
                                    <padding2
                                        jcr:primaryType="nt:unstructured"
                                        text="Padding 30"
                                        value="padding2"/>
                                    <padding3
                                        jcr:primaryType="nt:unstructured"
                                        text="Padding 45"
                                        value="padding3"/>
                                </items>
                            </padding>
                            <windowsize
                                jcr:primaryType="nt:unstructured"
                                sling:resourceType="granite/ui/components/foundation/form/textfield"
                                fieldLabel="Desktop Window Size"
                                name="./windowSize"
                                value="1200px"/>
                        </items>
                    </columns>
                </items>
            </modal>
        </items>
    </content>
</jcr:root>
