<?xml version="1.0" encoding="UTF-8"?>
<jcr:root xmlns:sling="http://sling.apache.org/jcr/sling/1.0" xmlns:cq="http://www.day.com/jcr/cq/1.0" xmlns:jcr="http://www.jcp.org/jcr/1.0" xmlns:nt="http://www.jcp.org/jcr/nt/1.0"
    jcr:primaryType="nt:unstructured"
    jcr:title="Article Detail Component"
    sling:resourceType="cq/gui/components/authoring/dialog">
    <content
        jcr:primaryType="nt:unstructured"
        sling:resourceType="granite/ui/components/foundation/container"
        class="cq-dialog-content-page">
        <layout
            jcr:primaryType="nt:unstructured"
            jcr:title="Article Detail Component"
            sling:resourceType="granite/ui/components/foundation/layouts/tabs"
            type="nav"/>
        <items jcr:primaryType="nt:unstructured">
            <article
                jcr:primaryType="nt:unstructured"
                jcr:title="Article Detail Component"
                sling:resourceType="granite/ui/components/foundation/section">
                <layout
                    jcr:primaryType="nt:unstructured"
                    sling:resourceType="granite/ui/components/foundation/layouts/fixedcolumns"/>
                <items jcr:primaryType="nt:unstructured">
                    <columns
                        jcr:primaryType="nt:unstructured"
                        sling:resourceType="granite/ui/components/foundation/container">
                        <items jcr:primaryType="nt:unstructured">
                            <fieldset
                                jcr:primaryType="nt:unstructured"
                                sling:resourceType="granite/ui/components/foundation/form/fieldset">
                                <layout
                                    jcr:primaryType="nt:unstructured"
                                    sling:resourceType="granite/ui/components/foundation/layouts/fixedcolumns"/>
                                <items jcr:primaryType="nt:unstructured">
                                    <columns
                                        jcr:primaryType="nt:unstructured"
                                        sling:resourceType="granite/ui/components/foundation/container">
                                        <items jcr:primaryType="nt:unstructured">
                                            <options
                                                jcr:primaryType="nt:unstructured"
                                                sling:resourceType="granite/ui/components/foundation/form/select"
                                                class="cq-dialog-dropdown-showhide"
                                                cq-dialog-dropdown-showhide-target=".text-image-hide-show"
                                                fieldLabel="Options"
                                                name="./buttonType">
                                                <items jcr:primaryType="nt:unstructured">
                                                    <articlebutton
                                                        jcr:primaryType="nt:unstructured"
                                                        text="Article"
                                                        value="article"/>
                                                    <contestbutton
                                                        jcr:primaryType="nt:unstructured"
                                                        text="Contest"
                                                        value="contest"/>
                                                </items>
                                            </options>
                                            <articleid
                                                jcr:primaryType="nt:unstructured"
                                                sling:resourceType="granite/ui/components/foundation/container"
                                                class="hide text-image-hide-show"
                                                showhidetargetvalue="article">
                                                <items jcr:primaryType="nt:unstructured">
                                                    <articleId
                                                        jcr:primaryType="nt:unstructured"
                                                        sling:resourceType="granite/ui/components/foundation/form/textfield"
                                                        fieldLabel="Article Id"
                                                        id="articleId"
                                                        name="./articleid"/>
                                                </items>
                                            </articleid>
                                            <artcletype
                                                jcr:primaryType="nt:unstructured"
                                                sling:resourceType="granite/ui/components/foundation/container"
                                                class="hide text-image-hide-show"
                                                showhidetargetvalue="article">
                                                <items jcr:primaryType="nt:unstructured">
                                                    <articletype
                                                        jcr:primaryType="nt:unstructured"
                                                        sling:resourceType="granite/ui/components/foundation/form/select"
                                                        class="cq-dialog-dropdown-showhide hide text-image-hide-show"
                                                        cq-dialog-dropdown-showhide-target=".tag-label-hide-show"
                                                        fieldDescription="Article Type"
                                                        fieldLabel="Article Type"
                                                        id="articletype"
                                                        name="./articletype"
                                                        showhidetargetvalue="article">
                                                        <items jcr:primaryType="nt:unstructured">
                                                            <text
                                                                jcr:primaryType="nt:unstructured"
                                                                text="Text Article"
                                                                value="textarticle"/>
                                                            <video
                                                                jcr:primaryType="nt:unstructured"
                                                                text="Video Article"
                                                                value="videoarticle"/>
                                                            <infographic
                                                                jcr:primaryType="nt:unstructured"
                                                                text="Infographic Article"
                                                                value="infographic"/>
                                                        </items>
                                                    </articletype>
                                                </items>
                                            </artcletype>
                                            <textarticlecontainer
                                                jcr:primaryType="nt:unstructured"
                                                sling:resourceType="granite/ui/components/foundation/container"
                                                class="hide tag-label-hide-show"
                                                id="textarticlecontainer"
                                                showhidetargetvalue="textarticle">
                                                <items jcr:primaryType="nt:unstructured">
                                                    <heading
                                                        jcr:primaryType="nt:unstructured"
                                                        sling:resourceType="granite/ui/components/foundation/heading"
                                                        class="coral-Heading coral-Heading--4"
                                                        level="{Long}3"
                                                        text="Options for Text Article"/>
                                                    <well
                                                        jcr:primaryType="nt:unstructured"
                                                        sling:resourceType="granite/ui/components/foundation/container">
                                                        <layout
                                                            jcr:primaryType="nt:unstructured"
                                                            sling:resourceType="granite/ui/components/foundation/layouts/well"/>
                                                        <items jcr:primaryType="nt:unstructured">
                                                            <file
                                                                jcr:primaryType="nt:unstructured"
                                                                sling:resourceType="granite/ui/components/foundation/form/fileupload"
                                                                allowUpload="{Boolean}false"
                                                                autoStart="{Boolean}false"
                                                                class="cq-droptarget"
                                                                fieldLabel="Image"
                                                                fileReferenceParameter="./bannerimage"
                                                                mimeTypes="[image]"
                                                                multiple="{Boolean}false"
                                                                title="Upload Image Asset"
                                                                uploadUrl="${suffix.path}"
                                                                useHTML5="{Boolean}true"/>
                                                        </items>
                                                    </well>
                                                </items>
                                            </textarticlecontainer>
                                            <videoarticlecontainer
                                                jcr:primaryType="nt:unstructured"
                                                sling:resourceType="granite/ui/components/foundation/container"
                                                class="hide tag-label-hide-show"
                                                id="videoarticlecontainer"
                                                showhidetargetvalue="videoarticle">
                                                <items jcr:primaryType="nt:unstructured">
                                                    <heading
                                                        jcr:primaryType="nt:unstructured"
                                                        sling:resourceType="granite/ui/components/foundation/heading"
                                                        class="coral-Heading coral-Heading--4"
                                                        level="{Long}4"
                                                        text="Options for Video Article"/>
                                                    <well
                                                        jcr:primaryType="nt:unstructured"
                                                        sling:resourceType="granite/ui/components/foundation/container">
                                                        <layout
                                                            jcr:primaryType="nt:unstructured"
                                                            sling:resourceType="granite/ui/components/foundation/layouts/well"/>
                                                        <items jcr:primaryType="nt:unstructured">
                                                            <videoid
                                                                jcr:primaryType="nt:unstructured"
                                                                sling:resourceType="granite/ui/components/foundation/form/textfield"
                                                                fieldLabel="Youtube Video ID"
                                                                name="./videoid"/>
                                                            <file
                                                                jcr:primaryType="nt:unstructured"
                                                                sling:resourceType="granite/ui/components/foundation/form/fileupload"
                                                                autoStart="{Boolean}false"
                                                                class="cq-droptarget"
                                                                fieldLabel="Video Thumbnail image"
                                                                fileReferenceParameter="./videothumbnail"
                                                                mimeTypes="[image]"
                                                                multiple="{Boolean}false"
                                                                title="Upload Image Asset"
                                                                uploadUrl="${suffix.path}"
                                                                useHTML5="{Boolean}true"/>
                                                            <transcriptlabel
                                                                jcr:primaryType="nt:unstructured"
                                                                sling:resourceType="granite/ui/components/foundation/form/textfield"
                                                                fieldLabel="Transcript Label"
                                                                name="./transcriptlabel"/>
                                                            <transcriptlink
                                                                jcr:primaryType="nt:unstructured"
                                                                sling:resourceType="granite/ui/components/foundation/form/pathbrowser"
                                                                fieldLabel="Transcript Link"
                                                                name="./transcriptlink"
                                                                rootPath="/content/dam/retirement-redefined"/>
                                                        </items>
                                                    </well>
                                                </items>
                                            </videoarticlecontainer>
                                            <infographicarticlecontainer
                                                jcr:primaryType="nt:unstructured"
                                                sling:resourceType="granite/ui/components/foundation/container"
                                                class="hide tag-label-hide-show"
                                                id="infographicarticlecontainer"
                                                showhidetargetvalue="infographic">
                                                <items jcr:primaryType="nt:unstructured">
                                                    <heading
                                                        jcr:primaryType="nt:unstructured"
                                                        sling:resourceType="granite/ui/components/foundation/heading"
                                                        class="coral-Heading coral-Heading--4"
                                                        level="{Long}4"
                                                        text="Options for Infographic Article"/>
                                                    <well
                                                        jcr:primaryType="nt:unstructured"
                                                        sling:resourceType="granite/ui/components/foundation/container">
                                                        <layout
                                                            jcr:primaryType="nt:unstructured"
                                                            sling:resourceType="granite/ui/components/foundation/layouts/well"/>
                                                        <items jcr:primaryType="nt:unstructured">
                                                            <file
                                                                jcr:primaryType="nt:unstructured"
                                                                sling:resourceType="granite/ui/components/foundation/form/fileupload"
                                                                autoStart="{Boolean}false"
                                                                class="cq-droptarget"
                                                                fieldLabel="Infographic image"
                                                                fileReferenceParameter="./infographicimage"
                                                                mimeTypes="[image]"
                                                                multiple="{Boolean}false"
                                                                title="Upload Image Asset"
                                                                uploadUrl="${suffix.path}"
                                                                useHTML5="{Boolean}true"/>
                                                            <transcripturl
                                                                jcr:primaryType="nt:unstructured"
                                                                sling:resourceType="granite/ui/components/foundation/form/pathbrowser"
                                                                fieldLabel="Transcript URL"
                                                                name="./transcripturl"
                                                                rootPath="/content/dam/retirement-redefined"/>
                                                            <ctalabel
                                                                jcr:primaryType="nt:unstructured"
                                                                sling:resourceType="granite/ui/components/foundation/form/textfield"
                                                                fieldLabel="Enlarge CTA Label"
                                                                name="./enlargelabel"/>
                                                        </items>
                                                    </well>
                                                </items>
                                            </infographicarticlecontainer>
                                            <title
                                                jcr:primaryType="nt:unstructured"
                                                sling:resourceType="granite/ui/components/foundation/form/textfield"
                                                fieldLabel="Title"
                                                id="title"
                                                name="./articletitle"/>
                                            <tags
                                                cq:showOnCreate="{Boolean}true"
                                                jcr:primaryType="nt:unstructured"
                                                sling:resourceType="cq/gui/components/common/tagspicker"
                                                allowBulkEdit="{Boolean}true"
                                                allowCreate="{Boolean}true"
                                                cq-msm-lockable="cq:tags"
                                                fieldLabel="Tags"
                                                id="tags"
                                                name="./cq:tags"/>
                                            <tagfilterpageurl
                                                jcr:primaryType="nt:unstructured"
                                                sling:resourceType="granite/ui/components/foundation/container"
                                                class="hide text-image-hide-show"
                                                showhidetargetvalue="article">
                                                <items jcr:primaryType="nt:unstructured">
                                                    <tagfilterpageurl
                                                        jcr:primaryType="nt:unstructured"
                                                        sling:resourceType="granite/ui/components/foundation/form/pathbrowser"
                                                        class="hide text-image-hide-show"
                                                        fieldLabel="Tag Filter Page"
                                                        id="tagfilterpageurl"
                                                        name="./tagfilterpage"
                                                        rootPath="/content/retirement-redefined"
                                                        showhidetargetvalue="article"/>
                                                </items>
                                            </tagfilterpageurl>
                                            <companyname
                                                jcr:primaryType="nt:unstructured"
                                                sling:resourceType="granite/ui/components/foundation/container"
                                                class="hide text-image-hide-show"
                                                showhidetargetvalue="article">
                                                <items jcr:primaryType="nt:unstructured">
                                                    <companyname
                                                        jcr:primaryType="nt:unstructured"
                                                        sling:resourceType="granite/ui/components/foundation/form/textfield"
                                                        class="hide text-image-hide-show"
                                                        fieldDescription="Article provider name"
                                                        fieldLabel="Article provider text"
                                                        id="companyname"
                                                        name="./providercompanytext"
                                                        showhidetargetvalue="article"/>
                                                </items>
                                            </companyname>
                                            <articleintabformat
                                                jcr:primaryType="nt:unstructured"
                                                sling:resourceType="granite/ui/components/foundation/container"
                                                class="hide text-image-hide-show"
                                                showhidetargetvalue="article">
                                                <items jcr:primaryType="nt:unstructured">
                                                    <articleintabformat
                                                        jcr:primaryType="nt:unstructured"
                                                        sling:resourceType="granite/ui/components/foundation/form/checkbox"
                                                        class="hide text-image-hide-show"
                                                        fieldDescription="Select the checkbox if you want to display article in Tabular Format"
                                                        id="articleintabformat"
                                                        name="./articleintabformat"
                                                        showhidetargetvalue="article"
                                                        text="Article in Tabular Format ?"
                                                        value="{Boolean}true"/>
                                                </items>
                                            </articleintabformat>
                                            <text
                                                jcr:primaryType="nt:unstructured"
                                                sling:resourceType="cq/gui/components/authoring/dialog/richtext"
                                                fieldLabel="Content"
                                                id="text"
                                                name="./articlesubtitle"
                                                UseFixedInlineToolbar="{Boolean}false">
                                                <rtePlugins jcr:primaryType="nt:unstructured">
                                                    <subsuperscript
                                                        jcr:primaryType="nt:unstructured"
                                                        features="*"/>
                                                    <paraformat
                                                        jcr:primaryType="nt:unstructured"
                                                        features="*">
                                                        <format jcr:primaryType="nt:unstructured">
                                                            <p
                                                                jcr:primaryType="nt:unstructured"
                                                                description="This is my Paragraph"
                                                                tag="p"/>
                                                            <h1
                                                                jcr:primaryType="nt:unstructured"
                                                                description="Header 1"
                                                                tag="h1"/>
                                                            <h2
                                                                jcr:primaryType="nt:unstructured"
                                                                description="Header 2"
                                                                tag="h2"/>
                                                            <h3
                                                                jcr:primaryType="nt:unstructured"
                                                                description="Header 3"
                                                                tag="h3"/>
                                                        </format>
                                                    </paraformat>
                                                    <misctools
                                                        jcr:primaryType="nt:unstructured"
                                                        features="*">
                                                        <specialCharsConfig jcr:primaryType="nt:unstructured">
                                                            <chars jcr:primaryType="nt:unstructured">
                                                                <copyright
                                                                    jcr:primaryType="nt:unstructured"
                                                                    entity="&amp;#169;"/>
                                                                <trademark
                                                                    jcr:primaryType="nt:unstructured"
                                                                    entity="&amp;#8482;"/>
                                                                <registered
                                                                    jcr:primaryType="nt:unstructured"
                                                                    entity="&amp;#174;"/>
                                                                <emDash
                                                                    jcr:primaryType="nt:unstructured"
                                                                    entity="&amp;#8212;"/>
                                                                <pound
                                                                    jcr:primaryType="nt:unstructured"
                                                                    entity="&amp;#163;"/>
                                                                <nbsp
                                                                    jcr:primaryType="nt:unstructured"
                                                                    entity="&amp;#160;"/>
                                                            </chars>
                                                        </specialCharsConfig>
                                                    </misctools>
                                                    <links jcr:primaryType="nt:unstructured">
                                                        <linkDialogConfig
                                                            jcr:primaryType="nt:unstructured"
                                                            height="{Long}316">
                                                            <linkAttributes jcr:primaryType="cq:WidgetCollection">
                                                                <linkAdvanced/>
                                                            </linkAttributes>
                                                        </linkDialogConfig>
                                                    </links>
                                                    <edit
                                                        jcr:primaryType="nt:unstructured"
                                                        defaultPasteMode="plaintext"
                                                        stripHtmlTags="{Boolean}true"/>
                                                    <spellcheck
                                                        jcr:primaryType="nt:unstructured"
                                                        features="*"/>
                                                    <findreplace
                                                        jcr:primaryType="nt:unstructured"
                                                        features="*"/>
                                                    <styles
                                                        jcr:primaryType="nt:unstructured"
                                                        features="*">
                                                        <styles jcr:primaryType="cq:WidgetCollection">
                                                            <plainSpan
                                                                jcr:primaryType="nt:unstructured"
                                                                cssName="defaultSpan"
                                                                text="Default (add span tag)"/>
                                                            <lead
                                                                jcr:primaryType="nt:unstructured"
                                                                cssName="lead"
                                                                text="Lead"/>
                                                        </styles>
                                                    </styles>
                                                </rtePlugins>
                                                <uiSettings jcr:primaryType="nt:unstructured">
                                                    <cui jcr:primaryType="nt:unstructured">
                                                        <inline
                                                            jcr:primaryType="nt:unstructured"
                                                            toolbar="[format#bold,format#italic,format#underline,#paraformat,table#table,table#removetable,table#insertrow,table#removerow,table#insertcolumn,table#removecolumn,table#mergecells,table#splitcell,table#selectrow,table#selectcolumn,misctools#specialchars,misctools#sourceedit,image#imageProps,#justify,#lists,links#modifylink,links#unlink]">
                                                            <popovers jcr:primaryType="nt:unstructured">
                                                                <justify
                                                                    jcr:primaryType="nt:unstructured"
                                                                    items="[justify#justifyleft,justify#justifycenter,justify#justifyright]"
                                                                    ref="justify"/>
                                                                <lists
                                                                    jcr:primaryType="nt:unstructured"
                                                                    items="[lists#unordered,lists#ordered,lists#outdent,lists#indent]"
                                                                    ref="lists"/>
                                                                <paraformat
                                                                    jcr:primaryType="nt:unstructured"
                                                                    items="paraformat:getFormats:paraformat-pulldown"
                                                                    ref="paraformat"/>
                                                                <table
                                                                    jcr:primaryType="nt:unstructured"
                                                                    items="[table#table,table#removetable,table#insertrow,table#removerow,table#insertcolumn,table#removecolumn,table#cellprops,table#mergecells,table#splitcell,table#selectrow,table#selectcolumn]"
                                                                    ref="table"/>
                                                                <misctools
                                                                    jcr:primaryType="nt:unstructured"
                                                                    items="[misctools#specialchars,misctools#sourceedit]"
                                                                    ref="misctools"/>
                                                            </popovers>
                                                        </inline>
                                                    </cui>
                                                </uiSettings>
                                            </text>
                                            <featured
                                                jcr:primaryType="nt:unstructured"
                                                sling:resourceType="granite/ui/components/foundation/container"
                                                class="hide text-image-hide-show"
                                                showhidetargetvalue="article">
                                                <items jcr:primaryType="nt:unstructured">
                                                    <featured
                                                        jcr:primaryType="nt:unstructured"
                                                        sling:resourceType="granite/ui/components/foundation/form/radiogroup"
                                                        class="hide text-image-hide-show"
                                                        id="featured"
                                                        showhidetargetvalue="article"
                                                        text="Featured Article">
                                                        <items jcr:primaryType="nt:unstructured">
                                                            <yes
                                                                jcr:primaryType="nt:unstructured"
                                                                sling:resourceType="granite/ui/components/foundation/form/radio"
                                                                name="./articlefeatured"
                                                                text="Yes"
                                                                value="Yes"/>
                                                            <no
                                                                jcr:primaryType="nt:unstructured"
                                                                sling:resourceType="granite/ui/components/foundation/form/radio"
                                                                name="./articlefeatured"
                                                                text="No"
                                                                value="No"/>
                                                        </items>
                                                    </featured>
                                                </items>
                                            </featured>
                                            <logoupload
                                                jcr:primaryType="nt:unstructured"
                                                sling:resourceType="granite/ui/components/foundation/container"
                                                class="hide text-image-hide-show"
                                                showhidetargetvalue="article">
                                                <items jcr:primaryType="nt:unstructured">
                                                    <logoupload
                                                        jcr:primaryType="nt:unstructured"
                                                        sling:resourceType="granite/ui/components/foundation/form/fileupload"
                                                        autoStart="{Boolean}false"
                                                        class="cq-droptarget"
                                                        fieldLabel="Logo Image"
                                                        fileNameParameter="./logoName"
                                                        fileReferenceParameter="./logoReference"
                                                        id="logoupload"
                                                        mimeTypes="[image]"
                                                        multiple="{Boolean}false"
                                                        name="./articleimage"
                                                        showhidetargetvalue="article"
                                                        title="Upload Image Asset"
                                                        uploadUrl="${suffix.path}"
                                                        useHTML5="{Boolean}true"/>
                                                </items>
                                            </logoupload>
                                            <analyticsdata
                                                jcr:primaryType="nt:unstructured"
                                                sling:resourceType="granite/ui/components/foundation/form/textfield"
                                                fieldDescription="Enter Analytics Data"
                                                fieldLabel="Analytics Data"
                                                id="analyticsdata"
                                                name="./analyticsdata"/>
                                            <logoalttext
                                                jcr:primaryType="nt:unstructured"
                                                sling:resourceType="granite/ui/components/foundation/container">
                                                <items jcr:primaryType="nt:unstructured">
                                                    <logoalttext
                                                        jcr:primaryType="nt:unstructured"
                                                        sling:resourceType="granite/ui/components/foundation/form/textfield"
                                                        fieldDescription="Logo Alt Text"
                                                        fieldLabel="Logo Alt Text"
                                                        name="./logoalttext"/>
                                                </items>
                                            </logoalttext>
                                            <button1label
                                                jcr:primaryType="nt:unstructured"
                                                sling:resourceType="granite/ui/components/foundation/container"
                                                class="hide text-image-hide-show"
                                                showhidetargetvalue="contest">
                                                <items jcr:primaryType="nt:unstructured">
                                                    <button1label
                                                        jcr:primaryType="nt:unstructured"
                                                        sling:resourceType="granite/ui/components/foundation/form/textfield"
                                                        class="hide text-image-hide-show"
                                                        fieldLabel="CTA Label 1"
                                                        id="buttononelabel"
                                                        name="./ctalabel1"
                                                        showhidetargetvalue="contest"/>
                                                </items>
                                            </button1label>
                                            <button1cta
                                                jcr:primaryType="nt:unstructured"
                                                sling:resourceType="granite/ui/components/foundation/container"
                                                class="hide text-image-hide-show"
                                                showhidetargetvalue="contest">
                                                <items jcr:primaryType="nt:unstructured">
                                                    <button1cta
                                                        jcr:primaryType="nt:unstructured"
                                                        sling:resourceType="granite/ui/components/foundation/form/pathbrowser"
                                                        class="hide text-image-hide-show"
                                                        fieldLabel="CTA Link 1"
                                                        id="buttononecta"
                                                        name="./ctalink1"
                                                        rootPath="/content/retirement-redefined"
                                                        showhidetargetvalue="contest"/>
                                                </items>
                                            </button1cta>
                                            <button2label
                                                jcr:primaryType="nt:unstructured"
                                                sling:resourceType="granite/ui/components/foundation/container"
                                                class="hide text-image-hide-show"
                                                showhidetargetvalue="contest">
                                                <items jcr:primaryType="nt:unstructured">
                                                    <button2label
                                                        jcr:primaryType="nt:unstructured"
                                                        sling:resourceType="granite/ui/components/foundation/form/textfield"
                                                        class="hide text-image-hide-show"
                                                        fieldLabel="CTA Label 2"
                                                        id="buttontwolabel"
                                                        name="./ctalabel2"
                                                        showhidetargetvalue="contest"/>
                                                </items>
                                            </button2label>
                                            <button2cta
                                                jcr:primaryType="nt:unstructured"
                                                sling:resourceType="granite/ui/components/foundation/container"
                                                class="hide text-image-hide-show"
                                                showhidetargetvalue="contest">
                                                <items jcr:primaryType="nt:unstructured">
                                                    <button2cta
                                                        jcr:primaryType="nt:unstructured"
                                                        sling:resourceType="granite/ui/components/foundation/form/pathbrowser"
                                                        class="hide text-image-hide-show"
                                                        fieldLabel="CTA Link 2"
                                                        id="buttontwocta"
                                                        name="./ctalink2"
                                                        rootPath="/content/retirement-redefined/en_CA/get-inspired"
                                                        showhidetargetvalue="contest"/>
                                                </items>
                                            </button2cta>
                                            <viewmoretext
                                                jcr:primaryType="nt:unstructured"
                                                sling:resourceType="granite/ui/components/foundation/container"
                                                class="hide text-image-hide-show"
                                                showhidetargetvalue="contest">
                                                <items jcr:primaryType="nt:unstructured">
                                                    <viewmoretext
                                                        jcr:primaryType="nt:unstructured"
                                                        sling:resourceType="granite/ui/components/foundation/form/textfield"
                                                        class="hide text-image-hide-show"
                                                        fieldLabel="View More Text"
                                                        id="buttontwocta"
                                                        name="./viewmoretext"
                                                        showhidetargetvalue="contest"/>
                                                </items>
                                            </viewmoretext>
                                            <viewlesstext
                                                jcr:primaryType="nt:unstructured"
                                                sling:resourceType="granite/ui/components/foundation/container"
                                                class="hide text-image-hide-show"
                                                showhidetargetvalue="contest">
                                                <items jcr:primaryType="nt:unstructured">
                                                    <viewlesstext
                                                        jcr:primaryType="nt:unstructured"
                                                        sling:resourceType="granite/ui/components/foundation/form/textfield"
                                                        class="hide text-image-hide-show"
                                                        fieldLabel="View Less Text"
                                                        name="./viewlesstext"
                                                        showhidetargetvalue="contest"/>
                                                </items>
                                            </viewlesstext>
                                            <contentmoretext
                                                jcr:primaryType="nt:unstructured"
                                                sling:resourceType="granite/ui/components/foundation/container"
                                                class="hide text-image-hide-show"
                                                showhidetargetvalue="contest">
                                                <items jcr:primaryType="nt:unstructured">
                                                    <contentmoretext
                                                        jcr:primaryType="nt:unstructured"
                                                        sling:resourceType="cq/gui/components/authoring/dialog/richtext"
                                                        fieldLabel="Content More Text"
                                                        name="./contentmoretext"
                                                        UseFixedInlineToolbar="{Boolean}true">
                                                        <rtePlugins jcr:primaryType="nt:unstructured">
                                                            <subsuperscript
                                                                jcr:primaryType="nt:unstructured"
                                                                features="*"/>
                                                            <paraformat
                                                                jcr:primaryType="nt:unstructured"
                                                                features="*">
                                                                <format jcr:primaryType="nt:unstructured">
                                                                    <p
                                                                        jcr:primaryType="nt:unstructured"
                                                                        description="This is my Paragraph"
                                                                        tag="p"/>
                                                                    <h1
                                                                        jcr:primaryType="nt:unstructured"
                                                                        description="Header 1"
                                                                        tag="h1"/>
                                                                    <h2
                                                                        jcr:primaryType="nt:unstructured"
                                                                        description="Header 2"
                                                                        tag="h2"/>
                                                                    <h3
                                                                        jcr:primaryType="nt:unstructured"
                                                                        description="Header 3"
                                                                        tag="h3"/>
                                                                </format>
                                                            </paraformat>
                                                            <misctools
                                                                jcr:primaryType="nt:unstructured"
                                                                features="*">
                                                                <specialCharsConfig jcr:primaryType="nt:unstructured">
                                                                    <chars jcr:primaryType="nt:unstructured">
                                                                        <copyright
                                                                            jcr:primaryType="nt:unstructured"
                                                                            entity="&amp;#169;"/>
                                                                        <trademark
                                                                            jcr:primaryType="nt:unstructured"
                                                                            entity="&amp;#8482;"/>
                                                                        <registered
                                                                            jcr:primaryType="nt:unstructured"
                                                                            entity="&amp;#174;"/>
                                                                        <emDash
                                                                            jcr:primaryType="nt:unstructured"
                                                                            entity="&amp;#8212;"/>
                                                                        <pound
                                                                            jcr:primaryType="nt:unstructured"
                                                                            entity="&amp;#163;"/>
                                                                        <nbsp
                                                                            jcr:primaryType="nt:unstructured"
                                                                            entity="&amp;#160;"/>
                                                                    </chars>
                                                                </specialCharsConfig>
                                                            </misctools>
                                                            <links jcr:primaryType="nt:unstructured">
                                                                <linkDialogConfig
                                                                    jcr:primaryType="nt:unstructured"
                                                                    height="{Long}316">
                                                                    <linkAttributes jcr:primaryType="cq:WidgetCollection">
                                                                        <linkAdvanced/>
                                                                    </linkAttributes>
                                                                </linkDialogConfig>
                                                            </links>
                                                            <edit
                                                                jcr:primaryType="nt:unstructured"
                                                                defaultPasteMode="plaintext"
                                                                stripHtmlTags="{Boolean}true"/>
                                                            <spellcheck
                                                                jcr:primaryType="nt:unstructured"
                                                                features="*"/>
                                                            <findreplace
                                                                jcr:primaryType="nt:unstructured"
                                                                features="*"/>
                                                            <styles
                                                                jcr:primaryType="nt:unstructured"
                                                                features="*">
                                                                <styles jcr:primaryType="cq:WidgetCollection">
                                                                    <plainSpan
                                                                        jcr:primaryType="nt:unstructured"
                                                                        cssName="defaultSpan"
                                                                        text="Default (add span tag)"/>
                                                                    <lead
                                                                        jcr:primaryType="nt:unstructured"
                                                                        cssName="lead"
                                                                        text="Lead"/>
                                                                </styles>
                                                            </styles>
                                                        </rtePlugins>
                                                        <uiSettings jcr:primaryType="nt:unstructured">
                                                            <cui jcr:primaryType="nt:unstructured">
                                                                <inline
                                                                    jcr:primaryType="nt:unstructured"
                                                                    toolbar="[format#bold,format#italic,format#underline,#paraformat,table#table,table#removetable,table#insertrow,table#removerow,table#insertcolumn,table#removecolumn,table#mergecells,table#splitcell,table#selectrow,table#selectcolumn,misctools#specialchars,misctools#sourceedit,image#imageProps,#justify,#lists,links#modifylink,links#unlink]">
                                                                    <popovers jcr:primaryType="nt:unstructured">
                                                                        <justify
                                                                            jcr:primaryType="nt:unstructured"
                                                                            items="[justify#justifyleft,justify#justifycenter,justify#justifyright]"
                                                                            ref="justify"/>
                                                                        <lists
                                                                            jcr:primaryType="nt:unstructured"
                                                                            items="[lists#unordered,lists#ordered,lists#outdent,lists#indent]"
                                                                            ref="lists"/>
                                                                        <paraformat
                                                                            jcr:primaryType="nt:unstructured"
                                                                            items="paraformat:getFormats:paraformat-pulldown"
                                                                            ref="paraformat"/>
                                                                        <table
                                                                            jcr:primaryType="nt:unstructured"
                                                                            items="[table#table,table#removetable,table#insertrow,table#removerow,table#insertcolumn,table#removecolumn,table#cellprops,table#mergecells,table#splitcell,table#selectrow,table#selectcolumn]"
                                                                            ref="table"/>
                                                                        <misctools
                                                                            jcr:primaryType="nt:unstructured"
                                                                            items="[misctools#specialchars,misctools#sourceedit]"
                                                                            ref="misctools"/>
                                                                    </popovers>
                                                                </inline>
                                                            </cui>
                                                        </uiSettings>
                                                    </contentmoretext>
                                                </items>
                                            </contentmoretext>
                                        </items>
                                    </columns>
                                </items>
                            </fieldset>
                        </items>
                    </columns>
                </items>
            </article>
        </items>
    </content>
</jcr:root>
