<?xml version="1.0" encoding="UTF-8"?>
<jcr:root xmlns:cq="http://www.day.com/jcr/cq/1.0" xmlns:jcr="http://www.jcp.org/jcr/1.0" xmlns:nt="http://www.jcp.org/jcr/nt/1.0"
    jcr:primaryType="cq:Dialog"
    title="Header Component"
    width="700"
    xtype="dialog">
    <items
        jcr:primaryType="nt:unstructured"
        xtype="tabpanel">
        <items jcr:primaryType="cq:WidgetCollection">
            <timeConfig
                jcr:primaryType="cq:Panel"
                title="Configurations">
                <items jcr:primaryType="cq:WidgetCollection">
                    <timings
                        jcr:primaryType="cq:Widget"
                        baseName="timings_"
                        fieldDescription="Click on the + button to add Fields ( maximum field limit's - 10 )"
                        fieldLabel="Timings"
                        name="./timings"
                        prefix="./"
                        width="500"
                        xtype="mtmulticompositefield">
                        <fieldConfigs jcr:primaryType="cq:WidgetCollection">
                            <starttime
                                jcr:primaryType="cq:Widget"
                                allowBlank="{Boolean}true"
                                fieldLabel="Start Time"
                                hiddenFormat="Y-m-d H:i:s"
                                maxLength="64"
                                name="starttime"
                                typeHint="datetime"
                                valueAsString="{Boolean}false"
                                width="300"
                                xtype="datetime"/>
                            <endtime
                                jcr:primaryType="cq:Widget"
                                allowBlank="{Boolean}true"
                                fieldLabel="End Time"
                                hiddenFormat="Y-m-d H:i:s"
                                name="endtime"
                                typeHint="datetime"
                                valueAsString="{Boolean}false"
                                width="300"
                                xtype="datetime"/>
                        </fieldConfigs>
                    </timings>
                </items>
            </timeConfig>
            <message
                jcr:primaryType="cq:Panel"
                title="Message">
                <items jcr:primaryType="cq:WidgetCollection">
                    <alertmessage
                        jcr:primaryType="cq:Widget"
                        defaultValue="Site Under Maintenance"
                        fieldDescription="Enter Alert message"
                        fieldLabel="Alert Message"
                        name="./message"
                        xtype="textfield"/>
                </items>
            </message>
        </items>
    </items>
</jcr:root>
