<?xml version="1.0" encoding="UTF-8"?>
<jcr:root xmlns:cq="http://www.day.com/jcr/cq/1.0" xmlns:jcr="http://www.jcp.org/jcr/1.0"
    jcr:primaryType="cq:WidgetCollection">
    <title/>
    <description/>
    <tags/>
    <creator/>
    <contributor/>
    <language/>
    <copyright/>
    <owner/>
    <terms/>
    <expires/>
    <onTime/>
    <offTime/>
    <restrictions/>
    <tool/>
    <width/>
    <height/>
    <authorfundmanager1name/>
    <authorfundmanager1title/>
    <authorfundmanager1company/>
    <category/>
    <reviewduration/>
    <consumerapproved/>
</jcr:root>
