<?xml version="1.0" encoding="UTF-8"?>
<jcr:root xmlns:sling="http://sling.apache.org/jcr/sling/1.0" xmlns:cq="http://www.day.com/jcr/cq/1.0" xmlns:jcr="http://www.jcp.org/jcr/1.0" xmlns:nt="http://www.jcp.org/jcr/nt/1.0"
    jcr:primaryType="nt:unstructured"
    jcr:title="Image Text Component"
    sling:resourceType="cq/gui/components/authoring/dialog"
    width="700">
    <content
        jcr:primaryType="nt:unstructured"
        sling:resourceType="granite/ui/components/coral/foundation/container">
        <items jcr:primaryType="nt:unstructured">
            <tabs
                jcr:primaryType="nt:unstructured"
                sling:resourceType="granite/ui/components/coral/foundation/tabs"
                maximized="{Boolean}true">
                <items jcr:primaryType="nt:unstructured">
                    <linkConfig
                        jcr:primaryType="nt:unstructured"
                        jcr:title="Image Text Configurations"
                        sling:resourceType="granite/ui/components/coral/foundation/container"
                        margin="{Boolean}true">
                        <items jcr:primaryType="nt:unstructured">
                            <columns
                                jcr:primaryType="nt:unstructured"
                                sling:resourceType="granite/ui/components/coral/foundation/fixedcolumns">
                                <items jcr:primaryType="nt:unstructured">
                                    <column
                                        jcr:primaryType="nt:unstructured"
                                        sling:resourceType="granite/ui/components/coral/foundation/container">
                                        <items jcr:primaryType="nt:unstructured">
                                            <links
                                                jcr:primaryType="nt:unstructured"
                                                sling:resourceType="granite/ui/components/coral/foundation/form/multifield"
                                                baseName="imagetext"
                                                composite="{Boolean}true"
                                                fieldDescription="Click on the + button to add Fields ( maximum field limit's - 10 )"
                                                fieldLabel="Image text configuration"
                                                width="500">
                                                <field
                                                    jcr:primaryType="nt:unstructured"
                                                    sling:resourceType="granite/ui/components/coral/foundation/container"
                                                    name="./links">
                                                    <items jcr:primaryType="nt:unstructured">
                                                        <column
                                                            jcr:primaryType="nt:unstructured"
                                                            sling:resourceType="granite/ui/components/coral/foundation/container">
                                                            <items jcr:primaryType="nt:unstructured">
                                                                <componentAlignment
                                                                    jcr:primaryType="nt:unstructured"
                                                                    sling:resourceType="granite/ui/components/coral/foundation/form/select"
                                                                    fieldLabel="Select the component alignment/name"
                                                                    name="./componentAlignment"
                                                                    required="true">
                                                                    <items jcr:primaryType="nt:unstructured">
                                                                        <horizontal
                                                                            jcr:primaryType="nt:unstructured"
                                                                            text="Horizontal- Partner Page Component"
                                                                            value="horizontal"/>
                                                                        <vertical
                                                                            jcr:primaryType="nt:unstructured"
                                                                            text="Vertical- Image And Text Component"
                                                                            value="vertical"/>
                                                                    </items>
                                                                </componentAlignment>
                                                                <image
                                                                    jcr:primaryType="nt:unstructured"
                                                                    sling:resourceType="granite/ui/components/coral/foundation/form/pathbrowser"
                                                                    fieldLabel="Image Path"
                                                                    maxlength="{Long}64"
                                                                    name="./image"
                                                                    required="{Boolean}true"
                                                                    rootPath="/content/dam/igpinfo"/>
                                                                <alttext
                                                                    jcr:primaryType="nt:unstructured"
                                                                    sling:resourceType="granite/ui/components/coral/foundation/form/textfield"
                                                                    fieldLabel="Image Alt Text"
                                                                    name="./alttext"
                                                                    required="{Boolean}true"/>
                                                                <title
                                                                    jcr:primaryType="nt:unstructured"
                                                                    sling:resourceType="granite/ui/components/coral/foundation/form/textfield"
                                                                    fieldLabel="Title"
                                                                    name="./title"
                                                                    required="true"
                                                                    width="300"/>
                                                                <description
                                                                    jcr:primaryType="nt:unstructured"
                                                                    sling:resourceType="/libs/cq/gui/components/authoring/dialog/richtext"
                                                                    fieldLabel="Description"
                                                                    name="./description"
                                                                    required="true"
                                                                    useFixedInlineToolbar="{Boolean}true">
                                                                    <rtePlugins jcr:primaryType="nt:unstructured">
                                                                        <undo
                                                                            jcr:primaryType="nt:unstructured"
                                                                            features="*"
                                                                            maxUndoSteps="{Long}50"/>
                                                                        <format
                                                                            jcr:primaryType="nt:unstructured"
                                                                            features="*"/>
                                                                        <justify
                                                                            jcr:primaryType="nt:unstructured"
                                                                            features="*"/>
                                                                        <lists
                                                                            jcr:primaryType="nt:unstructured"
                                                                            features="*"/>
                                                                        <paraformat
                                                                            jcr:primaryType="nt:unstructured"
                                                                            features="*"/>
                                                                        <links
                                                                            jcr:primaryType="nt:unstructured"
                                                                            features="*"/>
                                                                        <image
                                                                            jcr:primaryType="nt:unstructured"
                                                                            features="*"/>
                                                                        <findreplace
                                                                            jcr:primaryType="nt:unstructured"
                                                                            features="*"/>
                                                                        <subsuperscript
                                                                            jcr:primaryType="nt:unstructured"
                                                                            features="*"/>
                                                                        <spellcheck
                                                                            jcr:primaryType="nt:unstructured"
                                                                            features="*"/>
                                                                        <misctools
                                                                            jcr:primaryType="nt:unstructured"
                                                                            features="*">
                                                                            <specialCharsConfig jcr:primaryType="nt:unstructured">
                                                                                <chars jcr:primaryType="nt:unstructured">
                                                                                    <copyright
                                                                                        jcr:primaryType="nt:unstructured"
                                                                                        entity="&amp;#169;"/>
                                                                                    <trademark
                                                                                        jcr:primaryType="nt:unstructured"
                                                                                        entity="&amp;#8482;"/>
                                                                                    <registered
                                                                                        jcr:primaryType="nt:unstructured"
                                                                                        entity="&amp;#174;"/>
                                                                                    <emDash
                                                                                        jcr:primaryType="nt:unstructured"
                                                                                        entity="&amp;#8212;"/>
                                                                                    <pound
                                                                                        jcr:primaryType="nt:unstructured"
                                                                                        entity="&amp;#163;"/>
                                                                                    <nbsp
                                                                                        jcr:primaryType="nt:unstructured"
                                                                                        entity="&amp;#160;"/>
                                                                                </chars>
                                                                            </specialCharsConfig>
                                                                        </misctools>
                                                                        <styles
                                                                            jcr:primaryType="nt:unstructured"
                                                                            features="*">
                                                                            <styles jcr:primaryType="nt:unstructured">
                                                                                <blueText
                                                                                    jcr:primaryType="nt:unstructured"
                                                                                    cssName="blueText"
                                                                                    text="blueText"/>
                                                                                <redText
                                                                                    jcr:primaryType="nt:unstructured"
                                                                                    cssName="redText"
                                                                                    text="redText"/>
                                                                                <blackText
                                                                                    jcr:primaryType="nt:unstructured"
                                                                                    cssName="blackText"
                                                                                    text="blackText"/>
                                                                                <notunderline
                                                                                    jcr:primaryType="nt:unstructured"
                                                                                    cssName="notunderline"
                                                                                    text="notunderline"/>
                                                                            </styles>
                                                                        </styles>
                                                                        <table
                                                                            jcr:primaryType="nt:unstructured"
                                                                            features="*"/>
                                                                    </rtePlugins>
                                                                    <uiSettings jcr:primaryType="nt:unstructured">
                                                                        <cui jcr:primaryType="nt:unstructured">
                                                                            <inline
                                                                                jcr:primaryType="nt:unstructured"
                                                                                toolbar="[undo#undo,undo#redo,format#bold,format#italic,format#underline,#justify,#lists,subsuperscript#subscript,subsuperscript#superscript,links#modifylink,links#unlink,links#anchor,#image,findreplace#find,findreplace#replace,spellcheck#checktext,misctools#specialchars,misctools#sourceedit,#styles,#paraformat,table#table]">
                                                                                <popovers jcr:primaryType="nt:unstructured">
                                                                                    <justify
                                                                                        jcr:primaryType="nt:unstructured"
                                                                                        items="[justify#justifyleft,justify#justifycenter,justify#justifyright]"
                                                                                        ref="justify"/>
                                                                                    <lists
                                                                                        jcr:primaryType="nt:unstructured"
                                                                                        items="[lists#unordered,lists#ordered,lists#outdent,lists#indent]"
                                                                                        ref="lists"/>
                                                                                    <paraformat
                                                                                        jcr:primaryType="nt:unstructured"
                                                                                        items="paraformat:getFormats:paraformat-pulldown"
                                                                                        ref="paraformat"/>
                                                                                    <styles
                                                                                        jcr:primaryType="nt:unstructured"
                                                                                        items="styles:getStyles:styles-pulldown"
                                                                                        ref="styles"/>
                                                                                </popovers>
                                                                            </inline>
                                                                            <dialogFullScreen
                                                                                jcr:primaryType="nt:unstructured"
                                                                                toolbar="[undo#undo,undo#redo,format#bold,format#italic,format#underline,#justify,#lists,subsuperscript#subscript,subsuperscript#superscript,links#modifylink,links#unlink,links#anchor,#image,findreplace#find,findreplace#replace,spellcheck#checktext,misctools#specialchars,misctools#sourceedit,#styles,#paraformat,table#table]">
                                                                                <popovers jcr:primaryType="nt:unstructured">
                                                                                    <justify
                                                                                        jcr:primaryType="nt:unstructured"
                                                                                        items="[justify#justifyleft,justify#justifycenter,justify#justifyright]"
                                                                                        ref="justify"/>
                                                                                    <lists
                                                                                        jcr:primaryType="nt:unstructured"
                                                                                        items="[lists#unordered,lists#ordered,lists#outdent,lists#indent]"
                                                                                        ref="lists"/>
                                                                                    <paraformat
                                                                                        jcr:primaryType="nt:unstructured"
                                                                                        items="paraformat:getFormats:paraformat-pulldown"
                                                                                        ref="paraformat"/>
                                                                                    <styles
                                                                                        jcr:primaryType="nt:unstructured"
                                                                                        items="styles:getStyles:styles-pulldown"
                                                                                        ref="styles"/>
                                                                                </popovers>
                                                                            </dialogFullScreen>
                                                                        </cui>
                                                                    </uiSettings>
                                                                </description>
                                                            </items>
                                                        </column>
                                                    </items>
                                                </field>
                                            </links>
                                        </items>
                                    </column>
                                </items>
                            </columns>
                        </items>
                    </linkConfig>
                </items>
            </tabs>
        </items>
    </content>
</jcr:root>
