<?xml version="1.0" encoding="UTF-8"?>
<jcr:root xmlns:sling="http://sling.apache.org/jcr/sling/1.0" xmlns:cq="http://www.day.com/jcr/cq/1.0" xmlns:jcr="http://www.jcp.org/jcr/1.0" xmlns:nt="http://www.jcp.org/jcr/nt/1.0"
    jcr:primaryType="nt:unstructured"
    jcr:title="Sales Flyer"
    sling:resourceType="cq/gui/components/authoring/dialog"
    width="800">
    <content
        jcr:primaryType="nt:unstructured"
        sling:resourceType="granite/ui/components/foundation/container">
        <layout
            jcr:primaryType="nt:unstructured"
            sling:resourceType="granite/ui/components/foundation/layouts/tabs"
            type="nav"/>
        <items jcr:primaryType="nt:unstructured">
            <dropdown
                jcr:primaryType="nt:unstructured"
                jcr:title="Dropdown Section"
                sling:resourceType="granite/ui/components/foundation/container">
                <layout
                    jcr:primaryType="nt:unstructured"
                    sling:resourceType="granite/ui/components/foundation/layouts/fixedcolumns"/>
                <items jcr:primaryType="nt:unstructured">
                    <columns
                        jcr:primaryType="nt:unstructured"
                        sling:resourceType="granite/ui/components/foundation/container">
                        <items jcr:primaryType="nt:unstructured">
                            <heading
                                jcr:primaryType="nt:unstructured"
                                sling:resourceType="granite/ui/components/foundation/form/textfield"
                                fieldLabel="Enter heading"
                                name="./heading"/>
                            <link
                                jcr:primaryType="nt:unstructured"
                                jcr:title="Link Configuration"
                                sling:resourceType="granite/ui/components/foundation/form/fieldset"
                                collapsed="{Boolean}false"
                                collapsible="{Boolean}true"
                                width="800">
                                <items jcr:primaryType="nt:unstructured">
                                    <multifield
                                        jcr:primaryType="nt:unstructured"
                                        sling:resourceType="granite/ui/components/foundation/form/multifield"
                                        baseName="set_"
                                        fieldLabel="Enter Heading and Text">
                                        <field
                                            jcr:primaryType="nt:unstructured"
                                            sling:resourceType="granite/ui/components/foundation/form/fieldset"
                                            acs-commons-nested="NODE_STORE"
                                            baseName="set_"
                                            name="./multi">
                                            <layout
                                                jcr:primaryType="nt:unstructured"
                                                sling:resouceType="granite/ui/components/foundation/layouts/fixedcolumns"
                                                method="absolute"/>
                                            <items jcr:primaryType="nt:unstructured">
                                                <column
                                                    jcr:primaryType="nt:unstructured"
                                                    sling:resourceType="granite/ui/components/foundation/container">
                                                    <items jcr:primaryType="nt:unstructured">
                                                        <title
                                                            jcr:primaryType="nt:unstructured"
                                                            sling:resourceType="granite/ui/components/foundation/form/textfield"
                                                            fieldLabel="Title"
                                                            key="title"
                                                            name="./title"/>
                                                        <link
                                                            jcr:primaryType="nt:unstructured"
                                                            sling:resourceType="granite/ui/components/foundation/form/pathbrowser"
                                                            fieldLabel="Link"
                                                            key="link"
                                                            name="./link"/>
                                                    </items>
                                                </column>
                                            </items>
                                        </field>
                                    </multifield>
                                </items>
                            </link>
                        </items>
                    </columns>
                </items>
            </dropdown>
            <prospectus
                jcr:primaryType="nt:unstructured"
                jcr:title="Prospectus and Supplements"
                sling:resourceType="granite/ui/components/foundation/container">
                <layout
                    jcr:primaryType="nt:unstructured"
                    sling:resourceType="granite/ui/components/foundation/layouts/fixedcolumns"/>
                <items jcr:primaryType="nt:unstructured">
                    <columns
                        jcr:primaryType="nt:unstructured"
                        sling:resourceType="granite/ui/components/foundation/container">
                        <items jcr:primaryType="nt:unstructured">
                            <heading
                                jcr:primaryType="nt:unstructured"
                                sling:resourceType="granite/ui/components/foundation/form/textfield"
                                fieldLabel="Enter Label"
                                name="./label"
                                required="true"/>
                            <product
                                jcr:primaryType="nt:unstructured"
                                sling:resourceType="granite/ui/components/foundation/form/select"
                                fieldLabel="Product"
                                name="./product"
                                optionsRoot="hits"
                                optionsTextField="title"
                                optionsValueField="path">
                                <datasource
                                    jcr:primaryType="nt:unstructured"
                                    sling:resourceType="/apps/JHINS/components/content/datasources/product"/>
                            </product>
                        </items>
                    </columns>
                </items>
            </prospectus>
            <fundperformance
                jcr:primaryType="nt:unstructured"
                jcr:title="Fund Performance"
                sling:resourceType="granite/ui/components/foundation/container">
                <layout
                    jcr:primaryType="nt:unstructured"
                    sling:resourceType="granite/ui/components/foundation/layouts/fixedcolumns"/>
                <items jcr:primaryType="nt:unstructured">
                    <columns
                        jcr:primaryType="nt:unstructured"
                        sling:resourceType="granite/ui/components/foundation/container">
                        <items jcr:primaryType="nt:unstructured">
                            <label
                                jcr:primaryType="nt:unstructured"
                                sling:resourceType="granite/ui/components/foundation/form/textfield"
                                fieldDescription="Provide Fund performance label"
                                fieldLabel="Label"
                                name="./fundPerformanceLabel"/>
                            <link
                                jcr:primaryType="nt:unstructured"
                                sling:resourceType="granite/ui/components/foundation/form/pathbrowser"
                                fieldDescription="Provide Link for above label"
                                fieldLabel="Link"
                                name="./fundPerformanceLink"/>
                        </items>
                    </columns>
                </items>
            </fundperformance>
            <productrates
                jcr:primaryType="nt:unstructured"
                jcr:title="Product Rates"
                sling:resourceType="granite/ui/components/foundation/container">
                <layout
                    jcr:primaryType="nt:unstructured"
                    sling:resourceType="granite/ui/components/foundation/layouts/fixedcolumns"/>
                <items jcr:primaryType="nt:unstructured">
                    <columns
                        jcr:primaryType="nt:unstructured"
                        sling:resourceType="granite/ui/components/foundation/container">
                        <items jcr:primaryType="nt:unstructured">
                            <labellink
                                jcr:primaryType="nt:unstructured"
                                sling:resourceType="granite/ui/components/foundation/form/multifield"
                                baseName="rate_"
                                fieldLabel="Click on the + button to add Fields">
                                <field
                                    jcr:primaryType="nt:unstructured"
                                    sling:resourceType="granite/ui/components/foundation/form/fieldset"
                                    acs-commons-nested="NODE_STORE"
                                    name="./links">
                                    <layout
                                        jcr:primaryType="nt:unstructured"
                                        sling:resouceType="granite/ui/components/foundation/layouts/fixedcolumns"
                                        method="absolute"/>
                                    <items jcr:primaryType="nt:unstructured">
                                        <column
                                            jcr:primaryType="nt:unstructured"
                                            sling:resourceType="granite/ui/components/foundation/container">
                                            <items jcr:primaryType="nt:unstructured">
                                                <title
                                                    jcr:primaryType="nt:unstructured"
                                                    sling:resourceType="granite/ui/components/foundation/form/textfield"
                                                    fieldLabel="Title"
                                                    name="./title"/>
                                                <link
                                                    jcr:primaryType="nt:unstructured"
                                                    sling:resourceType="granite/ui/components/foundation/form/pathbrowser"
                                                    fieldLabel="Link"
                                                    name="./link"/>
                                            </items>
                                        </column>
                                    </items>
                                </field>
                            </labellink>
                        </items>
                    </columns>
                </items>
            </productrates>
        </items>
    </content>
</jcr:root>
