<?xml version="1.0" encoding="UTF-8"?>
<jcr:root xmlns:cq="http://www.day.com/jcr/cq/1.0" xmlns:jcr="http://www.jcp.org/jcr/1.0" xmlns:nt="http://www.jcp.org/jcr/nt/1.0"
    jcr:primaryType="cq:Dialog"
    title="Dialog"
    xtype="dialog">
    <items
        jcr:primaryType="cq:Widget"
        xtype="tabpanel">
        <items jcr:primaryType="cq:WidgetCollection">
            <tab1
                jcr:primaryType="cq:Panel"
                title="Configuration">
                <items jcr:primaryType="cq:WidgetCollection">
                    <domain
                        jcr:primaryType="cq:Widget"
                        allowBlank="{Boolean}false"
                        fieldLabel="Select domain"
                        name="./domain"
                        type="select"
                        xtype="selection">
                        <options jcr:primaryType="cq:WidgetCollection">
                            <life
                                jcr:primaryType="nt:unstructured"
                                text="LIFE"
                                value="LIFE"/>
                            <ltc
                                jcr:primaryType="nt:unstructured"
                                text="LTC"
                                value="LTC"/>
                        </options>
                    </domain>
                    <title
                        jcr:primaryType="cq:Widget"
                        fieldLabel="Enter title"
                        name="./title"
                        xtype="textfield"/>
                    <basic
                        jcr:primaryType="cq:Widget"
                        path="/apps/JHINS/components/content/strsearchresult/tab_basic.infinity.json"
                        xtype="cqinclude"/>
                </items>
            </tab1>
        </items>
    </items>
</jcr:root>
