<?xml version="1.0" encoding="UTF-8"?>
<jcr:root xmlns:sling="http://sling.apache.org/jcr/sling/1.0" xmlns:cq="http://www.day.com/jcr/cq/1.0" xmlns:jcr="http://www.jcp.org/jcr/1.0" xmlns:nt="http://www.jcp.org/jcr/nt/1.0"
    extraClientlibs="[cq.jhas.dialog]"
    jcr:primaryType="nt:unstructured"
    jcr:title="Link List"
    sling:resourceType="cq/gui/components/authoring/dialog"
    helpPath="en/cq/current/wcm/default_components.html#Carousel">
    <content
        jcr:primaryType="nt:unstructured"
        sling:resourceType="granite/ui/components/foundation/container">
        <layout
            jcr:primaryType="nt:unstructured"
            sling:resourceType="granite/ui/components/foundation/layouts/tabs"
            type="nav"/>
        <items jcr:primaryType="nt:unstructured">
            <linklist
                jcr:primaryType="nt:unstructured"
                jcr:title="Link List Properties"
                sling:resourceType="granite/ui/components/foundation/section">
                <layout
                    jcr:primaryType="nt:unstructured"
                    sling:resourceType="granite/ui/components/foundation/layouts/fixedcolumns"/>
                <items jcr:primaryType="nt:unstructured">
                    <column
                        jcr:primaryType="nt:unstructured"
                        sling:resourceType="granite/ui/components/foundation/container">
                        <items jcr:primaryType="nt:unstructured">
                            <layout
                                jcr:primaryType="nt:unstructured"
                                sling:resourceType="granite/ui/components/foundation/form/select"
                                class="cq-dialog-dropdown-showhide"
                                cq-dialog-dropdown-showhide-target=".list-option-listfrom-showhide-target"
                                fieldLabel="Select Orientation"
                                name="./layout">
                                <items jcr:primaryType="nt:unstructured">
                                    <horizontal
                                        jcr:primaryType="nt:unstructured"
                                        text="Horizontal"
                                        value="horizontal"/>
                                    <vertical
                                        jcr:primaryType="nt:unstructured"
                                        text="Vertical"
                                        value="vertical"/>
                                </items>
                            </layout>
                            <alignment
                                jcr:primaryType="nt:unstructured"
                                sling:resourceType="granite/ui/components/foundation/form/select"
                                fieldLabel="Select Alignment"
                                name="./alignment">
                                <items jcr:primaryType="nt:unstructured">
                                    <left
                                        jcr:primaryType="nt:unstructured"
                                        text="Left"
                                        value="left"/>
                                    <right
                                        jcr:primaryType="nt:unstructured"
                                        text="Right"
                                        value="right"/>
                                    <center
                                        jcr:primaryType="nt:unstructured"
                                        text="Center"
                                        value="center"/>
                                </items>
                            </alignment>
                            <copyright
                                jcr:primaryType="nt:unstructured"
                                sling:resourceType="granite/ui/components/foundation/form/checkbox"
                                name="./copyright"
                                fieldDescription="Add current year copyright as first list item"
                                text="Enable Copyright"
                                value="yes"/>
                            <horizontal
                                jcr:primaryType="nt:unstructured"
                                sling:resourceType="granite/ui/components/foundation/container"
                                class="hide list-option-listfrom-showhide-target foundation-layout-util-vmargin"
                                showhidetargetvalue="horizontal"/>
                            <vertical
                                jcr:primaryType="nt:unstructured"
                                sling:resourceType="granite/ui/components/foundation/container"
                                class="hide list-option-listfrom-showhide-target foundation-layout-util-vmargin"
                                showhidetargetvalue="vertical">
                                <items jcr:primaryType="nt:unstructured">
                                    <well
                                        jcr:primaryType="nt:unstructured"
                                        sling:resourceType="granite/ui/components/foundation/container">
                                        <layout
                                            jcr:primaryType="nt:unstructured"
                                            sling:resourceType="granite/ui/components/foundation/layouts/well"/>
                                        <items jcr:primaryType="nt:unstructured">
                                            <title
                                                jcr:primaryType="nt:unstructured"
                                                sling:resourceType="granite/ui/components/foundation/form/textfield"
                                                fieldLabel="Title"
                                                name="./title"/>
                                            <path
                                                jcr:primaryType="nt:unstructured"
                                                sling:resourceType="granite/ui/components/foundation/form/pathbrowser"
                                                fieldDescription="please enter a valid path starts with 'https://' or '/content'"
                                                fieldLabel="Enter Path"
                                                name="./linkpath"/>
                                        </items>
                                    </well>
                                </items>
                            </vertical>
                            <fieldset
                                jcr:primaryType="nt:unstructured"
                                jcr:title="LinkList"
                                sling:resourceType="granite/ui/components/foundation/form/fieldset">
                                <layout
                                    jcr:primaryType="nt:unstructured"
                                    sling:resourceType="granite/ui/components/foundation/layouts/fixedcolumns"/>
                                <items jcr:primaryType="nt:unstructured">
                                    <column
                                        jcr:primaryType="nt:unstructured"
                                        sling:resourceType="granite/ui/components/foundation/container">
                                        <items jcr:primaryType="nt:unstructured">
                                            <pages
                                                jcr:primaryType="nt:unstructured"
                                                sling:resourceType="granite/ui/components/foundation/form/multifield"
                                                class="full-width"
                                                fieldDescription="Click 'Add field' to add a new page"
                                                image-nested="">
                                                <field
                                                    jcr:primaryType="nt:unstructured"
                                                    sling:resourceType="granite/ui/components/foundation/form/fieldset"
                                                    acs-commons-nested="NODE_STORE"
                                                    name="./properties">
                                                    <layout
                                                        jcr:primaryType="nt:unstructured"
                                                        sling:resourceType="granite/ui/components/foundation/layouts/fixedcolumns"
                                                        method="absolute"/>
                                                    <items jcr:primaryType="nt:unstructured">
                                                        <column
                                                            jcr:primaryType="nt:unstructured"
                                                            sling:resourceType="granite/ui/components/foundation/container">
                                                            <items jcr:primaryType="nt:unstructured">
                                                                <text
                                                                    jcr:primaryType="nt:unstructured"
                                                                    sling:resourceType="granite/ui/components/foundation/form/textfield"
                                                                    fieldLabel="Label"
                                                                    name="./urlLabel"/>
                                                                <path
                                                                    jcr:primaryType="nt:unstructured"
                                                                    sling:resourceType="/libs/granite/ui/components/foundation/form/pathbrowser"
                                                                    fieldDescription="please enter a valid path starts with 'https://' or '/content'"
                                                                    fieldLabel="URL"
                                                                    name="./urlLink"/>
                                                                <underline
                                                                    jcr:primaryType="nt:unstructured"
                                                                    sling:resourceType="granite/ui/components/foundation/form/checkbox"
                                                                    name="./underlinelink"
                                                                    text="Underline Link"
                                                                    value="yes"/>
                                                                <openoptions
                                                                    jcr:primaryType="nt:unstructured"
                                                                    sling:resourceType="granite/ui/components/foundation/form/select"
                                                                    fieldLabel="select to open"
                                                                    name="./options">
                                                                    <items jcr:primaryType="nt:unstructured">
                                                                        <samewindow
                                                                            jcr:primaryType="nt:unstructured"
                                                                            text="Same Window"
                                                                            value="samewindow"/>
                                                                        <newwindow
                                                                            jcr:primaryType="nt:unstructured"
                                                                            text="New Window"
                                                                            value="newwindow"/>
                                                                    </items>
                                                                </openoptions>
                                                                <modalid
                                                                    jcr:primaryType="nt:unstructured"
                                                                    sling:resourceType="granite/ui/components/foundation/form/textfield"
                                                                    fieldLabel="Enter Modal ID"
                                                                    name="./modalId"/>
                                                            </items>
                                                        </column>
                                                    </items>
                                                </field>
                                            </pages>
                                        </items>
                                    </column>
                                </items>
                            </fieldset>
                        </items>
                    </column>
                </items>
            </linklist>
        </items>
    </content>
</jcr:root>
