<?xml version="1.0" encoding="UTF-8"?>
<jcr:root xmlns:cq="http://www.day.com/jcr/cq/1.0" xmlns:jcr="http://www.jcp.org/jcr/1.0" xmlns:nt="http://www.jcp.org/jcr/nt/1.0"
    jcr:primaryType="cq:Dialog"
    title="Site Navigation"
    width="600"
    xtype="dialog">
    <items
        jcr:primaryType="cq:Widget"
        xtype="tabpanel">
        <items jcr:primaryType="cq:WidgetCollection">
            <tab1
                jcr:primaryType="cq:Panel"
                title="Tab 1">
                <items jcr:primaryType="cq:WidgetCollection">
                    <choice
                        jcr:primaryType="cq:Widget"
                        allowBlank="{Boolean}false"
                        fieldLabel="Select domain"
                        name="./domain"
                        type="select"
                        xtype="selection">
                        <options jcr:primaryType="cq:WidgetCollection">
                            <sitenavgeneral
                                jcr:primaryType="nt:unstructured"
                                text="SiteNavGeneral"
                                value="SiteNavGeneral"/>
                            <sitenavnews
                                jcr:primaryType="nt:unstructured"
                                text="SiteNavNews"
                                value="SiteNavNews"/>
                        </options>
                    </choice>
                    <LabelLink
                        jcr:primaryType="cq:Widget"
                        baseName="sitenav_"
                        fieldLabel="Label &amp; Link"
                        name="./labelLink"
                        prefix="./"
                        xtype="mtmulticompositefield">
                        <fieldConfigs jcr:primaryType="cq:WidgetCollection">
                            <label
                                jcr:primaryType="cq:Widget"
                                allowBlank="false"
                                fieldLabel="Link Label"
                                name="labelName"
                                xtype="textfield"/>
                            <link
                                jcr:primaryType="cq:Widget"
                                allowBlank="false"
                                fieldLabel="Target URL"
                                name="linkName"
                                xtype="pathfield"/>
                        </fieldConfigs>
                    </LabelLink>
                </items>
            </tab1>
        </items>
    </items>
</jcr:root>
