<?xml version="1.0" encoding="UTF-8"?>
<jcr:root xmlns:sling="http://sling.apache.org/jcr/sling/1.0" xmlns:cq="http://www.day.com/jcr/cq/1.0" xmlns:jcr="http://www.jcp.org/jcr/1.0" xmlns:nt="http://www.jcp.org/jcr/nt/1.0"
    jcr:primaryType="nt:unstructured"
    jcr:title="Column Control"
    sling:resourceType="cq/gui/components/authoring/dialog"
    width="700">
    <content
        jcr:primaryType="nt:unstructured"
        sling:resourceType="granite/ui/components/coral/foundation/container">
        <items jcr:primaryType="nt:unstructured">
            <tabs
                jcr:primaryType="nt:unstructured"
                sling:resourceType="granite/ui/components/coral/foundation/tabs"
                maximized="{Boolean}true">
                <items jcr:primaryType="nt:unstructured">
                    <columncontrol
                        jcr:primaryType="nt:unstructured"
                        jcr:title="Login"
                        sling:resourceType="granite/ui/components/coral/foundation/container"
                        margin="{Boolean}true">
                        <items jcr:primaryType="nt:unstructured">
                            <columns
                                jcr:primaryType="nt:unstructured"
                                sling:resourceType="granite/ui/components/coral/foundation/fixedcolumns">
                                <items jcr:primaryType="nt:unstructured">
                                    <column
                                        jcr:primaryType="nt:unstructured"
                                        sling:resourceType="granite/ui/components/coral/foundation/container">
                                        <items jcr:primaryType="nt:unstructured">
                                            <coldrop
                                                jcr:primaryType="nt:unstructured"
                                                sling:resourceType="granite/ui/components/coral/foundation/form/select"
                                                fieldLabel="Layout Type"
                                                name="./coldrop"
                                                required="true">
                                                <items jcr:primaryType="nt:unstructured">
                                                    <twocolumn_x0028_6_x002c_6_x0029_
                                                        jcr:primaryType="nt:unstructured"
                                                        text="Two Column (6,6)"
                                                        value="twocolumn6and6"/>
                                                    <twocolumn_x0028_3_x002c_9_x0029_
                                                        jcr:primaryType="nt:unstructured"
                                                        text="Two Column (3,9)"
                                                        value="twocolumn3and9"/>
                                                    <twocolumn_x0028_5_x002c_7_x0029_
                                                        jcr:primaryType="nt:unstructured"
                                                        text="Two Column (5,7)"
                                                        value="twocolumn5and7"/>
                                                    <twocolumn_x0028_4_x002c_8_x0029_
                                                        jcr:primaryType="nt:unstructured"
                                                        text="Two Column (4,8)"
                                                        value="twocolumn4and8"/>
                                                    <twocolumn_x0028_8_x002c_4_x0029_
                                                        jcr:primaryType="nt:unstructured"
                                                        text="Two Column (8,4)"
                                                        value="twocolumn8and4"/>
                                                    <threecolumn_x0028_4_x002c_4_x002c_4_x0029_
                                                        jcr:primaryType="nt:unstructured"
                                                        text="Three Column (4,4,4)"
                                                        value="threecolumn4and4and4"/>
                                                    <threecolumn_x0028_3_x002c_3_x002c_6_x0029_
                                                        jcr:primaryType="nt:unstructured"
                                                        text="Three Column (3,3,6)"
                                                        value="threecolumn3and3and6"/>
                                                    <threecolumn_x0028_2_x002c_3_x002c_7_x0029_
                                                        jcr:primaryType="nt:unstructured"
                                                        text="Three Column (2,3,7)"
                                                        value="threecolumn2and3and7"/>
                                                    <fourcolumn_x0028_3_x002c_3_x002c_3_x002c_3_x0029_
                                                        jcr:primaryType="nt:unstructured"
                                                        text="Four Column (3,3,3,3)"
                                                        value="fourcolumn3and3and3and3"/>
                                                </items>
                                            </coldrop>
                                        </items>
                                    </column>
                                </items>
                            </columns>
                        </items>
                    </columncontrol>
                </items>
            </tabs>
        </items>
    </content>
</jcr:root>
