<?xml version="1.0" encoding="UTF-8"?>
<workspaceFilter version="1.0">
    <filter root="/apps/jhmn"/>
    <filter root="/apps/sling" />
    <filter root="/content/cq:tags/MNBD" />
    <filter root="/apps/settings/wcm/designs/jhmn"/>
    <filter root="/apps/settings/notification-templates/email/JHMN"/>
	<filter root="/conf/global/settings/workflow/dialog/JHMN"/>
	<filter root="/conf/global/settings/workflow/models/MNBD"/>
    <filter root="/etc/map.publish/https/manulifebermuda.com"/>
    <filter root="/etc/map.publish/https/manulifebermudahome.com"/> 
</workspaceFilter>
