<?xml version="1.0" encoding="UTF-8"?>
<jcr:root xmlns:cq="http://www.day.com/jcr/cq/1.0" xmlns:jcr="http://www.jcp.org/jcr/1.0"
    jcr:primaryType="cq:Dialog"
    title="Image Link Text"
    width="1000">
    <items
        jcr:primaryType="cq:Widget"
        xtype="tabpanel">
        <items jcr:primaryType="cq:WidgetCollection">
            <image
                jcr:primaryType="cq:Widget"
                allowUpload="{Boolean}false"
                cropParameter="./image/imageCrop"
                ddGroups="[media]"
                fileNameParameter="./image/fileName"
                fileReferenceParameter="./image/fileReference"
                mapParameter="./image/imageMap"
                name="./image/file"
                rotateParameter="./image/imageRotate"
                sizeLimit="100"
                title="Image"
                xtype="html5smartimage"/>
            <tab2
                jcr:primaryType="cq:Panel"
                title="Text Configuration">
                <items jcr:primaryType="cq:WidgetCollection">
                    <title
                        jcr:primaryType="cq:Widget"
                        allowBlank="false"
                        fieldLabel="Title"
                        name="./title"
                        xtype="textfield"/>
                    <link
                        jcr:primaryType="cq:Widget"
                        allowBlank="false"
                        editable="{Boolean}false"
                        fieldDescription="You can select only internal pages"
                        fieldLabel="Title and Image Link"
                        linkPattern="\{0}.html"
                        name="./redirectionlink"
                        xtype="pathfield"/>
                    <description
                        jcr:primaryType="cq:Widget"
                        fieldLabel="Description"
                        name="./description"
                        xtype="textarea"/>
                    <resType
                        jcr:primaryType="cq:Widget"
                        ignoreData="{Boolean}true"
                        name="./image/sling:resourceType"
                        value="foundation/components/image"
                        xtype="hidden"/>
                </items>
            </tab2>
            <tab3
                jcr:primaryType="cq:Panel"
                title="Link Configuration">
                <items jcr:primaryType="cq:WidgetCollection">
                    <link
                        jcr:primaryType="cq:Widget"
                        collapsed="{Boolean}false"
                        collapsible="{Boolean}true"
                        title="Link Configuration"
                        width="800"
                        xtype="dialogfieldset">
                        <items jcr:primaryType="cq:WidgetCollection">
                            <links
                                jcr:primaryType="cq:Widget"
                                baseName="value_"
                                fieldLabel="Configure links"
                                name="./links"
                                width="800"
                                xtype="mtmulticompositefield">
                                <fieldConfigs jcr:primaryType="cq:WidgetCollection">
                                    <linklabel
                                        jcr:primaryType="cq:Widget"
                                        allowBlank="false"
                                        fieldLabel="Label"
                                        name="linklabel"
                                        width="400"
                                        xtype="textfield"/>
                                    <linkpath
                                        jcr:primaryType="cq:Widget"
                                        allowBlank="false"
                                        editable="{Boolean}false"
                                        fieldDescription="You can select only internal pages"
                                        fieldLabel="Link"
                                        linkPattern="\{0}.html"
                                        name="linkpath"
                                        width="400"
                                        xtype="pathfield"/>
                                </fieldConfigs>
                            </links>
                        </items>
                    </link>
                </items>
            </tab3>
        </items>
    </items>
</jcr:root>
